row_index,syndrome,Title,PC1_raw,PC2_raw,PC3_raw,PC1_scaled,PC2_scaled,PC3_scaled
62,寒邪犯胃证,丁香柿蒂汤,0.7889393488283112,0.5704155447417121,-0.29120106287805,0.5749393848616842,0.4766244072417649,-0.2829069424192326
150,寒邪犯胃证,丁附理中汤,0.7826529962468771,0.5311707591051937,-0.4607350821091651,0.5703582067374582,0.4438324841187627,-0.4476122169903078
156,寒邪犯胃证,丁胡三建汤,0.8949648666031251,-0.6850837151074491,0.832973712802894,0.6522054586855147,-0.5724381508079833,0.8092485785443393
437,寒邪犯胃证,丁香散,1.0695214829139366,-0.1989525831050948,-0.0297687878918082,0.7794135561828993,-0.1662396087656087,-0.0289208998029139
528,寒邪犯胃证,丁蔻散,0.6560063671793394,-0.0335048411547602,-0.2198610322400097,0.4780645023873892,-0.0279957746634483,-0.2135988508194624
681,寒邪犯胃证,丁香半夏丸,1.2588163900396276,0.5659179304554454,-0.0641083873757354,0.9173621800180868,0.4728663176122745,-0.0622824232736141
684,寒邪犯胃证,丁香半夏丸,1.0079584830925408,0.4404540786539591,-0.1197887182722279,0.7345495329850199,0.3680319831583818,-0.1163768417868275
738,寒邪犯胃证,丁香曲糵丸,1.1538345920976896,0.3628794776850776,-0.4006380160821937,0.8408567168033897,0.3032126623235128,-0.389226862795439
741,寒邪犯胃证,丁香汤,1.1536840396620656,0.4186602239007439,-0.4682672574571705,0.8407470017475294,0.3498216044283144,-0.4549298575112908
789,寒邪犯胃证,丁香汤,0.91268348962698,0.3386115055132071,-0.0325516198431234,0.6651179014950419,0.2829349753670416,-0.0316244698751936
792,寒邪犯胃证,丁香汤,1.1703583760984135,0.3282265323165148,-0.2879661907276697,0.8528984209256047,0.2742575616118882,-0.2797642073614129
803,寒邪犯胃证,丁香吴茱萸汤,1.154255164689374,0.51648603427293,-0.2258513779049074,0.8411632089913023,0.4315623096236841,-0.2194185767481421
1084,寒邪犯胃证,人参丸,0.5825109664586459,0.3606349018271692,-0.218746774400921,0.424504744538736,0.3013371530607539,-0.212516329776415
1144,寒邪犯胃证,人参丸,0.5825109664586459,0.3606349018271692,-0.218746774400921,0.424504744538736,0.3013371530607539,-0.212516329776415
1438,寒邪犯胃证,人参汤,1.029412266238531,0.3115735766917958,-0.0620728419878642,0.7501839729495499,0.2603427846100638,-0.0603048552106865
1589,寒邪犯胃证,人参丁香散,1.5865119611086866,0.1022570698563901,-0.4266224256716404,1.1561702586519538,0.0854433504764507,-0.4144711726714572
1630,寒邪犯胃证,人参丁香散,1.5865119611086866,0.1022570698563901,-0.4266224256716404,1.1561702586519538,0.0854433504764507,-0.4144711726714572
1632,寒邪犯胃证,人参七味丸,1.0079584830925408,0.4404540786539591,-0.1197887182722279,0.7345495329850199,0.3680319831583818,-0.1163768417868275
1823,寒邪犯胃证,人参汤,0.5825109664586459,0.3606349018271692,-0.218746774400921,0.424504744538736,0.3013371530607539,-0.212516329776415
2420,寒邪犯胃证,人参煮散,1.0162248141619852,-0.0286183465566339,0.0713969529650791,0.7405736200167895,-0.0239127467502159,0.0693633926393296
2768,寒邪犯胃证,三香散,0.6290790531601171,0.3071990638941881,-0.4172299838275964,0.4584412279478757,0.2566875553857701,-0.4053462506066578
2954,寒邪犯胃证,万应丸,1.1926349539010457,-0.2587288004662725,-0.5658096403733485,0.8691324723234594,-0.2161870627394078,-0.5496939941334789
3164,寒邪犯胃证,三圣散,1.4038885234701253,0.4365159331405593,-0.0060253045954556,1.0230834668051825,0.3647413710980006,-0.0058536891431566
3439,寒邪犯胃证,万病紫菀丸,0.4705154970120221,-0.3046794532470119,0.2761342900828724,0.3428880696871562,-0.2545822341997317,0.2682693082654245
3499,寒邪犯胃证,大半夏汤,1.1904461001283348,0.529427472166101,-0.1365473233699598,0.8675373455960328,0.4423758388508402,-0.1326581207098932
3504,寒邪犯胃证,大半夏汤,1.380807443784866,0.3785785196364146,-0.1657615700815286,1.0062631348292268,0.3163303738467984,-0.1610402740254264
3898,寒邪犯胃证,万病丸,1.1926349539010457,-0.2587288004662725,-0.5658096403733485,0.8691324723234594,-0.2161870627394078,-0.5496939941334789
4708,寒邪犯胃证,干姜散,1.0079584830925408,0.4404540786539591,-0.1197887182722279,0.7345495329850199,0.3680319831583818,-0.1163768417868275
4787,寒邪犯胃证,川楝丸,1.043186996812819,-0.4663842787597757,0.0150816487702302,0.760222304964271,-0.3896985845843499,0.014652086424607
4954,寒邪犯胃证,干姜丸,0.1743199576140574,0.744173357543511,0.2247544154789365,0.1270356325217994,0.6218119206146397,0.218352858502429
5097,寒邪犯胃证,已寒丸,0.7552669506694287,-0.2867768376905878,-0.2173332401402552,0.5504006317711743,-0.2396232738307229,-0.2111430564382704
5221,寒邪犯胃证,大腹皮散,0.5268232621953588,0.6349908086059886,0.3875536531465938,0.3839223417456143,0.5305818197728837,0.3765151746064289
5285,寒邪犯胃证,川椒丸,0.7552669506694287,-0.2867768376905878,-0.2173332401402552,0.5504006317711743,-0.2396232738307229,-0.2111430564382704
5468,寒邪犯胃证,干姜散,0.1630603222003279,0.4103036851229656,0.386985395398188,0.1188301755774211,0.3428390977658164,0.3759631022323838
6139,寒邪犯胃证,小和中饮,1.4914593208614275,0.1245198887836174,-0.5780160133612238,1.0869006670231416,0.1040455834845382,-0.5615526996817984
7745,寒邪犯胃证,五香汤,0.8729746182900646,-0.4150722909436125,-0.4857750365911049,0.6361800698430854,-0.3468236208798641,-0.4719389721566136
8703,寒邪犯胃证,升阳散火汤,-0.0413515261935555,0.4050442417745827,0.1124603095739744,-0.0301349160339427,0.3384444435677445,0.1092571641416617
9166,寒邪犯胃证,升麻散火汤,-0.2285523869782699,0.2250788388202174,0.6470711782263825,-0.16655750403768,0.1880700291643123,0.628641004089669
10405,寒邪犯胃证,木香导滞汤,1.4580176124126654,-0.253887769934803,-0.4040120466611498,1.0625300290104605,-0.2121420234189144,-0.3925047927084943
10831,寒邪犯胃证,木萸散,0.8573981100752623,0.222799816170566,0.1131102997631644,0.6248286927510291,0.1861657370574544,0.1098886410161236
10860,寒邪犯胃证,开胃散,0.3598725054032118,-0.3496727860588972,0.0349103621722342,0.2622570127760003,-0.2921774939695311,0.0339160294378145
10900,寒邪犯胃证,木香半夏丹,-0.0914863689776927,1.147228352719007,0.1287077858393371,-0.0666706721896696,0.9585942014137018,0.125041872435078
11114,寒邪犯胃证,加味参术苓附汤,1.0079584830925408,0.4404540786539591,-0.1197887182722279,0.7345495329850199,0.3680319831583818,-0.1163768417868275
11360,寒邪犯胃证,半夏煮散,0.9408102085540846,0.8816580682528765,-0.0122234923955984,0.6856152420094217,0.736690572416334,-0.0118753373533244
11948,寒邪犯胃证,加减理中汤,1.2745244329036662,0.0125307283255567,-0.2756979534913997,0.9288094129581652,0.0104703509845272,-0.2678453996102186
12394,寒邪犯胃证,加味理中汤,0.6290790531601171,0.3071990638941881,-0.4172299838275964,0.4584412279478757,0.2566875553857701,-0.4053462506066578
12513,寒邪犯胃证,加减胃苓汤,1.0551198174069196,0.1746493067573515,-0.3171126465838819,0.7689183454675443,0.1459324225571384,-0.3080805006714112
13389,寒邪犯胃证,半夏二味丸,1.0079584830925408,0.4404540786539591,-0.1197887182722279,0.7345495329850199,0.3680319831583818,-0.1163768417868275
13524,寒邪犯胃证,圣石丹,1.0153462354080551,0.3895093384395811,-0.2742320179459974,0.739933355934275,0.3254638820072141,-0.266421217504444
13762,寒邪犯胃证,加味四君汤,0.518336918155334,0.3862082198521431,-0.549527722892257,0.3777379203077146,0.3227055530933609,-0.5338758255946269
13857,寒邪犯胃证,四味藿叶汤,1.0079584830925408,0.4404540786539591,-0.1197887182722279,0.7345495329850199,0.3680319831583818,-0.1163768417868275
13899,寒邪犯胃证,加味理中汤,1.0079584830925408,0.4404540786539591,-0.1197887182722279,0.7345495329850199,0.3680319831583818,-0.1163768417868275
14198,寒邪犯胃证,火郁汤,-0.1610202051518078,0.4739956255704928,0.2964670724815184,-0.117343440706529,0.3960584282025883,0.2880229631539902
14216,寒邪犯胃证,加味四君子汤,1.0053074836919402,-0.3525861777142314,-0.5503813625943321,0.7326176177282723,-0.2946118483337964,-0.5347051515443842
14353,寒邪犯胃证,加味升阳除湿汤,1.04431136143002,-0.3427059495561932,-0.204432151418267,0.7610416854430542,-0.286356186417411,-0.1986094223637773
14565,寒邪犯胃证,石莲丸,0.5825109664586459,0.3606349018271692,-0.218746774400921,0.424504744538736,0.3013371530607539,-0.212516329776415
14667,寒邪犯胃证,长生丸,1.063868729971596,0.0976728124303354,-0.4972620409950593,0.7752941136626713,0.0816128640907294,-0.483098798502577
14766,寒邪犯胃证,加味平胃散,1.266538743500529,0.2885471859155241,-0.2511001223890717,0.9229898434818108,0.241102530805923,-0.2439481750653392
15727,寒邪犯胃证,加味四逆汤,0.6290790531601171,0.3071990638941881,-0.4172299838275964,0.4584412279478757,0.2566875553857701,-0.4053462506066578
15842,寒邪犯胃证,石莲散,0.9383471501707726,0.8452182799239267,0.1239076378157635,0.6838202887295747,0.7062424321571734,0.1203784443998664
16159,寒邪犯胃证,白豆蔻散,0.8183044998850615,0.7531612881348106,-0.2844756348431823,0.5963392325305986,0.6293220018701358,-0.2763730710693131
17359,寒邪犯胃证,白茅根饮子,0.8053205040016551,0.6706707371984384,-0.2985039175506712,0.5868771482558836,0.5603950409807756,-0.290001793880089
17523,寒邪犯胃证,白芍药汤,0.7300729812791622,-0.5164009387465491,-0.4314026354909942,0.5320405318661863,-0.4314912060130021,-0.4191152303914048
18268,寒邪犯胃证,平胃调中散,0.4397181544738336,0.8619672927828803,0.1173887182440031,0.320444512776758,0.7202374720879281,0.1140451996455505
18548,寒邪犯胃证,白术散,0.4244301814004246,0.2553459995687312,0.167570613195427,0.3093034056084292,0.2133604822097036,0.1627977911546544
18555,寒邪犯胃证,白术汤,0.5825109664586459,0.3606349018271692,-0.218746774400921,0.424504744538736,0.3013371530607539,-0.212516329776415
18775,寒邪犯胃证,白术丸,1.3509132754530946,0.3662578344468225,-0.3317822353975317,0.9844777659321806,0.3060355294488241,-0.322332263617603
18837,寒邪犯胃证,生姜散,0.5825109664586459,0.3606349018271692,-0.218746774400921,0.424504744538736,0.3013371530607539,-0.212516329776415
18877,寒邪犯胃证,甘松粥,1.4661058604102253,0.2234747482811372,-0.3114797635832493,1.0684243380409737,0.186729692791296,-0.3026080559936197
19060,寒邪犯胃证,白术丸,1.3732161692097782,0.3346869146000968,-0.2289729562547055,1.0007309950760266,0.2796556891784533,-0.2224512448906802
19062,寒邪犯胃证,白术丸,1.2137869868184974,0.4781483253600126,0.2827856032885283,0.8845470118722787,0.3995283162410168,0.2747311757582392
19386,寒邪犯胃证,白术八味散,0.9286639980941256,-0.3525641563176638,-0.2022105294147509,0.6767636936861943,-0.2945934478270388,-0.1964510776035824
19615,寒邪犯胃证,生姜汤,0.5825109664586459,0.3606349018271692,-0.218746774400921,0.424504744538736,0.3013371530607539,-0.212516329776415
19981,寒邪犯胃证,生姜饮,1.0079584830925408,0.4404540786539591,-0.1197887182722279,0.7345495329850199,0.3680319831583818,-0.1163768417868275
20634,寒邪犯胃证,肉豆蔻丸,1.0153462354080551,0.3895093384395811,-0.2742320179459974,0.739933355934275,0.3254638820072141,-0.266421217504444
21089,寒邪犯胃证,吴茱萸汤,1.2968992273326605,-0.1191207966004982,-0.1555154844459346,0.9451150397018654,-0.0995342423488613,-0.1510860220378729
22540,寒邪犯胃证,百效丸,-0.0734256327023266,-0.0780828088920057,1.1394418709864162,-0.0535089144199125,-0.0652439661699191,1.1069877719512786
22551,寒邪犯胃证,肉豆蔻散,0.7552669506694287,-0.2867768376905878,-0.2173332401402552,0.5504006317711743,-0.2396232738307229,-0.2111430564382704
22553,寒邪犯胃证,肉豆蔻散,0.7328017112319044,-0.0790179871757343,-0.3487263000634305,0.5340290932464917,-0.0660253768436926,-0.3387937197654834
22764,寒邪犯胃证,安虫丸,0.9286639980941256,-0.3525641563176638,-0.2022105294147509,0.6767636936861943,-0.2945934478270388,-0.1964510776035824
23871,寒邪犯胃证,安胃散,1.154255164689374,0.51648603427293,-0.2258513779049074,0.8411632089913023,0.4315623096236841,-0.2194185767481421
26192,寒邪犯胃证,朴沉汤,0.7552669506694287,-0.2867768376905878,-0.2173332401402552,0.5504006317711743,-0.2396232738307229,-0.2111430564382704
27019,寒邪犯胃证,附子粳米汤,1.0874955098843573,0.5733915891930148,-0.3990587076938814,0.7925121245648775,0.479111112654342,-0.3876925369833742
27144,寒邪犯胃证,陈曲丸,1.5195559094098363,0.0433311531781939,-0.4594026331280481,1.107376050030371,0.0362063856587402,-0.4463177194240839
27943,寒邪犯胃证,阿魏理中丸,1.2261883459799894,-0.1925381089106403,-0.3221124943466064,0.8935844997581931,-0.1608798408054213,-0.3129379405074271
29592,寒邪犯胃证,豆花羮,0.8393783644179136,-0.5419853808321509,0.3643187760899264,0.6116968068855484,-0.452868901021617,0.3539420838332632
29863,寒邪犯胃证,陈橘皮散,1.1873713225159503,-0.1879836820846187,-0.3954451334312556,0.8652966020563979,-0.1570742800939553,-0.3841818861782554
30078,寒邪犯胃证,连理汤,-0.5354296983886127,0.4938673917776616,0.2413037282106301,-0.3901942803149726,0.4126627596880275,0.2344308062193431
30229,寒邪犯胃证,陈粟汤,-0.0093513291309478,0.5070264909614655,-0.3366323762853669,-0.006814779141351,0.4236581610338237,-0.3270442605976915
30248,寒邪犯胃证,乳附丸,1.1305221363339866,-0.5433420620588152,-0.1360476795590889,0.8238677695588336,-0.4540025086019779,-0.1321727079801622
30979,寒邪犯胃证,陈橘皮饮,0.9746795630929276,0.3126385477203442,0.0842316567887624,0.710297527020487,0.2612326467288133,0.0818325326202344
31816,寒邪犯胃证,和胃透肌汤,0.0483416138184898,1.1202370136234494,0.0803650637173391,0.0352289409234068,0.936040939821038,0.0780760696025364
32425,寒邪犯胃证,扶阳助胃汤,1.043186996812819,-0.4663842787597757,0.0150816487702302,0.760222304964271,-0.3896985845843499,0.014652086424607
32449,寒邪犯胃证,和解散,0.5713290446388068,0.6280682265502586,0.1625879795828293,0.4163559213595936,0.5247974900867268,0.1579570751675509
33327,寒邪犯胃证,治中散,1.1337779514730484,-0.0266816487317375,-0.3242030210114514,0.8262404441580351,-0.022294492371795,-0.3149689238457155
33622,寒邪犯胃证,泽漆茱萸汤,0.417018933109292,-0.4518521938079732,-0.5780080223371126,0.303902459971874,-0.3775559520071187,-0.5615449362616525
35943,寒邪犯胃证,养脏汤,0.1743504018812836,-0.1315997369853739,0.5561150781878899,0.1270578187751502,-0.1099613206758376,0.5402755568555565
36232,寒邪犯胃证,芜荑散,0.9286639980941256,-0.3525641563176638,-0.2022105294147509,0.6767636936861943,-0.2945934478270388,-0.1964510776035824
36525,寒邪犯胃证,姜砂二陈汤,1.0997490614734315,0.2195943223988389,-0.3774011417899638,0.801441897713417,0.1834873097548493,-0.366651831672878
36589,寒邪犯胃证,枳实理中汤,0.685155030158664,0.5156888459662714,-0.4068133961704684,0.4993065844153202,0.4308961997891541,-0.39522635291331
37598,寒邪犯胃证,厚朴汤,1.0079584830925408,0.4404540786539591,-0.1197887182722279,0.7345495329850199,0.3680319831583818,-0.1163768417868275
37641,寒邪犯胃证,姜桂丸,-0.0242335630395885,0.6830242150718955,-0.6553022536048339,-0.0176602039785189,0.5707172860932872,-0.6366376382541367
37829,寒邪犯胃证,砂仁益黄散,0.6882654382225892,0.2032087773567693,-0.2419396199780743,0.5015732936390367,0.169795974087365,-0.2350485862296878
39580,寒邪犯胃证,茯苓散,1.0079584830925408,0.4404540786539591,-0.1197887182722279,0.7345495329850199,0.3680319831583818,-0.1163768417868275
40510,寒邪犯胃证,茯苓汤,1.0079584830925408,0.4404540786539591,-0.1197887182722279,0.7345495329850199,0.3680319831583818,-0.1163768417868275
40859,寒邪犯胃证,草豆蔻散,0.5757222310782839,-0.0981816353611114,-0.2007018543029994,0.4195574550552405,-0.0820380233101927,-0.1949853732591297
40869,寒邪犯胃证,草豆蔻散,1.1516274005287814,-0.3781646458036227,-0.1780538429212936,0.8392482264108334,-0.3159845516264088,-0.1729824327871794
41162,寒邪犯胃证,茴香粥,0.7869021661204458,-0.6917404319367484,0.1241582145290433,0.5734547883909282,-0.578000330419301,0.1206218840737975
41404,寒邪犯胃证,草豆蔻汤,1.0217465937813348,-0.1160795838087034,0.2473200183787365,0.744597615755379,-0.0969930839643337,0.2402757376881498
41694,寒邪犯胃证,荜茇粥,1.5869532702045803,-0.1973128280132935,-0.1791985938274624,1.1564918625629563,-0.1648694720190631,-0.1740945783799704
42327,寒邪犯胃证,顺气汤,0.4382756559815988,1.454465186007358,0.1783317528756469,0.3193932923033197,1.2153133159238168,0.1732524271844419
42403,寒邪犯胃证,钩藤膏,0.1940284223152782,-0.0773935550354504,-0.1858767306636944,0.1413981720360428,-0.0646680435572761,-0.1805825055005759
42805,寒邪犯胃证,追虫散,1.213386381934111,-0.2414549726899311,-0.4068268660043136,0.8842550711468684,-0.2017535011007203,-0.3952394390932517
43086,寒邪犯胃证,桂枝汤,1.24644374856875,0.1655974758815827,0.1046289865865931,0.90834562014318,0.1383689478843549,0.1016488964397498
46303,寒邪犯胃证,益黄散,0.4517609880325112,0.2437338176468202,-0.2858848091435179,0.3292207252048753,0.2036576447321231,-0.2777421086294907
47184,寒邪犯胃证,透骨丹,0.1236927808769715,-0.6258940355139251,-0.1628204943693848,0.0901410881012012,-0.5229807925519637,-0.1581829673627288
47342,寒邪犯胃证,益儿丸,1.2595139631759806,-0.101900650511632,-0.5454451174673828,0.9178705362947848,-0.0851455357333379,-0.5299095027850873
47404,寒邪犯胃证,调中葛根汤,0.2279709236699728,0.1164359876579726,-0.4343228208406025,0.1661337627738066,0.0972908857598186,-0.4219522417003268
47807,寒邪犯胃证,调中汤,-0.0858557505974291,0.0977077660334282,0.2347263413900169,-0.0625673602269091,0.0816420704132229,0.2280407595068161
47851,寒邪犯胃证,铁刷汤,0.5912388486816715,0.8794054085208463,-0.1622375608954071,0.4308651868767992,0.7348083084784139,-0.1576166372637693
48115,寒邪犯胃证,高良姜散,1.389246526234927,0.0610241539661225,-0.324600243422438,1.0124131143933606,0.0509901973739223,-0.3153548323882254
48161,寒邪犯胃证,高良姜散,0.4029084186786766,0.7791367922817551,0.2535488518747134,0.2936194255423345,0.6510264581756691,0.246327158729574
50243,寒邪犯胃证,理中汤,0.8939259905703235,0.1646485958948546,-0.1430357896004078,0.6514483779946687,0.1375760884235863,-0.1389617795087459
50302,寒邪犯胃证,猪心汤,0.9286639980941256,-0.3525641563176638,-0.2022105294147509,0.6767636936861943,-0.2945934478270388,-0.1964510776035824
50706,寒邪犯胃证,理中丸,1.2261883459799894,-0.1925381089106403,-0.3221124943466064,0.8935844997581931,-0.1608798408054213,-0.3129379405074271
50709,寒邪犯胃证,理中化滞汤,1.1786262576540665,-0.0689978721979389,0.2464221735891127,0.8589236378738733,-0.0576528291356027,0.2394034657201526
50711,寒邪犯胃证,理中加丁香汤,1.0874955098843573,0.5733915891930148,-0.3990587076938814,0.7925121245648775,0.479111112654342,-0.3876925369833742
52173,寒邪犯胃证,温中白术丸,0.5825109664586459,0.3606349018271692,-0.218746774400921,0.424504744538736,0.3013371530607539,-0.212516329776415
52354,寒邪犯胃证,麻黄豆蔻丸,1.0777181930663569,-0.6559826379225369,-0.2384774004541968,0.7853869069860009,-0.5481220468882765,-0.2316849792091511
53962,寒邪犯胃证,黄连汤,1.3215985209805556,0.0667934860454731,-0.331984485167823,0.963114644763432,0.0558109013464035,-0.3225287528184066
55084,寒邪犯胃证,温胃汤,1.0176836391307849,-0.1879967212482106,0.3291057743408525,0.7416367384065975,-0.157085175280237,0.319732034735999
55096,寒邪犯胃证,温胃理中汤,-0.0306392060951768,-0.3081577814273259,-0.5479988803848979,-0.0223283150107459,-0.2574886348446951,-0.532390528271455
55253,寒邪犯胃证,温中汤,1.196293062420706,0.2414786646984205,0.1240274591431773,0.8717983181393315,0.2017732975273898,0.1204948529220064
55954,寒邪犯胃证,温脾平胃陈粟汤,-0.0117961000403881,0.2040897980388613,-0.1346465235704419,-0.0085964054284526,0.1705321320764675,-0.1308114603504909
56063,寒邪犯胃证,温中散,1.0079584830925408,0.4404540786539591,-0.1197887182722279,0.7345495329850199,0.3680319831583818,-0.1163768417868275
56636,寒邪犯胃证,温中养气定痛丸,0.9699430531686856,-0.5919404762395692,-0.2189689949286517,0.7068457964073807,-0.4946100806874829,-0.2127322209185067
57992,寒邪犯胃证,黑枣丁香散,0.8591486264737545,0.6189115707137558,0.0696911053264111,0.626104381209,0.5171464264005747,0.0677061317251044
58618,寒邪犯胃证,增半汤,1.0874955098843573,0.5733915891930148,-0.3990587076938814,0.7925121245648775,0.479111112654342,-0.3876925369833742
58888,寒邪犯胃证,葛根汤,0.2279709236699728,0.1164359876579726,-0.4343228208406025,0.1661337627738066,0.0972908857598186,-0.4219522417003268
59926,寒邪犯胃证,蓼酒,0.9209898323324148,-0.2618612629132025,0.6428334504133232,0.6711711469981412,-0.2188044669646926,0.624523977158007
60632,寒邪犯胃证,藿香半夏散,1.148935255268823,0.7249490667827652,0.2843579976022088,0.8372863261177151,0.6057486027879265,0.2762587844254749
61076,寒邪犯胃证,藿香安胃汤,1.0079584830925408,0.4404540786539591,-0.1197887182722279,0.7345495329850199,0.3680319831583818,-0.1163768417868275
61541,寒邪犯胃证,橘皮干姜汤,0.4218601344840088,1.3638196867961545,0.1691062603923257,0.3074304844575394,1.1395722921579992,0.1642896993531186
62047,寒邪犯胃证,橘皮干姜汤,1.3722228332135664,-0.0277831839127098,-0.0201084385746674,1.000007101677287,-0.0232149065462099,-0.0195357009269107
62192,寒邪犯胃证,藿香养胃汤,1.154255164689374,0.51648603427293,-0.2258513779049074,0.8411632089913023,0.4315623096236841,-0.2194185767481421
62848,寒邪犯胃证,温中救痢饮,1.2599037643942506,-0.3361752398136649,-0.2446447201796385,0.9181546038507804,-0.280899295053572,-0.2376766385430912
64837,寒邪犯胃证,茅根橘皮汤,0.1323099226468491,0.6054504206065077,-0.2135367279977872,0.0964208283572769,0.505898639151781,-0.2074546782727933
65051,寒邪犯胃证,参姜饮,0.1871594349659566,0.3404269147129989,0.1075878256758139,0.1363923989470127,0.2844518841219456,0.1045234605349794
66237,寒邪犯胃证,七物理中丸,1.196293062420706,0.2414786646984205,0.1240274591431773,0.8717983181393315,0.2017732975273898,0.1204948529220064
66300,寒邪犯胃证,丁香温气汤,1.0079584830925408,0.4404540786539591,-0.1197887182722279,0.7345495329850199,0.3680319831583818,-0.1163768417868275
66843,寒邪犯胃证,胃气痛片,1.5708877611952874,-0.2003665537350268,-0.5046615092609585,1.1447841262445555,-0.1674210858827055,-0.4902875117646242
66878,寒邪犯胃证,消寒止痛丹,1.2662365807645724,-0.0372967021421096,-0.4001142270403253,0.9227696424514056,-0.0311641551749873,-0.3887179925501069
66969,寒邪犯胃证,消滞止痛丸,1.590823870910157,-0.1845761546309852,-0.4993730745398558,1.159312562014713,-0.1542270386964869,-0.4851497046345814
67143,寒邪犯胃证,鳖甲丸,1.3584288971683611,0.3993494150124455,-0.4119918495672116,0.9899547736796656,0.3336859943023458,-0.4002573112568467
67474,寒邪犯胃证,橘皮半夏汤,1.205529684759225,-0.3487763147578279,-0.2408070881155633,0.8785295047297768,-0.2914284258446873,-0.2339483116522234
67841,寒邪犯胃证,紫砂丹,0.9286639980941256,-0.3525641563176638,-0.2022105294147509,0.6767636936861943,-0.2945934478270388,-0.1964510776035824
68571,寒邪犯胃证,白虎丹,1.1868463030920144,-0.5519043968444466,-0.6265171983455381,0.8649139942614053,-0.4611569730611382,-0.608672451965698
69068,寒邪犯胃证,一把抓,1.1868463030920144,-0.5519043968444466,-0.6265171983455381,0.8649139942614053,-0.4611569730611382,-0.608672451965698
69074,寒邪犯胃证,十味石榴丸,0.2188283313786479,-0.7183493642841878,1.017939548241359,0.1594711005605172,-0.600234062869873,0.9889461333497253
69163,寒邪犯胃证,小儿止泻片,1.2129734831534429,-0.3571316301067691,-0.4709789317076588,0.883954171247123,-0.2984099102418391,-0.4575642966285816
69171,寒邪犯胃证,万应丸,0.6645208763426487,-0.3614729758389478,-1.019117186544665,0.4842694491529707,-0.3020374259280888,-0.9900902296259247
202,脾寒证,丁香丸,1.5719893278257044,0.0436275135711279,-0.4366889879392563,1.145586892695255,0.0364540167023087,-0.4242510145568444
258,脾寒证,丁香丸,1.043186996812819,-0.4663842787597757,0.0150816487702302,0.760222304964271,-0.3896985845843499,0.014652086424607
479,脾寒证,丁香散,0.7552669506694287,-0.2867768376905878,-0.2173332401402552,0.5504006317711743,-0.2396232738307229,-0.2111430564382704
513,脾寒证,（而火）炷丹,0.7033364375658914,-0.8918113608857314,0.7212700721241495,0.5125562812470925,-0.745174399912441,0.7007265315119956
1104,脾寒证,七德丸,1.2885087113203562,-0.4512226274764171,-0.4715454817910768,0.939000452919053,-0.3770299027394165,-0.4581147099761258
1167,脾寒证,七枣散,0.488066565525196,0.4560171561955702,0.4408271568180929,0.355678407182194,0.3810360863538634,0.4282713182369047
1255,脾寒证,二蛟散,0.5850835026426968,0.1958954145038003,-0.4635762560790575,0.4263794797428924,0.1636851181212664,-0.4503724673573883
1477,脾寒证,二贤散,1.2150912008698729,0.2883288534740295,-0.503799415284293,0.8854974575884664,0.2409200978910625,-0.4894499723387512
1877,脾寒证,人参冲和丸,1.404787054644638,-0.1788334167789304,-0.2186292141225994,1.0237382712100087,-0.1494285561692973,-0.2124021179031436
1904,脾寒证,人参散,1.3572717469330022,-0.2150155808322502,-0.5555743218447141,0.9891115006885316,-0.179661432277971,-0.5397502025792718
2356,脾寒证,人参消食八味散,1.0410524767150788,-0.203736342499586,0.2886577040007982,0.7586667738910748,-0.1702367938122031,0.280436024640545
2625,脾寒证,万安汤,0.9420238187884588,-0.6868179647717478,-0.5076567400703834,0.6864996602129874,-0.5738872447639165,-0.4931974310546137
2913,脾寒证,三棱散,1.1636221176596506,0.1393583488894422,-0.6604646374403759,0.8479893740022848,0.1164442151794751,-0.6416529847369868
5462,脾寒证,干姜黄连丸,0.5684440631607116,-1.0033854326143334,0.0252905467702618,0.4142534917129841,-0.838402795055976,0.0245702099716638
6224,脾寒证,乌头丸,1.2848998831684997,-0.3189760368467085,0.0650724755170169,0.936370520160874,-0.2665280879665206,0.063219051820148
6739,脾寒证,乌头汤,0.7677112497104732,-0.5794959360817087,-0.1535055037197404,0.5594694120852995,-0.4842117462963288,-0.1491332904923589
7854,脾寒证,六君子汤,0.7588907379496254,0.8942981663464846,0.4641516834579434,0.5530414659909911,0.7472523099371298,0.4509315051532535
9623,脾寒证,木香散,1.043186996812819,-0.4663842787597757,0.0150816487702302,0.760222304964271,-0.3896985845843499,0.014652086424607
10128,脾寒证,化虫丸,0.70996759385756,-0.1739484629930984,-0.3616189325468344,0.5173887350027783,-0.1453468157187808,-0.3513191384558064
10384,脾寒证,木香散,1.5338942792316492,-0.1976010839470403,-0.4330609592783188,1.117825134028419,-0.1651103311871248,-0.4207263210501279
11653,脾寒证,半夏汤,-0.3932153724865461,0.4170360108954621,0.8094312925028568,-0.2865556201643724,0.3484644542454116,0.7863767041136432
17620,脾寒证,正元荜澄茄汤,1.4201344046475304,0.0304420232422311,0.0520550305289321,1.0349226493032353,0.0254365636014327,0.0505723755913875
18618,脾寒证,生熟饮,0.2990592093738675,0.385082519519691,0.2200438993212828,0.2179393360592168,0.321764947146288,0.2137765093977683
18945,脾寒证,艾馄饨,0.7552669506694287,-0.2867768376905878,-0.2173332401402552,0.5504006317711743,-0.2396232738307229,-0.2111430564382704
19954,脾寒证,白术丸,1.4029407790286268,-0.1916098326714372,0.0463311411806024,1.0223927982423704,-0.1601041973007073,0.0450115166498797
20237,脾寒证,肉豆蔻丸,0.7552669506694287,-0.2867768376905878,-0.2173332401402552,0.5504006317711743,-0.2396232738307229,-0.2111430564382704
22472,脾寒证,红豆蔻散,1.5571193851203902,-0.25612746412244,-0.3735960246272394,1.1347504250699314,-0.2140134536848421,-0.3629550935792257
22923,脾寒证,佐关煎,0.7552669506694287,-0.2867768376905878,-0.2173332401402552,0.5504006317711743,-0.2396232738307229,-0.2111430564382704
23066,脾寒证,肉豆蔻散,1.3967019831914016,-0.3890601530283293,0.1651859217912354,1.0178462770855046,-0.3250885543494161,0.1604810216102527
25658,脾寒证,诃黎勒丸,1.5225178599314004,0.1070438598218696,-0.2388743841137019,1.109534570851253,0.0894430677894152,-0.2320706558004073
26250,脾寒证,补真丸,1.013107703023401,0.9625150425899456,0.1056906180841344,0.7383020259288223,0.804252559146935,0.1026802900685262
26463,脾寒证,补脾散,0.8983256604183225,-0.1717967634220936,-0.1709544518522846,0.6546546364729152,-0.1435489114680176,-0.1660852497874977
26852,脾寒证,附子散,1.275842734901503,-0.1990950204985793,-0.5372229012230452,0.9297701252623792,-0.1663586257504445,-0.5219214754248663
27417,脾寒证,豆麦饮,0.6127622785926357,-0.6666056869038666,-0.5839320712314113,0.4465503819066851,-0.5569983905828003,-0.5673002537143568
27747,脾寒证,沉香丸,1.2111597741207647,0.2387872652422454,-0.480144133910274,0.8826324311702533,0.1995244340763926,-0.4664684513942589
27787,脾寒证,豆蔻散,1.165299762742365,0.4086581413150748,-0.2761562868945226,0.849211957504178,0.341464124118523,-0.2682906785539304
27892,脾寒证,附子汤,0.6932234566274416,-0.3221660602328967,0.0808916459989384,0.5051864485108937,-0.2691935886169592,0.0785876535292812
28924,脾寒证,沉香丸,1.390732919613051,-0.5410425574658289,0.1115832542977542,1.013496323255677,-0.4520811023154818,0.1084050895507388
30787,脾寒证,沉香饮,0.4822272347658853,-0.2051907469344712,-0.4871270785603,0.3514229961170114,-0.1714520563660679,-0.4732525046545621
31356,脾寒证,京三棱散,1.5540429531882354,-0.6440091185999388,0.3114131173090169,1.1325084759451112,-0.538117285267842,0.3025433079687313
31395,脾寒证,京三棱丸,1.4410031142379347,-0.3046663449592925,0.0414111675964501,1.050130717036938,-0.2545712812551253,0.040231675979934
32121,脾寒证,抵圣丸,1.043186996812819,-0.4663842787597757,0.0150816487702302,0.760222304964271,-0.3896985845843499,0.014652086424607
32387,脾寒证,斩鬼丹,0.3954134634164238,0.2846537754988088,0.232827548705219,0.2881574784681454,0.2378492982299137,0.2261960490945841
32692,脾寒证,备急丸,1.1266728608832952,-0.417310956700325,-0.5011490794922947,0.8210626108820982,-0.3486941918156345,-0.4868751246102163
33860,脾寒证,知母丸,0.3954134634164238,0.2846537754988088,0.232827548705219,0.2881574784681454,0.2378492982299137,0.2261960490945841
34362,脾寒证,金铃散,1.2607557562462886,-0.5500748966892757,0.2214928091045017,0.9187754927341216,-0.4596282902700654,0.2151841506768231
35025,脾寒证,厚朴汤,1.249359971678602,0.4042070854488814,-0.3898796080005056,0.9104708171223744,0.3377449374950502,-0.3787748805615576
36588,脾寒证,枳实理中汤,1.4151457174522175,-0.5451831481350815,-0.1730460531961667,1.0312871445567675,-0.455540872287664,-0.1681172771953284
37056,脾寒证,厚朴丸,1.23906004070674,0.5118601374949521,-0.4173248736812093,0.9029647445885672,0.427697030477472,-0.4054384377645167
37400,脾寒证,厚朴丸,1.5683424309241116,-0.1302666986240681,-0.342652108300735,1.1429292173436962,-0.108847468459423,-0.3328925358815086
37734,脾寒证,厚朴丸,1.7360844558788204,-0.3541651081431189,0.0869402694855065,1.2651711828206915,-0.2959311615725078,0.0844639973843403
38509,脾寒证,活血丹,0.1536578541074696,-0.3036944060913792,0.8315651943518355,0.1119781289283118,-0.2537591543924112,0.8078801781532429
38568,脾寒证,神仙如意丸,0.8885509938545701,-0.6933332066578983,0.0027516136923065,0.6475313502662656,-0.5793312115888902,0.0026732409858522
38765,脾寒证,神仙百解散,0.2286000527914199,0.33914661599525,-0.3552606291703732,0.1665922404890081,0.2833820997812756,-0.3451419351536268
39853,脾寒证,神白散,0.8886691419267356,0.5150831457781959,-0.3146734762188996,0.6476174506490571,0.4303900924507953,-0.305710803860635
40110,脾寒证,荜澄茄汤,1.4201344046475304,0.0304420232422311,0.0520550305289321,1.0349226493032353,0.0254365636014327,0.0505723755913875
40506,脾寒证,茯苓汤,1.223785429734961,0.5542588977021328,-0.1746873986506554,0.8918333750489965,0.4631243327973687,-0.1697118731057753
40558,脾寒证,茱萸如圣丸,0.9564366049066688,-0.5449547031757538,-0.308925553041782,0.6970029750714152,-0.4553499896156704,-0.3001265956327277
40588,脾寒证,胡芦巴散,0.742967491687415,-0.6460438559674333,0.5197822575865315,0.5414374036196661,-0.5398174589405526,0.5049775840933438
40748,脾寒证,草果饮,0.3954134634164238,0.2846537754988088,0.232827548705219,0.2881574784681454,0.2378492982299137,0.2261960490945841
40750,脾寒证,草果饮,0.2659086846568116,1.0106969032581077,0.4091601411617348,0.1937808981298977,0.8445120699412396,0.3975062568516925
41096,脾寒证,荜茇丸,1.3610221990804534,-0.633092529075062,0.4569543985339965,0.9918446419037734,-0.5289956667226249,0.443939216555713
41107,脾寒证,赤茯苓散,1.5933530877852695,0.2031338902289581,-0.2169585828760605,1.1611557282815734,0.1697334003492681,-0.2107790703318293
41950,脾寒证,鬼哭散,0.3954134634164238,0.2846537754988088,0.232827548705219,0.2881574784681454,0.2378492982299137,0.2261960490945841
42103,脾寒证,面色白瘦散,-0.4275726258340079,0.3146437073108392,0.3070629724431224,-0.3115934613298096,0.2629081059796259,0.2983170658976083
42134,脾寒证,香砂理中汤,1.0323648980035072,-0.1303847619902216,-0.2919071850254185,0.7523357027285241,-0.1089461191403671,-0.2835929524760373
43336,脾寒证,桂香散,0.9564366049066688,-0.5449547031757538,-0.308925553041782,0.6970029750714152,-0.4553499896156704,-0.3001265956327277
45784,脾寒证,桔梗散,1.5166132275039317,-0.1002989480014951,-0.0778510011149027,1.1052315712091063,-0.083807194735255,-0.0756336136689065
46298,脾寒证,益黄散,0.5162664778270145,0.0140381910872879,0.191747059593457,0.3762290873530334,0.0117299476976121,0.1862856330650855
46567,脾寒证,益智仁煮散,1.0924212174549026,0.1254377096663491,0.1943372497665658,0.7961017329230153,0.1048124907650615,0.1888020482694676
46569,脾寒证,益智火煮散,-0.5229679459950696,-0.2195093075993046,0.3883831585456654,-0.3811127808738775,-0.1834162735974227,0.3773210536573232
47332,脾寒证,粉霜丸,0.8157588822659686,-0.5780875931569738,-0.2874852738096297,0.5944841142250052,-0.4830349715434618,-0.2792969881366762
48054,脾寒证,酒煎附子四神丹,1.1489859795118191,-0.5233933877299655,0.4950649530021698,0.8373232913991516,-0.4373339146884787,0.4809642889642149
50462,脾寒证,清膈汤,-0.0159319081547606,1.121733139902045,0.1734294349086205,-0.011610374723703,0.9372910640633872,0.1684897392563449
50563,脾寒证,理中快斑汤,-0.0181192854646576,0.2060601713646268,-0.146690719919364,-0.0132044254791638,0.1721785248283747,-0.1425126084482827
50798,脾寒证,硇砂丸,0.5364058747814628,-0.6577588386608759,0.3855381371035675,0.3909056686563645,-0.5496061940716015,0.3745570654034818
51992,脾寒证,煮附丹,0.8803468226438677,-0.5927808894297857,-0.7870419797231237,0.6415525622185069,-0.4953123081115382,-0.7646250938730077
52364,脾寒证,黄连饮,0.7552669506694287,-0.2867768376905878,-0.2173332401402552,0.5504006317711743,-0.2396232738307229,-0.2111430564382704
55040,脾寒证,温脾散,1.0452516616647574,0.0415827530158848,-0.6668084219168228,0.7617269290417518,0.0347454679143625,-0.6478160826730331
55326,脾寒证,温胃健脾丸,0.7653561201488357,-0.0087770699929415,0.7423564634681641,0.5577531119115936,-0.0073338916186085,0.7212123307148948
55447,脾寒证,温脾丸,0.9103389446955392,-0.1332326547461484,-0.0253315205994513,0.6634093148683702,-0.1113257443262417,-0.0246100167657072
56363,脾寒证,蒙姜黄连丸,0.5414353993739822,-1.0686273418765806,-0.2420468942860326,0.3945709336474749,-0.8929172391592131,-0.2351528051022588
56414,脾寒证,紫桂丹,1.2537860100317346,-0.7884609766534902,0.081924641847599,0.9136962916432024,-0.6588175043527215,0.0795912271226877
56719,脾寒证,煨姜丸,1.2924314000059902,-0.3816054196528392,-0.3629823105148975,0.9418591114753436,-0.3188595728481365,-0.3526436840755729
58208,脾寒证,黑地黄丸,-0.0209976726824111,0.1594371889563885,0.4195738197364472,-0.0153020495599334,0.1332215722014404,0.4076233283204266
60928,脾寒证,麝香荜澄茄丸,1.4393650786485044,0.0613331282866342,-0.1905334434513512,1.0489369989449613,0.0512483682876086,-0.1851065836871731
61068,脾寒证,槟榔散,1.1324986525380007,-0.1533224171692989,0.2029068041935442,0.8253081553276417,-0.1281122277852395,0.1971275207690201
61343,脾寒证,醒脾散,0.5757222310782839,-0.0981816353611114,-0.2007018543029994,0.4195574550552405,-0.0820380233101927,-0.1949853732591297
61905,脾寒证,鳖甲煎丸,1.5997557115403591,-0.3379191597471599,-0.3440113379781139,1.1658216389991958,-0.282356469235169,-0.3342130513640835
63473,脾寒证,替针丸,1.4559151523043707,-0.341740816943937,-0.4568909367827771,1.0609978616478433,-0.2855497466850672,-0.443877562350812
63618,脾寒证,茯苓汤,1.223785429734961,0.5542588977021328,-0.1746873986506554,0.8918333750489965,0.4631243327973687,-0.1697118731057753
63855,脾寒证,藿香煮散,1.1008828680838638,-0.3152888626565293,-0.7149760551883105,0.8022681590427856,-0.2634471810224662,-0.6946117836149429
63952,脾寒证,燥土汤,0.9570176355129452,0.5100431781256529,0.0127892941275017,0.6974264010037817,0.426178826441208,0.0124250236642405
64258,脾寒证,果附汤,1.0105363268783103,0.3759142520152052,0.3314735053646607,0.7364281361028147,0.3141041810520923,0.322032326973247
64757,脾寒证,诃黎勒丸,1.4203357803158447,-0.4125898796643806,0.3305923578933202,1.035069401779251,-0.3447493825190741,0.3211762767429572
66854,脾寒证,黑锡丹,0.717751106027571,-0.2301310934162714,0.5959400280785009,0.5230609678629287,-0.1922915618246277,0.5789661945002077
67139,脾寒证,膈汤,-0.3731672350122743,0.8677647424397603,-0.0014005067640695,-0.2719455441880647,0.7250816703775725,-0.0013606168966021
1023,肺热炽盛证,人参平肺散,0.3466486186289583,1.5236814268825207,0.1002886311698887,0.252620108064933,1.273148608251914,0.0974321649902947
1050,肺热炽盛证,二母丸,0.1658519464201178,1.3130602157035318,0.2785346857918537,0.1208645711416362,1.0971589970708508,0.2706013348174997
1053,肺热炽盛证,二母汤,0.3007533071968963,1.3107441969321598,0.1842299575416241,0.219173909492161,1.0952237919660075,0.1789826365158319
1054,肺热炽盛证,二母汤,0.1884143376480938,1.431290050657121,0.3863885710132928,0.1373069090132184,1.195948775018719,0.375383276869718
1056,肺热炽盛证,二母汤,0.2009030745609025,1.272395249722039,0.2383961247583472,0.1464080734170644,1.0631804081542184,0.2316060184444529
1109,肺热炽盛证,二母散,0.3381634424624163,1.2683183178255866,0.2862049492265611,0.2464365377145887,1.0597738297984487,0.2780531303378061
1110,肺热炽盛证,二母散,0.2009030745609025,1.272395249722039,0.2383961247583472,0.1464080734170644,1.0631804081542184,0.2316060184444529
1551,肺热炽盛证,二冬汤,0.4432554266163468,0.8982785895230714,-0.0109152308013807,0.3230222991081474,0.7505782481143074,-0.0106043382579
1941,肺热炽盛证,人参防己汤,-0.6784476629574586,0.8037114044648552,-0.6869027752071538,-0.4944185919753061,0.6715603655576461,-0.6673380994990503
2391,肺热炽盛证,人参养肺丸,0.2222683906160606,0.8161505565546978,0.8424718346254587,0.1619780430077195,0.6819541978191704,0.8184761705626846
2457,肺热炽盛证,人参清膈饮,-0.5541077135242549,0.3936592717532461,-0.161597324308362,-0.4038058799245902,0.3289314584503037,-0.1569946361849419
3508,肺热炽盛证,大黄丸,0.9490167758803488,0.5521029826920827,-0.2372920090431889,0.6915957762258932,0.4613229062352753,-0.2305333506527722
4109,肺热炽盛证,大阿胶丸,0.0608777565329269,0.711503870097741,0.8093937723280681,0.0443646522952391,0.594514145804202,0.7863402526054529
4864,肺热炽盛证,干葛石膏汤,0.0528131421084213,1.0354854706891397,-0.6823646354440518,0.0384875662261287,0.8652247527688753,-0.6629292170864611
5393,肺热炽盛证,干地黄汤,0.543124138414836,0.9331574888600338,0.1862747845494874,0.3958016018690338,0.7797221500906332,0.1809692218354505
5517,肺热炽盛证,五汁肺丸,-0.0613459076166899,0.1269653693553487,0.0929489151592583,-0.0447058172992673,0.1060889635057654,0.0903015020927403
5905,肺热炽盛证,大黄汤,0.1640929019146976,1.480350522197628,0.2898914829243247,0.1195826678275314,1.2369424302277192,0.2816346625144127
6076,肺热炽盛证,大蓟散,0.642358743425957,0.2412303785707573,-0.1952840030129182,0.4681187994417234,0.2015658360906973,-0.1897218356613948
6180,肺热炽盛证,小建中汤,0.0321739593866698,0.903110983474814,0.2787887977401773,0.0234467661497795,0.7546160709331982,0.2708482090343103
6830,肺热炽盛证,马兜铃汤,0.3004136807765354,1.3507830224645234,0.1778443278861717,0.2189264068096099,1.128679194193274,0.172778885254106
6833,肺热炽盛证,马兜铃汤,0.3679824180783744,1.3287077716025553,0.2740432832182969,0.2681671099357689,1.110233688186661,0.2662378584046718
6861,肺热炽盛证,马兜铃饮,0.3004136807765354,1.3507830224645234,0.1778443278861717,0.2189264068096099,1.128679194193274,0.172778885254106
8053,肺热炽盛证,天门冬散,0.2009030745609025,1.272395249722039,0.2383961247583472,0.1464080734170644,1.0631804081542184,0.2316060184444529
8614,肺热炽盛证,五味石膏汤,-0.7668450786631733,0.1492720090172164,-0.1334137191780027,-0.5588381901163875,0.1247278119810599,-0.129613769250675
8701,肺热炽盛证,升阳散火汤,0.274500620886034,0.3860224147745109,0.5642942580944824,0.2000422698535116,0.3225502991985375,0.5482217736584807
8893,肺热炽盛证,天柏茶,-0.6084165878757527,0.3045761633843625,0.1574091788370225,-0.4433834607089094,0.254495927874434,0.1529257793683038
9307,肺热炽盛证,天竺黄散,0.375735954997365,0.4179066712329414,0.0423069077314209,0.2738174983380299,0.3491919553997636,0.0411019032390045
9339,肺热炽盛证,化(匿虫)丸,-0.1503870449440663,-0.7240886253807668,-0.1445772654560209,-0.1095945274370185,-0.6050296403105287,-0.1404593503514293
9495,肺热炽盛证,天门冬丸,-0.0856332881176218,0.4425520075000923,0.3894509495624931,-0.062405240741444,0.3697849579886459,0.3783584313671703
9544,肺热炽盛证,天门冬汤,0.0321739593866698,0.903110983474814,0.2787887977401773,0.0234467661497795,0.7546160709331982,0.2708482090343103
9804,肺热炽盛证,引气汤,0.3974148964816787,1.2471195756081386,0.0877920699091741,0.2896160223943527,1.042060711639586,0.0852915364428503
9984,肺热炽盛证,天门冬丸,0.366286564026656,1.3774978383680885,0.118401091149172,0.2669312566515358,1.1510014001920168,0.115028737687475
9991,肺热炽盛证,天门冬丸,0.2846804577931219,1.5386515040410642,0.13133092990494,0.2074608238628225,1.2856572157361037,0.1275903029242746
9993,肺热炽盛证,天门冬丸,0.1521045471246581,1.2037011517880054,0.4030320754738083,0.1108461567906242,1.0057814049001224,0.3915527335040064
10772,肺热炽盛证,加减二陈汤,0.1438373900360186,1.5890592220156037,0.0442209761693109,0.1048214677975396,1.327776595057899,0.0429614543134159
11859,肺热炽盛证,平邪汤,0.0061116325651025,1.3144629115288553,0.3463315852993396,0.0044538509489978,1.0983310532541866,0.3364672123510552
11892,肺热炽盛证,四黄丸,0.2009030745609025,1.272395249722039,0.2383961247583472,0.1464080734170644,1.0631804081542184,0.2316060184444529
12038,肺热炽盛证,木通散,-0.8142083570753398,0.6117406993433483,0.1591642471435055,-0.593354169317787,0.5111546326147391,0.1546308590250079
12112,肺热炽盛证,半夏散,0.2009030745609025,1.272395249722039,0.2383961247583472,0.1464080734170644,1.0631804081542184,0.2316060184444529
12506,肺热炽盛证,木通汤,0.2599588953205344,1.5653571167072218,0.2453425303409096,0.1894449903999358,1.3079717317488098,0.2383545733595481
12919,肺热炽盛证,贝母饮,0.1989911694684087,1.3928512264837198,0.4106207254481192,0.145014772982215,1.163830292351818,0.3989252401154302
12979,肺热炽盛证,贝母汤,0.3082605266304963,1.4021698178883713,0.1720347934946038,0.2246447940786451,1.1716166651909057,0.167134820650241
13111,肺热炽盛证,半夏丸,0.5328782417776861,1.287202798960233,0.1414934584037526,0.388334906845306,1.0755532115313655,0.1374633776872311
13617,肺热炽盛证,牛黄丸,0.1951160683734914,1.3610559974453484,0.012102590476224,0.1421907938726707,1.137263025149463,0.011757879017133
13698,肺热炽盛证,止咳散,0.1476953797916537,0.8595174886381267,-0.2346311748280953,0.1076329770221735,0.7181904794014292,-0.2279483035219798
13863,肺热炽盛证,止嗽饮,0.269409150568854,1.3017163499330389,0.1480515256093849,0.1963318619285571,1.0876803575973428,0.1438346550547943
14651,肺热炽盛证,加味泻白散,0.2626829005815037,1.1301878202944886,0.2569719162007539,0.1914301086621034,0.944355575308942,0.2496527257883385
15036,肺热炽盛证,加味八正散,0.0754449806231064,0.1752302941221807,-0.1977323633811383,0.0549805137933233,0.1464178805025421,-0.1921004607215775
15123,肺热炽盛证,石膏汤,0.012615800836478,1.39921944902934,0.3759979681560418,0.0091937622115495,1.169151413636064,0.3652886238654175
15253,肺热炽盛证,冬瓜粥,0.3802699316276064,0.8726898050828156,-0.3797909080370656,0.2771216328556448,0.7291969247469774,-0.3689735315162174
15262,肺热炽盛证,全肺汤,0.5256424809913747,0.7412124396453996,0.1315424236858297,0.3830618476910548,0.6193378545568539,0.1277957728435834
15448,肺热炽盛证,贝母丸,-0.0354082746112576,1.5074802366664557,0.09729724075379,-0.025803772690821,1.2596113146866768,0.0945259767098107
15802,肺热炽盛证,石膏知母竹叶汤,-0.2775743563201315,1.1652628794534692,-0.41027196250241,-0.2022822539059386,0.9736633833354372,-0.3985864107937769
15937,肺热炽盛证,牛蒡甘桔汤,-1.0242195011800106,0.5407756548989633,-0.690311172580736,-0.7463997465031051,0.4518580854659301,-0.6706494173561343
16504,肺热炽盛证,白前汤,0.2009030745609025,1.272395249722039,0.2383961247583472,0.1464080734170644,1.0631804081542184,0.2316060184444529
16688,肺热炽盛证,地骨皮汤,0.5797110383798054,1.1288691889693323,-0.0021828341801365,0.4224642975389809,0.9432537612375748,-0.0021206617091546
18100,肺热炽盛证,龙脑丸,0.1264035405822833,-0.2299454066548136,0.3730695521836661,0.0921165536674635,-0.1921364067917252,0.3624436163620506
18376,肺热炽盛证,立验丸,0.4431913394161509,1.2874213342675551,0.033067921164179,0.3229755955744565,1.0757358139556403,0.0321260656683656
18732,肺热炽盛证,玄参丸,-0.7125498339586123,0.1304532137858752,-0.1927552235161686,-0.5192705419344126,0.1090033156821318,-0.1872650820066959
18835,肺热炽盛证,玉环煎,-0.0259090959441272,1.4867980333833997,0.0877991569920081,-0.0188812482310101,1.2423298030394023,0.0852984216681838
18850,肺热炽盛证,甘桔清金散,-0.893857417960478,0.5380428829477364,-0.5433832700252248,-0.6513984057196371,0.4495746522331099,-0.5279063818148864
18876,肺热炽盛证,甘泽饮,0.2188361627309806,0.1642176415942678,-0.5465930552831619,0.1594768076568859,0.1372159942081342,-0.5310247445164868
18909,肺热炽盛证,甘草鼠粘汤,-0.893857417960478,0.5380428829477364,-0.5433832700252248,-0.6513984057196371,0.4495746522331099,-0.5279063818148864
18920,肺热炽盛证,地黄散,0.1081349040171432,-0.2325492417036698,0.1319820985872745,0.0788032886051716,-0.1943121036992812,0.1282229247255061
19124,肺热炽盛证,玉露散,0.3461063699196984,0.7414020407733786,0.1442745433054909,0.2522249444318769,0.6194962803327086,0.1401652504701906
19200,肺热炽盛证,甘桔牛蒡汤,-1.113061216404094,0.7234599114081743,-0.6282512224036768,-0.81114312782494,0.6045043032518285,-0.6103570867658631
19262,肺热炽盛证,宁嗽化痰丸,0.1623316626042106,1.3684472296658008,0.0914621135756992,0.118299165049695,1.1434389467356367,0.0888570482647509
19290,肺热炽盛证,宁嗽抑火汤,0.1445123968399684,1.3662568590486408,0.2327726306335163,0.1053133788642353,1.141608729963553,0.2261426952242534
19489,肺热炽盛证,平肺汤,-0.0911790553987544,0.8477620494679441,0.3606296528996743,-0.0664467174835228,0.7083679398896563,0.350358035919265
19537,肺热炽盛证,平肺宁嗽饮,0.2009030745609025,1.272395249722039,0.2383961247583472,0.1464080734170644,1.0631804081542184,0.2316060184444529
19816,肺热炽盛证,宁肺汤,0.2402269266817362,1.1710311512332772,0.3958466801825059,0.1750653223961163,0.978483201349172,0.3845719958932126
19837,肺热炽盛证,玉粉散,0.2009030745609025,1.272395249722039,0.2383961247583472,0.1464080734170644,1.0631804081542184,0.2316060184444529
19965,肺热炽盛证,生地黄汤,-0.5744007066583727,0.2972400934204997,-0.977202536142952,-0.4185943944116159,0.2483660984365047,-0.9493694112658434
20158,肺热炽盛证,平顺散,0.6290790531601171,0.3071990638941881,-0.4172299838275964,0.4584412279478757,0.2566875553857701,-0.4053462506066578
20318,肺热炽盛证,地骨皮丸,-0.4225799578934805,0.6642257876862121,-0.2942915002240962,-0.3079550556161022,0.555009808636943,-0.2859093565301807
20500,肺热炽盛证,地黄汤,-0.8503181145822393,0.3691025294846859,-0.3775774172431776,-0.6196691475215669,0.3084124827045758,-0.3668230863688581
20620,肺热炽盛证,生干地黄散,-0.2958906586367163,1.5453262874935207,-0.0904968196463605,-0.215630255374591,1.2912344913482798,-0.087919248273961
20704,肺热炽盛证,地骨膏,0.3399071002834581,1.3008023982825527,0.2969604793980187,0.2477072279856823,1.086916683346744,0.2885023166313986
21263,肺热炽盛证,地黄汤,-0.5681466145197508,1.0009018970190773,-0.325542126676316,-0.4140367260783178,0.836327617245931,-0.3162698884970079
21667,肺热炽盛证,生地黄散,-0.7656498201569082,1.2842930077589747,-0.34297149543287,-0.5579671457308293,1.0731218656129702,-0.3332028260848043
21947,肺热炽盛证,含化丸,0.208713594782303,0.8878172771966608,0.5882717642993758,0.1520999883889958,0.741837047365993,0.5715163416803883
22533,肺热炽盛证,百部根饮,0.2009030745609025,1.272395249722039,0.2383961247583472,0.1464080734170644,1.0631804081542184,0.2316060184444529
22600,肺热炽盛证,红蓝花散,0.1081349040171432,-0.2325492417036698,0.1319820985872745,0.0788032886051716,-0.1943121036992812,0.1282229247255061
22823,肺热炽盛证,自拟前胡汤,0.269409150568854,1.3017163499330389,0.1480515256093849,0.1963318619285571,1.0876803575973428,0.1438346550547943
23232,肺热炽盛证,如神汤,0.4432554266163468,0.8982785895230714,-0.0109152308013807,0.3230222991081474,0.7505782481143074,-0.0106043382579
23456,肺热炽盛证,安肺散,-0.1825307357427698,0.8374518595256619,0.0695079417545994,-0.1330192353596709,0.6997530130786849,0.0675281851010376
24464,肺热炽盛证,朱砂凉肺丸,-0.4355645909330052,0.6736825347472688,-0.1402388705919545,-0.3174176042182048,0.5629116207526217,-0.1362445236132648
25075,肺热炽盛证,百花煎丸,0.271742378921708,0.7284847038876576,0.824448487557566,0.1980322016009591,0.6087028892811259,0.8009661726226238
25221,肺热炽盛证,百部膏,-0.0613459076166899,0.1269653693553487,0.0929489151592583,-0.0447058172992673,0.1060889635057654,0.0903015020927403
25723,肺热炽盛证,连翘散,-0.8809886618884648,-0.4353822558908101,-0.5570089758405463,-0.6420203024332862,-0.3637940998461103,-0.5411439941107278
26819,肺热炽盛证,阿胶地黄汤,-0.0613459076166899,0.1269653693553487,0.0929489151592583,-0.0447058172992673,0.1060889635057654,0.0903015020927403
27047,肺热炽盛证,赤茯苓散,0.7505646145414032,0.9095596714970204,0.1034712733264706,0.5469738053048876,0.7600044270788269,0.1005241576926366
27264,肺热炽盛证,鸡苏散,-0.4344842505852871,0.7777515554598169,-0.2712550107520562,-0.3166303064165667,0.6498689902818992,-0.2635290027766748
27716,肺热炽盛证,苏桔汤,-0.1825307357427698,0.8374518595256619,0.0695079417545994,-0.1330192353596709,0.6997530130786849,0.0675281851010376
27984,肺热炽盛证,苏叶解斑汤,-1.219452064803918,0.1661820571445278,-0.1506694224160993,-0.8886754362650643,0.1388574087976387,-0.1463779877399048
28334,肺热炽盛证,抑火汤,0.4432554266163468,0.8982785895230714,-0.0109152308013807,0.3230222991081474,0.7505782481143074,-0.0106043382579
28387,肺热炽盛证,抑心清肺丸,0.2859657262927729,-0.0519751657134549,-0.0848288569981305,0.2083974630121676,-0.043429097923138,-0.0824127231029705
28388,肺热炽盛证,抑火汤,-0.1785964145998705,1.0448681533531412,-0.0564637580041204,-0.13015209965259,0.8730646785988986,-0.0548555316954142
28549,肺热炽盛证,杏仁紫菀丸,0.5441359790145193,1.11710536237197,-0.2545345999037984,0.3965389804936695,0.9334242134095933,-0.2472848302371846
29007,肺热炽盛证,辛夷清肺饮,0.2974032678697987,0.0522306167605839,-0.4487531733475421,0.2167325690357058,0.0436425461803595,-0.4359715823765648
29009,肺热炽盛证,辛夷膏,-0.6417576060543522,0.5053706914071368,-0.153542190019233,-0.4676807207083441,0.422274617951297,-0.1491689318760666
29574,肺热炽盛证,驱二竖丸,0.0577250749879763,1.185721272478803,0.5316968989099218,0.0420671362810985,0.9907578849469496,0.5165528672104724
29575,肺热炽盛证,麦门冬五膈下气丸,0.0883953622124947,0.8572536418656032,0.5360679879643995,0.0644181016583283,0.7162988678631623,0.5207994569283209
29610,肺热炽盛证,麦门冬汤,0.1529670597375127,1.2264922912139258,0.2706970247798089,0.1114747126762022,1.0248250887887909,0.2629869096134111
29775,肺热炽盛证,沐头汤,-0.1857547310574274,0.5077080761519859,0.8260038845403097,-0.1353687212685169,0.4242276759083941,0.8024772680845947
30142,肺热炽盛证,麦冬二陈汤,0.4541439717869164,1.3839979553760346,0.1680471986104621,0.3309573241157141,1.156432729061775,0.163260802248215
30574,肺热炽盛证,麦门冬汤,0.1058941222489134,1.1988195119158775,0.2746996725530088,0.0771703193619102,1.0017024334697868,0.2668755521612969
30744,肺热炽盛证,刺蓟散,0.1081349040171432,-0.2325492417036698,0.1319820985872745,0.0788032886051716,-0.1943121036992812,0.1282229247255061
30987,肺热炽盛证,麦门冬散,0.4558649693773108,1.07378078862813,0.1894562130450908,0.3322115007484796,0.8972233253552362,0.1840600354448551
31076,肺热炽盛证,麦门冬汤,0.1348551689713328,1.2067938335090214,0.3776927718476291,0.0982756760820018,1.0083655693845144,0.3669351553912608
31103,肺热炽盛证,鸡苏丸,-0.4591998036961786,0.4051655208236118,-0.0144078747684686,-0.3346417605583788,0.3385457811897417,-0.0139975031588866
31420,肺热炽盛证,麦门冬饮,0.3084449085826361,0.2419435216372843,-0.6467109576505551,0.2247791623875656,0.2021617199064441,-0.6282910434793038
31487,肺热炽盛证,麦门冬散,0.4380343806091752,0.3081004919687038,0.4330193680574005,0.3192174629263093,0.2574407652617066,0.4206859144491864
32126,肺热炽盛证,定喘汤,-0.4238558928074223,1.393643417331496,-0.1500922949110152,-0.308884892916821,1.164492226439562,-0.1458172982416053
32220,肺热炽盛证,明胶散,0.4533957021713851,0.7384169624192183,0.0368520604738642,0.330412022790456,0.6170020264256451,0.0358024234096827
33048,肺热炽盛证,泻肺汤,-0.9733665201947904,0.0037790168353454,-0.2055888397975242,-0.7093406472840749,0.003157648271873,-0.1997331654211457
33050,肺热炽盛证,泻肺汤,0.3846459410582062,1.1953856995229692,-0.0895046038210298,0.2803106488096779,0.9988332290600608,-0.0869552931888044
33056,肺热炽盛证,泻肺汤,-1.0472184821740125,0.1416471720515273,-0.2276061348748662,-0.7631602490750391,0.1183566963398615,-0.2211233539359499
33486,肺热炽盛证,泻白汤,-1.162186474598349,-0.2445503663001774,-0.1296263577449328,-0.8469431494227001,-0.2043399315692862,-0.1259342811599497
33490,肺热炽盛证,泻白散,-0.0505509541725714,1.1482297242359318,0.2223145908598846,-0.0368389972427072,0.959430921433138,0.2159825260723437
33492,肺热炽盛证,泻白散,0.3360244234745329,1.131730328194811,-0.2222892413877395,0.2448777280761449,0.9456444548292042,-0.2159578986153364
33494,肺热炽盛证,泻白散,0.269409150568854,1.3017163499330389,0.1480515256093849,0.1963318619285571,1.0876803575973428,0.1438346550547943
33538,肺热炽盛证,泻白散,-0.1450400531372253,1.0023497631785427,0.1042774952698998,-0.1056979082801071,0.8375374165867485,0.1013074164578093
33643,肺热炽盛证,抑金散,-0.6905306535417349,0.0441754332612556,-0.1723243553210071,-0.5032240688273996,0.0369118441579778,-0.1674161350456607
33749,肺热炽盛证,泻白散,0.2626829005815037,1.1301878202944886,0.2569719162007539,0.1914301086621034,0.944355575308942,0.2496527257883385
33751,肺热炽盛证,泻白散,-0.0914863689776927,1.147228352719007,0.1287077858393371,-0.0666706721896696,0.9585942014137018,0.125041872435078
33870,肺热炽盛证,郁李仁丸,0.1315722582931647,1.2954100749699304,0.038892689966734,0.0958832556143638,1.0824109981033687,0.0377849307698295
33984,肺热炽盛证,泻心各半汤,0.9761733135204428,0.0809400786512936,-0.3958597398309119,0.7113860973310033,0.0676314265361457,-0.3845846835708024
34037,肺热炽盛证,泻心汤,0.3022872026169935,0.2084448787412679,-0.4667558586729085,0.2202917354575949,0.1741711243469438,-0.4534615070712006
34384,肺热炽盛证,苦参丸,-0.0496606664003618,-0.8703952239396076,-0.5053306376960687,-0.0361902002155792,-0.7272796323671828,-0.4909375817808248
34407,肺热炽盛证,降气丸,0.4432554266163468,0.8982785895230714,-0.0109152308013807,0.3230222991081474,0.7505782481143074,-0.0106043382579
34837,肺热炽盛证,金宅龙脑丸,0.1351216138674907,-0.1571282669777419,0.3719709429774113,0.0984698477441506,-0.1312922969921923,0.3613762982403948
35414,肺热炽盛证,前胡饮,0.315611516079185,1.3142517532016085,0.1678336705205236,0.2300018260964175,1.098154614842776,0.1630533559619684
35918,肺热炽盛证,养阴消毒汤,0.7467651593010618,0.6974482577985075,-0.0184371027949354,0.5442049530959876,0.582769641394569,-0.0179119688892366
36543,肺热炽盛证,柏花丸,0.2009030745609025,1.272395249722039,0.2383961247583472,0.1464080734170644,1.0631804081542184,0.2316060184444529
36623,肺热炽盛证,柽叶葛根汤,-0.2775743563201315,1.1652628794534692,-0.41027196250241,-0.2022822539059386,0.9736633833354372,-0.3985864107937769
36984,肺热炽盛证,枳实散,-0.2018287622740331,0.3090780731710298,-0.5843090210163316,-0.1470826681437081,0.2582576067124428,-0.5676664670449106
37023,肺热炽盛证,栀子仁丸,-0.5930464376371756,0.4755278895651099,-0.0902057405243893,-0.4321824669487131,0.3973387481814258,-0.0876364597992724
37073,肺热炽盛证,枳壳汤,-0.4196838165535357,-0.4163970753530069,-0.1776705803934843,-0.3058444932225124,-0.3479305763085361,-0.1726100865161365
37298,肺热炽盛证,咳血方,-0.1458656835974555,1.2056657946284286,-0.2190053565455054,-0.1062995863047016,1.0074230094073813,-0.2127675468673334
37316,肺热炽盛证,枳壳散,0.5716396596754233,0.5461637792426628,-0.086534920289359,0.4165822820023303,0.4563602621599814,-0.0840701935274423
37727,肺热炽盛证,枸杞汤,0.3141043692012736,1.1723619519927682,-0.3854987233203651,0.228903493125487,0.9795951838836532,-0.3745187742214897
37825,肺热炽盛证,省味金花丸,-0.9236810888502788,-0.1936849607778014,0.0312359455868446,-0.6731323996206445,-0.1618381204252856,0.0303462692485036
39318,肺热炽盛证,神愈散,-0.6758199092355358,0.0756432583198925,0.0885701529872499,-0.4925036170020156,0.0632055411022848,0.0860474578065672
39330,肺热炽盛证,荆芥散,-0.4591998036961786,0.4051655208236118,-0.0144078747684686,-0.3346417605583788,0.3385457811897417,-0.0139975031588866
42088,肺热炽盛证,凉血地黄汤,-0.9179727191281098,0.3071491529710137,-0.4331845877850315,-0.6689724263837905,0.2566458511152744,-0.4208464283137633
42497,肺热炽盛证,家秘泻白散,0.8150692325322688,0.5977431622087213,0.2034392705609647,0.5939815321263278,0.4994586543035991,0.1976448211883907
42498,肺热炽盛证,家秘泻白散,0.4331915555831403,1.090776473261704,0.0921093017654915,0.3156882552050866,0.9114244778112288,0.0894858029476301
42757,肺热炽盛证,家秘泻白散,-0.0820854101789727,1.4760955308591954,-0.0468406023315229,-0.0598197254383467,1.2333870700290108,-0.0455064670977381
42758,肺热炽盛证,家秘泻白散,0.1373770256164543,0.9459343460716612,0.095908538674054,0.100113478582801,0.7903981599768329,0.0931768282711806
42879,肺热炽盛证,柴胡汤,-0.5275233499515974,0.7804866588954682,-0.2815925794311464,-0.3844325305510261,0.652154371642522,-0.2735721321462781
43241,肺热炽盛证,骨皮清膈散,0.269409150568854,1.3017163499330389,0.1480515256093849,0.1963318619285571,1.0876803575973428,0.1438346550547943
43787,肺热炽盛证,凉肺汤,0.3381634424624163,1.2683183178255866,0.2862049492265611,0.2464365377145887,1.0597738297984487,0.2780531303378061
43788,肺热炽盛证,凉肺汤,0.159461494708021,1.3889091487686662,0.2678141967576992,0.1162075307977899,1.160536394645911,0.2601861916036795
43987,肺热炽盛证,栝楼粉粥,-0.0542729989688513,1.1741677534055937,-0.1613998185669833,-0.0395514366067457,0.9811040646214212,-0.1568027558914722
44110,肺热炽盛证,息炎汤,-0.4716626545269307,0.5248183527551296,-0.0011508554528597,-0.3437240604853595,0.4385245784365479,-0.0011180762670203
44115,肺热炽盛证,柴胡散,0.2502164348310621,1.073061147927088,-0.2278411337048443,0.1823451743631577,0.896622012284926,-0.2213516594229016
44201,肺热炽盛证,柴胡散,0.3358947891916872,0.991868730910396,-0.0491340172802701,0.2447832571197311,0.8287797383675316,-0.0477345599640074
44203,肺热炽盛证,桑白皮根煎,-0.1876350482345815,0.2731564626950566,0.4587759795877821,-0.1367390020166928,0.2282424424026539,0.4457089145135501
44204,肺热炽盛证,桑白皮散,-0.0082138544946511,1.1657470657651603,-0.1136987139517021,-0.0059858447389037,0.974067956836163,-0.1104602957254508
44254,肺热炽盛证,柴胡煎,0.2484181416550942,1.172812951537212,-0.051805954707458,0.1810346685886296,0.9799720273840072,-0.0503303940601823
44462,肺热炽盛证,桑白皮散,0.119402457942095,1.3516920240317307,0.3034550963642901,0.087014516162941,1.1294387322829105,0.2948119509780335
44464,肺热炽盛证,桑白皮散,0.049929705850719,0.6457229882044453,-0.206757851481518,0.0363862626585562,0.5395493501753779,-0.2008688807853082
44678,肺热炽盛证,柴胡散,0.2599991277953923,0.7840724852575696,0.1867104552043596,0.1894743098075437,0.6551505949749039,0.1813924835215636
44719,肺热炽盛证,桑根白皮散,-0.7125170551680327,0.6017828282639348,0.0420277919798998,-0.5192466543976579,0.5028340942907626,0.0408307373886348
44723,肺热炽盛证,桑根白皮散,-0.1917199271821744,1.0777018159337974,-0.3105681248304087,-0.1397158566923423,0.9004996338860436,-0.3017223829483086
44808,肺热炽盛证,桑白散,-0.522380978213827,0.1667105785927765,-0.3527993346350062,-0.3806850282265004,0.1392990275864467,-0.3427507443230993
44914,肺热炽盛证,海青丸,0.776497241812656,0.7865391096807053,-0.0433565845157244,0.5658722019856013,0.657211642248953,-0.0421216826540958
45143,肺热炽盛证,润燥泻肺汤,-0.3897602348912997,1.1288460584394184,0.2444060485699902,-0.2840376893670637,0.9432344339678131,0.2374447648862421
45333,肺热炽盛证,桔梗汤,0.2009030745609025,1.272395249722039,0.2383961247583472,0.1464080734170644,1.0631804081542184,0.2316060184444529
45338,肺热炽盛证,消石半夏丸,-0.4344842505852871,0.7777515554598169,-0.2712550107520562,-0.3166303064165667,0.6498689902818992,-0.2635290027766748
45780,肺热炽盛证,桔梗荆芥汤,-0.6821134205777356,0.3030513046936444,-0.3674331606996706,-0.497090012071647,0.2532217955751116,-0.356967763131107
45786,肺热炽盛证,桔梗散,-0.0673212287572189,1.163707076231106,-0.0793460219710973,-0.0490603313262187,0.9723633945895496,-0.0770860526644885
45946,肺热炽盛证,莲花饮,-0.2217257133816745,0.9354481926401166,-0.167409376354269,-0.1615825670870676,0.7816362026465514,-0.1626411467341756
46163,肺热炽盛证,益气疏风汤,-0.545173746295379,0.0699734159323575,-0.3982891537973864,-0.3972952531817705,0.0584679681310981,-0.3869449018692284
46246,肺热炽盛证,热郁汤,0.269409150568854,1.3017163499330389,0.1480515256093849,0.1963318619285571,1.0876803575973428,0.1438346550547943
46444,肺热炽盛证,益肺丹,0.0239736640427304,0.1277920587425277,1.0533954021308218,0.0174708026391109,0.1067797236766084,1.023392117562811
47284,肺热炽盛证,粉黄膏,-0.6084165878757527,0.3045761633843625,0.1574091788370225,-0.4433834607089094,0.254495927874434,0.1529257793683038
47328,肺热炽盛证,逢原饮,-0.4345761606950643,1.104267767803285,-0.2162603941402752,-0.3166972858897751,0.922697452966064,-0.210100767723589
48021,肺热炽盛证,铁液散,-0.1980976233915224,1.1323461136101456,0.1973943413800905,-0.1443636014662378,0.9461589891214016,0.1917720664161388
48298,肺热炽盛证,清神散,-0.6540466153873473,0.5491347657843835,0.110321981475613,-0.4766363336803234,0.4588427413147388,0.1071797408719194
48344,肺热炽盛证,清肺饮,0.2009030745609025,1.272395249722039,0.2383961247583472,0.1464080734170644,1.0631804081542184,0.2316060184444529
48347,肺热炽盛证,清肺饮,-0.0283418522761623,0.416913684487239,-0.526396489936657,-0.0206541188973496,0.348362241477287,-0.5114034268843367
48383,肺热炽盛证,清肺饮,-0.0283418522761623,0.416913684487239,-0.526396489936657,-0.0206541188973496,0.348362241477287,-0.5114034268843367
48441,肺热炽盛证,清咽丸,-0.3336759883580649,0.9040607060684516,-0.1167495296949404,-0.2431663064779511,0.7554096344544053,-0.1134242167540133
48587,肺热炽盛证,清金宁嗽汤,-0.3680087622358272,1.350711886677601,-0.167777503118277,-0.2681863082349831,1.1286197549781474,-0.1629987883450917
48590,肺热炽盛证,清金导赤饮,-0.8364704336355495,0.6429876299819877,-1.04756510311213,-0.60957765293827,0.5372637559215202,-1.017727879759329
48636,肺热炽盛证,清宁膏,0.1124701512606679,1.1905390593436982,0.3461707471580773,0.0819625991239296,0.994783502463628,0.3363109552745212
48715,肺热炽盛证,清肺散,-0.8048795858270794,-0.4301260047921895,-0.2469157854365788,-0.5865558292287095,-0.3594021130089908,-0.2398830182915903
48869,肺热炽盛证,清金降火汤,0.2329497225816653,1.4361089466299546,0.1805082084193612,0.1697620614356616,1.1999753192771714,0.1753668919363836
48871,肺热炽盛证,清金降火汤,-0.0822125613675612,1.4046074742022197,-0.0737349443487682,-0.0599123868403418,1.173653507465555,-0.0716347922943473
48895,肺热炽盛证,清火宁肺汤,-0.1485210945466541,1.3999145076751172,-0.0613412515434283,-0.108234716476564,1.169732186579746,-0.0595941022563775
48920,肺热炽盛证,清金消毒汤,-0.4687631131807689,0.3849506151498181,-0.0306971740535883,-0.3416110203379526,0.3216547312822871,-0.0298228432498839
48922,肺热炽盛证,清金润燥天门备丸,0.2846804577931219,1.5386515040410642,0.13133092990494,0.2074608238628225,1.2856572157361037,0.1275903029242746
48925,肺热炽盛证,清金汤,-0.1350700797279355,1.0053644010369251,-0.2266428085099329,-0.0984322922507666,0.8400563696474522,-0.2201874654685056
48966,肺热炽盛证,清血四物汤,-0.5930464376371756,0.4755278895651099,-0.0902057405243893,-0.4321824669487131,0.3973387481814258,-0.0876364597992724
48989,肺热炽盛证,敛肺汤,0.1163043188190825,1.1931920215416378,-0.1955379492221327,0.0847567479273395,0.9970002487404152,-0.1899685488597526
49186,肺热炽盛证,清肺饮,-0.7621631105308907,0.0649572388769818,0.2345590398441533,-0.5554262068227231,0.0542765809263178,0.2278782231192958
49406,肺热炽盛证,清化丸,0.269409150568854,1.3017163499330389,0.1480515256093849,0.1963318619285571,1.0876803575973428,0.1438346550547943
49451,肺热炽盛证,清肺饮,0.2481589097202765,1.571189086604582,0.0770284984258335,0.1808457533705435,1.3128447742544094,0.0748345378736592
49456,肺热炽盛证,清肺饮,-0.0506185105415134,-0.607534280998939,-0.0907046901438761,-0.0368882289323937,-0.5076398587476931,-0.0881211981098924
49511,肺热炽盛证,清肺散,-0.7490065168021283,-0.0705968039910488,-0.4999789274259533,-0.5458383419044328,-0.0589888549945335,-0.4857383013445924
49563,肺热炽盛证,猪苓散,0.4431913394161509,1.2874213342675551,0.033067921164179,0.3229755955744565,1.0757358139556403,0.0321260656683656
49730,肺热炽盛证,萝卜茶,-0.4189628025794196,1.193413366757278,-0.1477219385978639,-0.3053190544402148,0.9971851990510664,-0.1435144554896933
49933,肺热炽盛证,清肺化痰汤,-0.2042266921914984,1.459456206247879,-0.0717852686631592,-0.1488301590677398,1.219483682747791,-0.0697406481539609
49964,肺热炽盛证,羚羊角饮,0.1994638587277755,0.960650818462611,0.2935794647075259,0.1453592451807619,0.8026948619070062,0.2852176015314321
49986,肺热炽盛证,清肺汤,0.5182026574543598,0.8335899173130197,0.0495747859395798,0.3776400778500607,0.6965260745163144,0.0481627744508884
49992,肺热炽盛证,清肺汤,0.2686230686471432,1.529150917542975,0.3679604323128764,0.1957590048931076,1.2777187725259849,0.3574800167556035
50142,肺热炽盛证,清痧散,-0.3666462395575156,0.9908680862143542,-0.3699675206488119,-0.2671933701191545,0.8279436256607391,-0.3594299382932271
50263,肺热炽盛证,羚羊角汤,-0.189879995604584,0.7144197094696683,-0.015559034266171,-0.1383750069413717,0.5969505454168499,-0.0151158748108069
50821,肺热炽盛证,清燥汤,-0.0548327930482317,1.2670608809112351,0.3683501313258897,-0.0399593864245944,1.058723148186646,0.357858616184966
51613,肺热炽盛证,黄芩汤,-0.236317355878138,0.689271025320584,-0.1813191815990548,-0.1722162234936059,0.575936958417051,-0.1761547666109593
51695,肺热炽盛证,羚羊角散,0.011227052930574,1.0967527201019414,-0.0318993619465192,0.0081817124666176,0.9164180743813368,-0.0309907898831863
51706,肺热炽盛证,麻黄汤,0.5797110383798054,1.1288691889693323,-0.0021828341801365,0.4224642975389809,0.9432537612375748,-0.0021206617091546
51784,肺热炽盛证,黄金丸,0.2009030745609025,1.272395249722039,0.2383961247583472,0.1464080734170644,1.0631804081542184,0.2316060184444529
52001,肺热炽盛证,降火安金汤,-0.1526033357394824,1.2656251605201008,0.0680204817605708,-0.1112096488889826,1.0575234975342445,0.0660830916157236
52395,肺热炽盛证,麻黄杏仁甘草石膏汤,-0.6942623181409944,0.9608413389060216,-0.3967252643123866,-0.5059435186208402,0.8028540558389479,-0.3854255557922941
52730,肺热炽盛证,黄连清肺饮,-0.4189325744548346,0.5258123609394425,0.0049902842913513,-0.3052970257007683,0.439355145846586,0.0048481487557625
52747,肺热炽盛证,黄牛散,0.5862443289427011,1.1018526278210092,-0.1906837473114571,0.4272254316653652,0.9206794247530016,-0.185252606524714
52894,肺热炽盛证,黄耆散,0.9460002269075332,0.4303649969898769,0.3160361381208505,0.6893974667951219,0.3596018086792933,0.3070346538096084
53427,肺热炽盛证,犀角散,-0.5879020663624864,0.6746888948704564,-0.1370963785081988,-0.4284335074620777,0.5637525091218248,-0.1331915374112046
53520,肺热炽盛证,疏风利水汤,-0.0470897735499444,0.8162439112744062,0.2697066456965155,-0.0343166625904633,0.6820322025971861,0.2620247389553739
53558,肺热炽盛证,紫苏饮子,0.244177171908636,1.3022657390700014,0.0810014644194064,0.1779440627760701,1.0881394128846045,0.078694344051798
53685,肺热炽盛证,紫菀散,0.5119232416122533,0.9752093545538788,-0.0954459946116632,0.3730639548731637,0.8148595963690558,-0.0927274585981037
53880,肺热炽盛证,紫苏方,-0.0312571991293749,-0.1836639361809789,0.859548596175486,-0.0227786773047021,-0.1534648126631726,0.8350665440619864
53888,肺热炽盛证,紫苏子散,-0.1936517288235017,0.4698754916534673,-0.5910987965727907,-0.1411236567329779,0.3926157513610094,-0.5742628531411905
54127,肺热炽盛证,黄芩汤,-0.5089762170444926,1.1960147387222553,-0.1254227516279382,-0.3709163113379832,0.9993588378697352,-0.121850404054763
54217,肺热炽盛证,紫菀茸汤,0.0031566162941311,1.2140728501260076,0.1551083886237725,0.0023003834617799,1.0144477265282943,0.1506905213031529
54598,肺热炽盛证,紫菀膏,0.208713594782303,0.8878172771966608,0.5882717642993758,0.1520999883889958,0.741837047365993,0.5715163416803883
54612,肺热炽盛证,紫苏散,-0.1936517288235017,0.4698754916534673,-0.5910987965727907,-0.1411236567329779,0.3926157513610094,-0.5742628531411905
54859,肺热炽盛证,犀角丸,-0.5550893628446636,0.719629886173978,-0.0596532731509704,-0.4045212566607916,0.6013040336873018,-0.0579542016284049
55415,肺热炽盛证,紫菀饮,0.269409150568854,1.3017163499330389,0.1480515256093849,0.1963318619285571,1.0876803575973428,0.1438346550547943
55726,肺热炽盛证,款冬花汤,0.4432554266163468,0.8982785895230714,-0.0109152308013807,0.3230222991081474,0.7505782481143074,-0.0106043382579
55889,肺热炽盛证,款肺汤,0.1163043188190825,1.1931920215416378,-0.1955379492221327,0.0847567479273395,0.9970002487404152,-0.1899685488597526
56145,肺热炽盛证,紫菀汤,-0.0006657900393789,0.5644832641435684,0.108217685151235,-0.0004851943514492,0.4716675477211108,0.1051353800677724
56269,肺热炽盛证,散斑饮,-0.9578618594378152,0.0450748004429313,0.3069344460180503,-0.6980416290118298,0.0376633320054083,0.2981922002203411
57039,肺热炽盛证,槐子汤,-0.3551174387900553,-0.917251732085118,-0.3799855015949618,-0.2587917589797423,-0.7664317130321399,-0.3691625825723323
58196,肺热炽盛证,八味檀香散,0.2009030745609025,1.272395249722039,0.2383961247583472,0.1464080734170644,1.0631804081542184,0.2316060184444529
58295,肺热炽盛证,解齆汤,-0.7183896322997365,0.0855198847111685,-0.2899709552598261,-0.5235262937497437,0.0714581934759537,-0.2817118712828883
58638,肺热炽盛证,蒲黄散,0.2033819170921983,-0.2318998725103916,0.471320624189688,0.1482145293914416,-0.1937695076748909,0.4578962568707013
58846,肺热炽盛证,葶苈丸,0.269409150568854,1.3017163499330389,0.1480515256093849,0.1963318619285571,1.0876803575973428,0.1438346550547943
58874,肺热炽盛证,噙化紫金丹,0.1122920187411189,0.6642360858599903,0.38294743950976,0.081832785087698,0.5550184135233596,0.372040157230987
59294,肺热炽盛证,葶苈子丸,0.4714464179905885,1.2080736692008445,-0.0876455693743174,0.3435664781548878,1.0094349668327525,-0.0851492086025277
59351,肺热炽盛证,葶苈桑白皮散,0.4432554266163468,0.8982785895230714,-0.0109152308013807,0.3230222991081474,0.7505782481143074,-0.0106043382579
59557,肺热炽盛证,蔓荆实散,0.315611516079185,1.3142517532016085,0.1678336705205236,0.2300018260964175,1.098154614842776,0.1630533559619684
60601,肺热炽盛证,麝香散,-0.545173746295379,0.0699734159323575,-0.3982891537973864,-0.3972952531817705,0.0584679681310981,-0.3869449018692284
61531,肺热炽盛证,橘皮汤,0.2009030745609025,1.272395249722039,0.2383961247583472,0.1464080734170644,1.0631804081542184,0.2316060184444529
61536,肺热炽盛证,橘皮汤,0.2227320869568515,1.403288529707479,0.2846442971569133,0.1623159616187418,1.1725514317178207,0.2765369294666946
62199,肺热炽盛证,橘皮汤,0.269409150568854,1.3017163499330389,0.1480515256093849,0.1963318619285571,1.0876803575973428,0.1438346550547943
62336,肺热炽盛证,泻白散,0.4994326523905221,1.1847352749417914,0.3004138498888978,0.3639614405995793,0.989934011025644,0.2918573266610995
63075,肺热炽盛证,息沸饮,-0.6117462360878783,0.2934809509098802,0.0737756429729317,-0.4458099411446087,0.2452250566339489,0.0716743317218788
63643,肺热炽盛证,解呃汤,0.6290790531601171,0.3071990638941881,-0.4172299838275964,0.4584412279478757,0.2566875553857701,-0.4053462506066578
64523,肺热炽盛证,杏仁紫菀丸,0.4714464179905885,1.2080736692008445,-0.0876455693743174,0.3435664781548878,1.0094349668327525,-0.0851492086025277
64572,肺热炽盛证,国老汤,-0.0259090959441272,1.4867980333833997,0.0877991569920081,-0.0188812482310101,1.2423298030394023,0.0852984216681838
64726,肺热炽盛证,泻白散,-1.162186474598349,-0.2445503663001774,-0.1296263577449328,-0.8469431494227001,-0.2043399315692862,-0.1259342811599497
65105,肺热炽盛证,和肺饮,-0.2030884784927154,0.3848959878345537,0.2760150375162977,-0.1480006860736607,0.3216090861171139,0.2681534523044199
65215,肺热炽盛证,白虎加人参汤,0.3298122972513733,0.967660278660921,0.0658906022070896,0.2403506423949314,0.8085517847116206,0.0640138762555827
65272,肺热炽盛证,贝母瓜蒌散,-0.3460761654604091,0.3399544517359648,0.5937414641991946,-0.2522029329385096,0.2840571063350349,0.5768302511122937
65434,肺热炽盛证,百部散,0.1945820798093315,1.086829201714402,0.3867856434213941,0.1418016498186224,0.908126240274054,0.3757690396817927
65445,肺热炽盛证,汉防己散,0.5182460531238534,0.9655773746218508,0.0320597246731343,0.3776717024350955,0.8068113642197267,0.0311465850860482
65611,肺热炽盛证,加味款冬散,0.2009030745609025,1.272395249722039,0.2383961247583472,0.1464080734170644,1.0631804081542184,0.2316060184444529
65904,肺热炽盛证,地骨散,0.269409150568854,1.3017163499330389,0.1480515256093849,0.1963318619285571,1.0876803575973428,0.1438346550547943
66553,肺热炽盛证,人参泻肺汤,0.3846459410582062,1.1953856995229692,-0.0895046038210298,0.2803106488096779,0.9988332290600608,-0.0869552931888044
67257,肺热炽盛证,桃花散,0.2180334732241705,0.9641447769334472,0.690584594668816,0.1588918478472811,0.8056143228165853,0.6709150517125617
67258,肺热炽盛证,桃花散,0.059407834732524,0.9516734707456208,0.5359123715771917,0.0432934470917294,0.7951936234262926,0.5206482728774793
67263,肺热炽盛证,梨膏,0.1824926675624862,1.474085355893438,0.4055171926514476,0.1329914931812798,1.2317074200609506,0.3939670684495277
67339,肺热炽盛证,铁笛丸,-0.5173919961257303,0.8331553896019339,0.0862608552196182,-0.3770493085769783,0.6961629944519026,0.0838039345030488
67360,肺热炽盛证,犀角止红丹,-0.1065519050186917,0.5994051254880979,0.2560696973147019,-0.0776496784173187,0.5008473476346147,0.2487762043089072
67743,肺热炽盛证,清金理嗽丸,0.2795652010178789,1.4294410934842992,0.1738042270698502,0.2037330815615473,1.1944038344492776,0.1688538564176225
67745,肺热炽盛证,清音丸,-0.1987395101928349,1.468543854250549,0.1283157663843691,-0.1448313763379634,1.227077085281124,0.1246610186556387
67799,肺热炽盛证,羚羊清肺丸,-0.6447843718760811,1.1913557826816707,-0.2304678343604379,-0.4698864756656163,0.9954659352627164,-0.2239035452016831
67922,肺热炽盛证,清音丸,-0.8355328932482124,0.9432155586617536,-0.1427466238031786,-0.6088944205777862,0.7881264118633584,-0.1386808498626183
67923,肺热炽盛证,蛇胆川贝散,0.1681185266168376,1.370679526636978,0.252049375681281,0.1225163409842446,1.1453041960797032,0.2448703912956858
68076,肺热炽盛证,鲜石斛膏,-0.8539885098746132,0.7387560687185613,0.0115131347056023,-0.622343947320475,0.6172853748378793,0.0111852123925342
68099,肺热炽盛证,复方益气固脱汤,-0.124571643415387,0.6859443648163572,0.0244891209346755,-0.0907815589915998,0.5731572873412222,0.0237916107094199
68111,肺热炽盛证,清肺散,0.0660688515173228,1.369360219786209,0.1666650266962195,0.0481476616755161,1.1442018175566873,0.1619179979799495
68132,肺热炽盛证,定喘散,0.3224740560319039,1.2856106314535969,0.266268256703533,0.2350029006465267,1.0742228377344458,0.2586842837137666
68140,肺热炽盛证,保婴散,-0.7431604712493411,1.0928295103379666,-0.21313132044397,-0.5415780374349136,0.9131399422450778,-0.2070608177203951
68219,肺热炽盛证,百花丸,0.0943507818843271,1.5494989455216184,0.2038276695935879,0.0687581124941443,1.2947210559722595,0.1980221576639929
68358,肺热炽盛证,法制贝母,0.1400853897683251,1.401801379663298,0.0907118946694946,0.102087198389996,1.1713088077837055,0.0881281974329518
68373,肺热炽盛证,法制杏仁,-0.1741888388823267,1.2982437930384143,0.067460976396982,-0.1269400797735722,1.0847787792887378,0.0655395223371102
68533,肺热炽盛证,四红丹,-0.0636786995629966,-0.6170674378980587,0.1781503188376658,-0.0464058389404895,-0.5156055169385882,0.1730761608328404
68697,肺热炽盛证,止嗽青果丸,0.1400853897683251,1.401801379663298,0.0907118946694946,0.102087198389996,1.1713088077837055,0.0881281974329518
68733,肺热炽盛证,止嗽金丹,0.3031855496657712,1.425133932416856,0.3538844252255497,0.2209464056808302,1.1908048825806106,0.3438049288723745
68815,肺热炽盛证,川贝枇杷露,-0.0134784770258902,1.225329906989196,0.3800842382625894,-0.0098224373035095,1.0238538307345422,0.3692585069775083
68900,肺热炽盛证,枇杷叶膏,-0.042826062159162,1.5325596330603322,0.0419092993791993,-0.031209483809376,1.2805670066386297,0.0407156197478125
68901,肺热炽盛证,枇杷叶露,0.4131585473899959,1.351878440137087,0.1419134770677327,0.3010892046892249,1.129594496736623,0.1378714331895401
69014,肺热炽盛证,五味沙棘散,0.4385725482562074,1.2963395782681322,0.0716658416419028,0.3196096524861236,1.0831876669066975,0.0696246227071718
69060,肺热炽盛证,八宝治红丹,-0.1065519050186917,0.5994051254880979,0.2560696973147019,-0.0776496784173187,0.5008473476346147,0.2487762043089072
69139,肺热炽盛证,化痰金丹,0.0735038723994752,1.5239014466393934,0.1707718398654394,0.0535659315827872,1.2733324510436603,0.1659078390379046
271,心热证,七宝汤,0.0480933831443009,0.6731545843240738,0.5944458598467645,0.0350480428716948,0.5624704790975107,0.5775145838442483
572,心热证,七气丸,0.1193287026110959,-0.0567943220803348,1.198500869013435,0.0869607669809565,-0.047455859760089,1.1643646248687574
1161,心热证,七宝镇心丸,-0.464841490690203,0.6085280465235681,0.0336779160522448,-0.3387531387710942,0.5084702233976048,0.0327186864059704
1459,心热证,二石汤,-0.3807113731572742,0.5850925313222783,0.1044850206017428,-0.2774433332777324,0.4888881158547995,0.1015090309592332
1595,心热证,人参汤,0.0480933831443009,0.6731545843240738,0.5944458598467645,0.0350480428716948,0.5624704790975107,0.5775145838442483
1974,心热证,人参散,-0.3732822793635386,0.5062576925272952,0.7261001613838497,-0.2720293827349009,0.4230157730390493,0.7054190479834963
2297,心热证,人参知母散,-0.4657409675685892,0.3975384686115398,-0.0987718799736492,-0.3394086323574196,0.3321728145462276,-0.0959586145880473
2464,心热证,人参黄连散,-0.4464077269925484,0.0489609735615508,0.166721023531903,-0.3253195373456422,0.0409105172831862,0.1619723998884171
2650,心热证,三黄汤,-0.9167116338294584,0.4010190848298693,-0.75190727124634,-0.6680534107370978,0.3350811270163034,-0.73049110806362
3075,心热证,十味导赤散,-0.8848434893496401,0.6184083120657449,-0.2651727410184377,-0.6448295071364963,0.5167259165512049,-0.2576199710022006
3103,心热证,三黄丸,-0.777531807021089,0.0718937665729269,0.0732664333086638,-0.5666261411640935,0.0600725632270683,0.0711796255977165
3113,心热证,三黄丸,-0.7219371736574858,0.5626703354583895,-0.0489246232983761,-0.526111563769581,0.4701527116197626,-0.047531130036269
3591,心热证,大泽汤,-0.9814232300599116,0.5915807296599058,-0.4122249013404218,-0.7152119729071933,0.4943094857933396,-0.4004837251439825
3660,心热证,大生脉汤,0.1632083170924083,-0.2269341661393195,0.9442403036756088,0.1189380268239609,-0.1896202924624608,0.9173460240210198
3710,心热证,大青散,-0.5292302953464989,0.3596335801412529,-0.4552654566116164,-0.3856764666492758,0.3005004746788135,-0.4422983798415135
4702,心热证,土瓜丸,-0.4527430549911531,0.46734552169671,0.3172481982858411,-0.3299364062948515,0.390501774205066,0.30821219152845
4894,心热证,大黄散,-0.182398627485784,0.5849152887220705,0.397324231421255,-0.1329229614951218,0.4887400165436205,0.3860074628488992
5030,心热证,大安神丸,-0.6748032979035178,0.5240758894313235,-0.3788512556158893,-0.4917627617071923,0.43790419537569,-0.36806064270055
5062,心热证,大温惊丸,-0.7315697419043469,0.5729301858049405,0.2758099197536737,-0.5331312958576223,0.4787255759725886,0.267954176798739
5595,心热证,小惊丸,-0.6433949493730782,0.2842494852211151,0.6929478311997167,-0.4688739343081902,0.2375114837791406,0.6732109774710832
6144,心热证,丹砂散,-0.5708600172610026,0.1945448638451117,0.2184622624655608,-0.4160141177564667,0.1625566330842065,0.2122399214387564
6284,心热证,大黄泄热汤,0.1143174268688634,0.1804845444413123,-0.1612461202459888,0.0833088008356623,0.1508081955403098,-0.156653435275614
6337,心热证,中和散,-0.4844755528313397,0.8073333367754012,-0.1615005102059501,-0.3530614574352933,0.6745867580823545,-0.156900579585609
6919,心热证,乌癞白癞丸,-0.3155590607359113,0.6457902401186,0.6811541687338651,-0.2299635992760171,0.5396055441273403,0.6617532274369227
7662,心热证,升麻汤,-0.7061389016188306,0.5520710556467552,-0.3735925385397973,-0.5145985763374399,0.4612962288258069,-0.3629517067841038
7864,心热证,五参丸,-0.4196838165535357,-0.4163970753530069,-0.1776705803934843,-0.3058444932225124,-0.3479305763085361,-0.1726100865161365
7946,心热证,升麻汤,-0.4006527466925738,0.2301844489583926,-0.164193888329627,-0.2919756050559236,0.1923361443292088,-0.1595172436946524
9019,心热证,天竺黄丸,-0.5952601451901037,0.602127591529197,0.4303341636720437,-0.4337957058632563,0.5031221695167257,0.4180771912703492
9024,心热证,天竺黄丸,-0.8032062716023248,0.423283142427782,0.1864864390706209,-0.5853364018386452,0.3536843950254293,0.1811748479167267
9260,心热证,天竺黄散,-0.6815208879635071,0.6528582123887714,0.4088964231575982,-0.4966582040533995,0.545511358098797,0.3972500501830979
9306,心热证,天竺黄散,-0.6048145115114982,0.7857733375668179,-0.5455903268195037,-0.4407584483145282,0.6565717829687696,-0.5300505762187252
9405,心热证,升麻散,-0.2747252810170884,0.5573922052063578,-0.1730258462576355,-0.2002059908768617,0.4657424431305709,-0.1680976457999653
9753,心热证,升麻汤,-0.5047110792818083,0.4505812923032101,-0.0824414535299344,-0.3678080930886717,0.376494019733438,-0.0800933187407986
9802,心热证,引气丸,-0.516977017650322,0.3780356905038801,0.7836445065824503,-0.3767468931001277,0.3158767999287788,0.7613243890998871
10525,心热证,木通散,0.2188361627309806,0.1642176415942678,-0.5465930552831619,0.1594768076568859,0.1372159942081342,-0.5310247445164868
10683,心热证,木瓜槟榔散,-0.5671577510728398,-0.5636364844983359,-0.1998566981678192,-0.4133160920489421,-0.470960000652673,-0.1941642892434755
11087,心热证,加味柴胡汤,0.102002409978764,0.9536035476503884,-0.7188024489581691,0.0743342348619022,0.7968063455358951,-0.6983291923057761
11508,心热证,加减火府丸,-0.6686910497004981,0.2233895438142815,-0.5779291781208642,-0.4873084621121916,0.1866584981527841,-0.561468337722053
12034,心热证,加味犀角汤,-1.1853898689986615,0.643575133068724,-0.7144677887550863,-0.8638526182215773,0.537754658234842,-0.6941179938562908
12043,心热证,木通散,0.1892887841877013,0.4183027187989916,-0.7574947455876563,0.1379441617454126,0.34952288245487,-0.7359194374320801
12056,心热证,加减运痰汤,0.6326575054479153,0.8888063216794135,0.2912764154624035,0.4610490243014979,0.7426634672359866,0.2829801487771771
12159,心热证,宁心膏,-0.561542677910096,0.3846298494082713,0.8564236644546596,-0.4092241086601863,0.3213867077635777,0.8320306180606515
12625,心热证,加减补心丹,-0.170236711560309,0.455622084907575,0.43076931012922,-0.1240599678171962,0.3807059750513317,0.4184999436892024
12884,心热证,发火汤,-0.6508049965942658,0.5664984959842774,0.2803666783431465,-0.4742740046652752,0.4733514230824802,0.2723811477278603
13030,心热证,加减清心饮,-0.4182342456615579,0.4634348799758699,-0.0183847677644062,-0.3047881187392458,0.3872341435990763,-0.0178611244887316
13260,心热证,四逆汤,0.7745532572836102,0.2292878800816113,0.3882837513758046,0.564455523668098,0.1915869946726355,0.3772244778474621
13380,心热证,玄霜,-0.0351113190863357,0.8176273037899122,-0.7932026517160427,-0.0255873664143645,0.6831881294364245,-0.7706102948181512
13387,心热证,半夏十味汤,-0.2107205761293381,0.9411976715321207,-0.6856313553876134,-0.1535625756243859,0.7864403178115605,-0.6661028928342038
13584,心热证,火府丹,-0.2303645927199328,0.493101803983246,-0.1508157066938868,-0.1678781485915381,0.4120230544204054,-0.1465201054826899
14037,心热证,加味泻心汤,-0.5773478715477144,0.4365822125218015,-0.1200596619625723,-0.420742140206119,0.3647967524267321,-0.1166400683363653
14140,心热证,牛黄丸,-0.2650157456565755,0.6762459281112243,0.0432466755706902,-0.193130169020902,0.5650535256391302,0.0420149041853745
14252,心热证,冬葵散,-0.506525600389532,0.5572410362785178,-0.5489842840878789,-0.3691304249650607,0.465616130302512,-0.5333478652602136
14266,心热证,牛蒡粥,-0.6045931609167932,0.2218595387567089,0.4429225292423534,-0.440597139115098,0.1853800656830438,0.4303070093154958
14459,心热证,加味清心饮,-0.2312678254900296,-0.2888187274562245,-0.1811133605694604,-0.1685363792831592,-0.2413294238614699,-0.1759548078690762
14986,心热证,加味八正散,-1.2033252378164063,-0.1253188996660316,-0.1095061846892063,-0.8769230144829073,-0.1047132162160109,-0.10638717997878
15013,心热证,牛黄泻心汤,-0.6964922334327466,0.3885795692269422,-0.2763833616250735,-0.5075685689216494,0.3246869910126913,-0.2685112856392408
15151,心热证,四味汤,-0.9785401631455882,-0.2628949964702399,0.4296650933707617,-0.7131109384985306,-0.2196682278639366,0.4174271777321827
15324,心热证,牛黄丸,-0.2650157456565755,0.6762459281112243,0.0432466755706902,-0.193130169020902,0.5650535256391302,0.0420149041853745
15503,心热证,仙露汤,-0.2700740359818029,0.1850715551796483,-0.0531091375633731,-0.1968163970336854,0.1546409825222301,-0.051596459072227
15661,心热证,石膏汤,-0.4527430549911531,0.46734552169671,0.3172481982858411,-0.3299364062948515,0.390501774205066,0.30821219152845
15818,心热证,牛黄竹沥散,-0.7306256798715197,-0.0895149063952449,-0.3882432280741407,-0.5324433108493564,-0.0747963297866552,-0.3771851087488154
16241,心热证,牛黄散,-0.4527430549911531,0.46734552169671,0.3172481982858411,-0.3299364062948515,0.390501774205066,0.30821219152845
16252,心热证,地骨皮汤,0.0643383664685005,0.2002282940946427,0.7409754651126349,0.0468865710594125,0.1673055597198037,0.7198706665795123
17134,心热证,地黄散,0.2037066758095111,1.204327036966137,0.2198547224765168,0.148451197238517,1.0063043782916758,0.2135927207735087
17419,心热证,龙齿丸,-0.4527430549911531,0.46734552169671,0.3172481982858411,-0.3299364062948515,0.390501774205066,0.30821219152845
17476,心热证,龙齿丸,-0.4598179843673615,0.7338625263166572,0.1965527744433782,-0.3350922595927484,0.6131964579629436,0.1909544693697774
17491,心热证,光明丸,-1.162186474598349,-0.2445503663001774,-0.1296263577449328,-0.8469431494227001,-0.2043399315692862,-0.1259342811599497
17619,心热证,龙胆丸,-0.4527430549911531,0.46734552169671,0.3172481982858411,-0.3299364062948515,0.390501774205066,0.30821219152845
17711,心热证,石燕子散,-0.1037955553505371,0.2139465915590207,-0.6082004623688998,-0.0756409891752039,0.1787682126183779,-0.5908774215525665
17769,心热证,生地黄膏,0.8417708271624194,-0.1841971395728183,0.1258407921179112,0.6134403136084334,-0.1539103435623872,0.1222565377263121
17813,心热证,玄参散,-0.3655308878632521,0.3162742240346716,-0.0789385242670841,-0.2663805578060703,0.2642705233859509,-0.0766901614944981
17833,心热证,龙虎丸,-0.3587932674196045,0.3700200894806036,0.1463266575668097,-0.2614705183219765,0.3091791719948564,0.1421589154844139
18503,心热证,玄冬汤,-0.2720702456847489,0.3978162679362612,-0.306189774859073,-0.1982711344357065,0.3324049364434971,-0.2974687391223221
18508,心热证,玄丹升麻汤,-0.1467368522274556,0.1021350908693828,-0.041316316819681,-0.1069344502609574,0.0853414280044665,-0.0401395267859145
18563,心热证,龙脑丸,0.2569874130826339,-0.1561763850588608,-0.1165519378438396,0.1872795233427745,-0.1304969291949204,-0.1132322528034377
18796,心热证,石膏汤,0.2037066758095111,1.204327036966137,0.2198547224765168,0.148451197238517,1.0063043782916758,0.2135927207735087
19245,心热证,龙齿散,-0.5018219726303157,0.7128804930285353,0.2988079862037442,-0.3657026572228148,0.5956644161543594,0.290297201912176
19315,心热证,甘桔汤,-1.285902311542716,-0.111950375025713,-0.6404312209667956,-0.9371010396281764,-0.09354282440056,-0.6221901690977281
19471,心热证,地仙散,-0.4239905515303527,0.9551154968110582,-0.2336162006097762,-0.3089830254328918,0.7980696909673565,-0.2269622382586835
19503,心热证,地血散,-0.3845098426065586,0.5169298373505049,-0.1786391812464584,-0.2802114670916065,0.4319331399433188,-0.1735510992412662
19855,心热证,归脾汤,-0.563133620744416,0.2821194525866475,0.6577915991769854,-0.4103835079167609,0.2357316838575441,0.6390560811591242
20041,心热证,生铁落饮,-0.5854591643346416,0.079370755364579,0.0059734796684244,-0.4266532431220465,0.0663201407757976,0.005803340317151
20196,心热证,地骨散,-1.4197308862891205,-0.1813777718486845,-0.2875772435443617,-1.034628585384242,-0.1515545531518711,-0.2793863383478018
20310,心热证,生干地黄散,0.1647955353733727,0.1238232817165922,0.0885610091253586,0.1200947118130594,0.1034635167202959,0.0860385743842884
20436,心热证,至宝丹,-0.5406002958326751,0.2763371248995543,0.245853653721819,-0.393962352117034,0.2309001210929172,0.2388511386930085
20484,心热证,甘露饮,-0.9554088394565274,0.2626636893759174,-0.5102577365442368,-0.6962539912153507,0.2194749536663126,-0.4957243447697921
20514,心热证,团参太一丹,-0.8370242320501968,0.8076538421148804,0.4732182222737082,-0.609981233416703,0.6748545640158626,0.4597398067073157
20525,心热证,芍药地黄汤,-0.436785941114884,0.094599469406266,-0.2728947115940575,-0.3183076629068898,0.0790448585190001,-0.2651220009172313
21579,心热证,地黄丸,-0.381979429251896,0.1108676707651613,0.1925681009939987,-0.2783674288905253,0.0926381448539371,0.1870832891928865
21710,心热证,地骨皮散,-0.5836731682084499,0.9022743233475644,-0.0994329644369373,-0.4253516988199617,0.7539169794710364,-0.0966008697444717
21758,心热证,竹叶清心汤,0.3860334617401159,0.4637041497797289,0.0261337600149273,0.2813218042153815,0.3874591384503483,0.0253894064350903
21766,心热证,地黄汤,-0.1661215943945652,0.2894037785189165,-0.1637561610267827,-0.1210610770464161,0.2418182773272147,-0.1590919839389455
21830,心热证,沈氏止涎汤,-0.6140054840764176,0.568947152683996,-0.0094697196587799,-0.4474563676420447,0.4753974569937236,-0.0091999988178431
21995,心热证,竹沥磨犀角饮子,-0.8315115885532216,0.4704224595726085,0.3515637203813895,-0.6059638956253762,0.3930727835415734,0.3415503233938436
22111,心热证,忘忧散,-0.1482006057170873,0.0431018722504846,-0.630240083628919,-0.1080011603092873,0.0360148044732892,-0.612289300345609
22546,心热证,芍药汤,-0.4643581955967631,0.1399520861333401,-0.2479561036559292,-0.3384009375731927,0.1169403265925299,-0.2408937056966108
22590,心热证,红蓝花散,0.1081349040171432,-0.2325492417036698,0.1319820985872745,0.0788032886051716,-0.1943121036992812,0.1282229247255061
23489,心热证,安神丸,-0.250086548913973,0.5819718502589508,0.236496373926574,-0.1822505200283418,0.4862805558475199,0.2297603771756213
23777,心热证,导赤饮,-0.1197505506771983,0.3462149456034791,-0.5201508980937594,-0.0872681886705835,0.2892882123351281,-0.5053357248148129
23821,心热证,导赤各半汤,-0.4493874231093517,0.8470235537722253,-0.2356930397375795,-0.3274909902653298,0.7077508720757314,-0.2289799239145546
23822,心热证,导赤散,-0.7811547747556383,0.2500653826424089,-0.0098562519229248,-0.5692663781401919,0.2089481359200897,-0.0095755216951116
23823,心热证,导赤各半汤,-0.2528592041462176,0.4788177430434709,-0.464201992602247,-0.1842710919468647,0.4000876642628522,-0.4509803813697411
23824,心热证,导赤散,-0.8994237591540912,0.263997033933759,-0.4042860796615933,-0.6554548756961177,0.2205890617325961,-0.3927710205770028
23831,心热证,导赤各半汤,-0.7350008756508704,0.5509939363190681,-0.1992209659057764,-0.5356317338552125,0.4603962159039642,-0.193546664195427
23833,心热证,导赤解毒汤,-0.250086548913973,0.5819718502589508,0.236496373926574,-0.1822505200283418,0.4862805558475199,0.2297603771756213
23892,心热证,安神丸,-1.0222271990806588,0.7137767095037011,-0.3653687065298733,-0.7449478567663831,0.5964132713532997,-0.354962109679263
24027,心热证,安心煮散,0.0029944493763477,0.7917167788286992,0.5882684902351452,0.0021822043544839,0.661537968050039,0.5715131608695369
24093,心热证,朱氏洗心散,-0.6484531871479391,0.4819124638223395,-0.5701699351383832,-0.4725601240249051,0.402673532531002,-0.5539300970097213
24122,心热证,导赤散,-1.1154326320479924,-0.0229333711671047,0.0069575405977594,-0.812871296477675,-0.0191625290357858,0.0067593727777501
24123,心热证,导赤散,-0.6571589004380382,0.6738794917678972,-0.5038023584786067,-0.4789044107577513,0.5630761929212353,-0.4894528317036725
24127,心热证,导赤散,-0.5671645148679333,0.2598092279669176,-0.5485213288507951,-0.4133210211631967,0.2170898398846131,-0.5328980961237074
24131,心热证,导赤散,-0.6663052286818474,0.8586245032572124,-0.5864635704110379,-0.4855697955456295,0.7174443240208872,-0.5697596495886942
24143,心热证,朱砂滚痰丸,-0.6073963873020533,0.3219424000817842,0.351676636603626,-0.4426399897549641,0.2690067040063796,0.341660023485137
24351,心热证,杀疳保童丸,0.1303158408755411,-0.2742104231719356,-0.6898922324842264,0.0949676416849904,-0.2291231043905317,-0.6702424097010489
24413,心热证,异功丸,-0.2950257700006631,0.7406972116289199,-0.1818404698700385,-0.2149999679626058,0.6189073434142093,-0.1766612073134947
24456,心热证,朱砂黄连丸,-0.0964697484269868,0.6377321648396768,-0.1079868156619557,-0.0703023089173403,0.5328724258090705,-0.1049110863077691
24556,心热证,朱砂散,-0.5708600172610026,0.1945448638451117,0.2184622624655608,-0.4160141177564667,0.1625566330842065,0.2122399214387564
24561,心热证,朱砂膏,-0.7677831634036768,0.6417969277333428,0.2667400443456177,-0.559521819174127,0.5362688360623169,0.2591426336867172
24825,心热证,安神散,-0.4464077269925484,0.0489609735615508,0.166721023531903,-0.3253195373456422,0.0409105172831862,0.1619723998884171
25107,心热证,诃黎勒散,1.0386275065143942,-0.1788705944639724,0.1940718559069248,0.7568995773663227,-0.1494596208768759,0.1885442134778435
25156,心热证,赤茯苓汤,0.9972131617167016,0.2011459636638985,-0.4255856281920904,0.7267188822878008,0.1680723405667184,-0.4134639057269327
25519,心热证,芩连四物汤,0.1841910210308192,-0.5535821805346701,0.4980904641939314,0.1342291679148461,-0.4625588855163725,0.4839036261769877
25938,心热证,芩连清心丸,-0.6073963873020533,0.3219424000817842,0.351676636603626,-0.4426399897549641,0.2690067040063796,0.341660023485137
26012,心热证,延寿水仙丹,0.0293633183644291,-0.4822160967496487,0.7326123426760671,0.0213985120947701,-0.4029272403153216,0.7117457463809966
26013,心热证,延寿膏,-0.557218758536183,0.3552105893123574,-0.4345693721942611,-0.40607305332403,0.2968047384712516,-0.4221917706667513
26986,心热证,赤芍药丸,0.2599163557132211,-0.2407304813399975,0.5826673415925263,0.1894139896700352,-0.201148134954238,0.5660715466774124
28095,心热证,辰砂益元散,-0.3833466983833352,0.7686776978692595,0.0667392056955291,-0.2793638259830743,0.6422871106585907,0.0648383094354206
28689,心热证,赤茯苓散,-0.4182342456615579,0.4634348799758699,-0.0183847677644062,-0.3047881187392458,0.3872341435990763,-0.0178611244887316
28828,心热证,抑心气汤,-0.2944194924855184,0.161990027186205,0.1943925507367551,-0.2145581433507006,0.135354657492132,0.188855774132397
30033,心热证,补心汤,-0.2496125657003808,0.3415123834938663,0.3188666080204885,-0.1819051048609248,0.2853588736299097,0.3097845049846077
30070,心热证,辰砂五苓散,-0.5969300104944202,0.9637297914037302,-0.122171750740329,-0.4350126198532752,0.8052675716911318,-0.1186919996457073
30071,心热证,辰砂五苓散,-0.3833466983833352,0.7686776978692595,0.0667392056955291,-0.2793638259830743,0.6422871106585907,0.0648383094354206
30119,心热证,返魂丹,-0.7705920452426112,0.4198057024403198,0.4711300039080145,-0.5615687912246712,0.3507787365313337,0.4577110659221576
30394,心热证,芦荟丸,0.422966255774776,-0.5484853253694093,-0.6460468093991042,0.3082365701160131,-0.45830008577935,-0.6276458117989175
30678,心热证,麦门冬汤,0.3284435655605113,1.1696769981357815,0.242783113247035,0.2393531794625101,0.9773517062078524,0.2358680547416308
30764,心热证,麦门冬汤,-0.0784626242018151,0.3413367811537691,0.8133656213804338,-0.0571796209179093,0.2852121448774579,0.7901989736556095
30905,心热证,麦门冬散,0.3284435655605113,1.1696769981357815,0.242783113247035,0.2393531794625101,0.9773517062078524,0.2358680547416308
30908,心热证,连翘散,-0.9733665201947904,0.0037790168353454,-0.2055888397975242,-0.7093406472840749,0.003157648271873,-0.1997331654211457
30984,心热证,麦门冬散,-0.2248169456612048,0.7702580126817837,0.2197680890317354,-0.1638353019619312,0.6436075806522964,0.2135085548617085
31119,心热证,麦门冬汤,-0.4456952609962025,0.9374893778885908,-0.1538787335474087,-0.3248003279003504,0.7833417640010638,-0.1494958898191667
31548,心热证,麦门冬散,-0.1731168951435558,0.291675429141579,0.8580841579318745,-0.1261589009989419,0.2437164095598788,0.8336438166111756
32050,心热证,抱龙丸,-0.9018823685395124,0.3579440288577373,0.608932067270395,-0.6572465867696857,0.2990887295283989,0.5915881885521623
32262,心热证,定心丸,-0.4756538535281669,0.4869168074881058,0.1741063173312463,-0.3466326459197649,0.406855032062909,0.1691473424074796
33122,心热证,治要茯苓散,-0.6758349303434432,0.868734238993796,0.2306930011359991,-0.4925145636312502,0.7258917565062727,0.2241222986752414
33152,心热证,知母散,-0.3887082599069595,0.7960280890492002,-0.1810768234049254,-0.2832710628180334,0.6651403868431875,-0.1759193113725967
33354,心热证,知母散,-0.4657409675685892,0.3975384686115398,-0.0987718799736492,-0.3394086323574196,0.3321728145462276,-0.0959586145880473
33439,心热证,泻火止痛汤,1.0273209671290493,-0.2931105069934486,0.3302065317600678,0.748659939162475,-0.2449155233231667,0.3208014398842416
33662,心热证,知母饮,-0.3944277237431002,0.5525719155136333,-0.306747552542975,-0.2874391208881158,0.4617147343159931,-0.2980106299298034
34043,心热证,泻心汤,-0.6565985479810712,0.7703789425495311,-0.6055188662629584,-0.4784960540223536,0.6437086265074878,-0.5882722038804974
34143,心热证,败毒流气饮,-0.1711489048677705,-0.3469865411224798,0.3157654396592423,-0.124724728498541,-0.289932937501306,0.306771665504091
34359,心热证,金露散,-0.9066408846350756,0.1939545560535087,-0.2702267541773436,-0.6607143543755236,0.1620633872323768,-0.2625300334710709
34410,心热证,降气汤,0.0947182348318116,0.4995893427552643,0.5329277245406923,0.0690258937524959,0.4174438732430609,0.517748635908605
34540,心热证,郁金散,-0.4006527466925738,0.2301844489583926,-0.164193888329627,-0.2919756050559236,0.1923361443292088,-0.1595172436946524
34552,心热证,金屑辰砂膏,-1.096365765911566,0.9010465677745804,-0.25786220886368,-0.7989763217828552,0.7528910988168263,-0.2505176607327285
35122,心热证,前胡汤,-0.4282059468822636,0.6289230159985459,-0.3113517277571334,-0.312054993910793,0.5255117299384667,-0.302483666941847
35138,心热证,养心汤,-0.3734006562545703,0.1554616760508249,1.2105793494443942,-0.2721156498693932,0.1298997369191389,1.176099080553846
35233,心热证,金泥煎,-0.3052793057470672,0.5681652181059313,0.485705164364324,-0.2224722299855991,0.4747440927784468,0.4718710900622172
35449,心热证,前胡麦门冬饮,-0.7564322873445447,0.5786484058526218,0.4352382423117231,-0.551249870628563,0.4835035720595259,0.4228415897228239
35789,心热证,保生丸,-0.9792330570243402,0.4050796197730323,-0.1945935302311562,-0.7136158847672338,0.3384740045039706,-0.1890510292378832
36165,心热证,保神丹,-0.6079692280112147,0.6269397671392958,0.2925934242323302,-0.4430574473015273,0.5238545787253437,0.2842596459072933
36422,心热证,青金丹,0.342802320372054,-0.1656920548225441,-0.4426183501624976,0.249817119017545,-0.1384479755898387,-0.4300114940018517
36807,心热证,栀子汤,-0.4939576115911795,0.3877680777396776,-0.6213069577506432,-0.3599715057662596,0.3240089298121075,-0.6036106118013728
37034,心热证,春雪膏,-0.092684610632166,0.6866437243000125,-0.0337213113942887,-0.0675438905438582,0.5737416539532805,-0.0327608457422432
37432,心热证,栀子汤,-0.4760163158218701,1.061969689053777,-0.0236577825116494,-0.3468967902402209,0.8873542774560444,-0.0229839508435889
37534,心热证,活心丹,0.3860334617401159,0.4637041497797289,0.0261337600149273,0.2813218042153815,0.3874591384503483,0.0253894064350903
37871,心热证,砂香散,-0.563133620744416,0.2821194525866475,0.6577915991769854,-0.4103835079167609,0.2357316838575441,0.6390560811591242
37990,心热证,枸杞根饮,-0.1178667849746751,0.8254896156490317,-0.1874495579078272,-0.0858953948102687,0.6897576729279147,-0.1821105347673428
38208,心热证,柳青丸,0.0986817104002047,-0.3352652462626307,0.3359543988095874,0.071914275741036,-0.2801389280880261,0.3263855935832026
38572,心热证,独活散,-0.4357065917350582,0.3383016763362597,0.9940255273402082,-0.3175210872728952,0.2826760901575307,0.965713242414408
38681,心热证,洗心汤,-0.7574955952062488,0.0918987977342749,0.1670313141135349,-0.5520247560095934,0.0767882474454007,0.1622738526332779
38682,心热证,洗心汤,0.1357171300211579,0.1236202635242262,-0.7471910751781301,0.0989038300161378,0.1032938799940745,-0.7259092408261861
38689,心热证,洗心散,-0.4687048022337858,0.4514152181356908,-0.324871706469401,-0.341568526247578,0.3771908264899398,-0.3156185635018315
38690,心热证,洗心散,-1.2242873927199838,-0.0354377375193672,-0.0349951701833797,-0.8921991804689706,-0.0296108526404304,-0.0339984219088058
38734,心热证,洗心散,-0.5334854160545149,0.2339223294108904,-0.5881823425847404,-0.3887773849721003,0.1954594201084813,-0.571429466915498
38741,心热证,洗心散,-1.0846009539434804,0.0837923388614294,-0.3093726593692008,-0.7904027175305256,0.0700147010532713,-0.3005609672753865
38743,心热证,洗心散,-0.6484531871479391,0.4819124638223395,-0.5701699351383832,-0.4725601240249051,0.402673532531002,-0.5539300970097213
39218,心热证,茯苓汤,-0.5825722480406788,0.815087218867564,-0.23267495113548,-0.4245494034787796,0.6810657004780655,-0.226047797877886
39394,心热证,胜丸子,1.084686467415923,0.1265830116394061,-0.3117417856630717,0.7904650354556187,0.1057694753336856,-0.3028626150419838
39537,心热证,茯苓散,-0.5281710918757674,0.4285805749879043,0.5968345696846695,-0.3849045723423051,0.3581107920217013,0.5798352573675158
39581,心热证,茯苓散,-0.6682308074127652,0.7407171677741762,-0.15716254141747,-0.4869730606416103,0.6189240182506356,-0.1526861667873532
39866,心热证,茯神丸,0.2369261021409139,0.5508383644413855,0.6111181945954216,0.1726598472048291,0.460266224085425,0.593712049609364
39941,心热证,茯神散,-0.6682308074127652,0.7407171677741762,-0.15716254141747,-0.4869730606416103,0.6189240182506356,-0.1526861667873532
40697,心热证,神圣光生散,-1.2671629897967394,0.0179609226282888,0.3659345615356029,-0.9234447628391458,0.0150076802431807,0.3555118477466362
40879,心热证,茯神散,-0.5768497085006552,0.6141784158789119,0.2311602188127491,-0.4203791039901381,0.513191525209089,0.2245762088466781
40926,心热证,脉溢汤,0.1175687261593681,0.175972171714801,0.6523631644084859,0.0856781845111757,0.1470377741416412,0.6337822615263929
41136,心热证,茵陈散,-0.5423928025727568,1.0241223415201843,-0.200515069209135,-0.3952686410276246,0.8557300173001613,-0.1948039082628401
41137,心热证,茵陈散,-0.5956206854030791,0.476847335900555,0.9263500659338124,-0.4340584494677854,0.3984412432542129,0.8999653441269896
41138,心热证,茵陈散,-0.5956206854030791,0.476847335900555,0.9263500659338124,-0.4340584494677854,0.3984412432542129,0.8999653441269896
41228,心热证,茯神汤,-0.1312193903823778,-0.2013742300542574,0.9998727169060324,-0.0956261031984442,-0.1682630740311216,0.9713938896808152
41229,心热证,茯神汤,-0.2176032096548073,0.7821874041179109,0.401695086959724,-0.1585782933614192,0.6535754701574354,0.3902538257018476
41407,心热证,茯神散,-0.7242150480109986,0.8416751835264882,0.0378748464942864,-0.5277715642265817,0.7032819128729484,0.0367960779757993
41412,心热证,茵陈散,-0.654334679272475,0.5918879212549684,0.8430523374800549,-0.4768462601761461,0.4945661671079637,0.8190401392722639
41558,心热证,茯神汤,0.0130099163108919,-0.4037954924555198,1.0607746151648283,0.0094809737808045,-0.3374010210848221,1.0305611525116467
42290,心热证,凉心丸,-0.4182342456615579,0.4634348799758699,-0.0183847677644062,-0.3047881187392458,0.3872341435990763,-0.0178611244887316
42304,心热证,香黄丸,0.4789110828983506,0.0258281221118369,-0.4265870908023979,0.3490063511395997,0.021581307706641,-0.4144368442259515
42489,心热证,除热饮子,-0.3399410472292014,0.6108401006641964,-0.6203019176877722,-0.2477319668152673,0.5104021157600173,-0.6026341977444134
42569,心热证,香豉汤,1.0617459833545837,0.7648853549413248,-0.2614873249132714,0.7737471625110843,0.6391183274500215,-0.2540395245864132
43311,心热证,桂心汤,0.2165915563572402,0.3976639197380658,1.0178519530497163,0.1578410512331614,0.332277638247772,0.9888610330839734
43481,心热证,柴胡饮,0.0579032183909352,0.8721557099852433,0.6509935755705146,0.0421969582486128,0.728750648761623,0.6324516819375259
43785,心热证,凉补风,0.1976226123765063,-0.4380327944288623,1.046429602532713,0.1440174372887488,-0.3660088209756731,1.0166247210212973
44188,心热证,柴胡汤,-0.6565985479810712,0.7703789425495311,-0.6055188662629584,-0.4784960540223536,0.6437086265074878,-0.5882722038804974
44638,心热证,消毒饮,-0.682579626448663,0.6411549295695516,-1.082687875186004,-0.4974297595022296,0.5357323990786336,-1.0518502691438365
45348,心热证,涤烦汤,-0.4182342456615579,0.4634348799758699,-0.0183847677644062,-0.3047881187392458,0.3872341435990763,-0.0178611244887316
46085,心热证,破血红花散,-0.7430961129046938,-0.6404755371992301,0.2377733228683628,-0.5415311363047606,-0.5351647164676422,0.2310009554797542
46216,心热证,莎根酒,0.095742338782008,0.3644782842014135,0.6008263537456292,0.0697722092912439,0.3045485835044265,0.5837133456283299
46576,心热证,真珠散,-0.4756538535281669,0.4869168074881058,0.1741063173312463,-0.3466326459197649,0.406855032062909,0.1691473424074796
46591,心热证,莲子六一汤,-0.1197505506771983,0.3462149456034791,-0.5201508980937594,-0.0872681886705835,0.2892882123351281,-0.5053357248148129
46872,心热证,通心饮,-0.1047748282296259,0.2339024626540694,-0.5775213904690982,-0.0763546340802923,0.1954428199627088,-0.5610721648627329
47357,心热证,铅霜散,-0.4202482876488276,0.9297709021389382,0.2346018032154019,-0.3062558514147248,0.7768924062251396,0.2279197684848515
47716,心热证,铁粉煎,-0.3052793057470672,0.5681652181059313,0.485705164364324,-0.2224722299855991,0.4747440927784468,0.4718710900622172
47724,心热证,逍遥饮,-0.2050541131993895,0.6016239635484313,0.8843478999156457,-0.1494331419535662,0.5027013510625029,0.8591595028098484
47756,心热证,调中丸,0.6641286535681775,-0.2692717661575377,-0.1788544399001552,0.4839836168884017,-0.2249964909176754,-0.173760226800571
47854,心热证,铁刷散,0.1153357576756578,0.9274034036578064,-0.4019823608272483,0.0840509091973679,0.7749141860124942,-0.3905329173050684
47892,心热证,铁粉牛黄丸,-0.2879773938853853,0.4603671789441522,0.5920118834651261,-0.2098634653480385,0.3846708523295519,0.5751499330794319
48225,心热证,铁粉丸,0.2785069016571398,0.5915734639303796,0.083523719407322,0.2029618461245439,0.4943034147385436,0.0811447590316763
48489,心热证,清心丸,-0.5647621824398923,0.6263586165629831,0.6229933878045091,-0.4115703219105071,0.5233689844046653,0.605249008191234
48490,心热证,清心丸,-0.5253509115737036,0.4786566106198149,0.713452054042348,-0.3828493665391269,0.3999530261965855,0.6931311897593215
48494,心热证,清心丹,-0.7271382917433117,0.4994564892826054,0.5037403445003428,-0.5299018774829213,0.4173328643334339,0.4893925840356026
48810,心热证,清心汤,-0.3463403228102907,0.4247982762845896,0.137083138464398,-0.2523954375517897,0.3549504015062307,0.1331786744763232
48814,心热证,清心饮,-1.100030494829576,0.3101267662890976,-0.6691714787273573,-0.801646992212635,0.2591338674321676,-0.6501118338300652
49049,心热证,清心莲子饮,-0.4182342456615579,0.4634348799758699,-0.0183847677644062,-0.3047881187392458,0.3872341435990763,-0.0178611244887316
49313,心热证,救心神丹,0.3860334617401159,0.4637041497797289,0.0261337600149273,0.2813218042153815,0.3874591384503483,0.0253894064350903
49324,心热证,清净膏,-0.7196446402327978,0.144890541952165,0.1487977997932943,-0.5244408805175382,0.1210667719515933,0.1445596735196639
50262,心热证,羚羊角汤,-0.0779373193545374,0.4872660408807708,0.7185608863044565,-0.0567968051207163,0.407146842411176,0.698094509948888
50300,心热证,猪心丸,-0.4756538535281669,0.4869168074881058,0.1741063173312463,-0.3466326459197649,0.406855032062909,0.1691473424074796
50594,心热证,羚羊角汤,0.8393372456990602,0.0252671917580816,0.5211785477510363,0.6116668416278148,0.0211126088785199,0.5063341044894784
51331,心热证,菖蒲散,0.1578961100824117,0.4284534723651884,0.5027318471980888,0.1150667570804485,0.3580045883728538,0.4884128112099168
51367,心热证,菊花汤,-0.4643581955967631,0.1399520861333401,-0.2479561036559292,-0.3384009375731927,0.1169403265925299,-0.2408937056966108
51409,心热证,黄芩汤,-0.5556087170357553,0.3786940183747168,0.3625542717093027,-0.4048997359185382,0.3164268815913506,0.3522278368649523
51563,心热证,黄芩汤,-0.5504821379296173,0.6312590414833632,0.3729168144437023,-0.4011637424709998,0.5274636521332009,0.3622952289675193
51612,心热证,黄柏汤,-0.4643581955967631,0.1399520861333401,-0.2479561036559292,-0.3384009375731927,0.1169403265925299,-0.2408937056966108
51691,心热证,黄芩散,-0.4589465457022942,0.448720923962242,-0.2787102603171503,-0.334457198848494,0.3749395442884065,-0.2707719085497088
51775,心热证,犀角散,-0.3897342221298352,0.6925814410821016,0.7660698777686931,-0.2840187325726065,0.578703055807983,0.7442503288175756
52192,心热证,黄芩散,0.1081349040171432,-0.2325492417036698,0.1319820985872745,0.0788032886051716,-0.1943121036992812,0.1282229247255061
52325,心热证,羚羊角散,-0.3216745016694152,0.6813427786002126,0.0972413364284711,-0.2344202255726881,0.5693123214687811,0.0944716646767856
52339,心热证,麻黄汤,-0.2161615806272164,0.5977776951648104,0.2292396180797483,-0.1575277065101577,0.4994875091443866,0.2227103115329416
52402,心热证,黄连饮,-0.4464077269925484,0.0489609735615508,0.166721023531903,-0.3253195373456422,0.0409105172831862,0.1619723998884171
52427,心热证,麻黄止烦下气汤,0.0313212480798202,0.5041038143325727,0.3331750649785299,0.0228253529638954,0.421216048386918,0.3236854219961363
52591,心热证,黄连泻心汤,-0.0257015488923972,0.319299504009654,0.2738295700755917,-0.0187299983606257,0.2667983687227558,0.266030232336415
52629,心热证,黄连散,-0.4527430549911531,0.46734552169671,0.3172481982858411,-0.3299364062948515,0.390501774205066,0.30821219152845
52783,心热证,黄连散,0.5716396596754233,0.5461637792426628,-0.086534920289359,0.4165822820023303,0.4563602621599814,-0.0840701935274423
52836,心热证,黄耆丸,-0.6060910233461285,-0.5896005595854623,-0.2744436261417513,-0.4416887060460776,-0.4926549071328003,-0.2666267985798011
52940,心热证,黄柏散,-0.4006527466925738,0.2301844489583926,-0.164193888329627,-0.2919756050559236,0.1923361443292088,-0.1595172436946524
53001,心热证,黄柏煎,-0.4643581955967631,0.1399520861333401,-0.2479561036559292,-0.3384009375731927,0.1169403265925299,-0.2408937056966108
53051,心热证,黄连散,-0.4575218325449473,0.7637802435312087,-0.1441944779355016,-0.3334189394341222,0.6381949250714604,-0.1400874655583037
53105,心热证,黄连散,0.0010753705564748,0.4073314583687382,0.8206266963594445,0.0007836760673126,0.3403555823217147,0.7972532354109967
53151,心热证,黄连散,-0.4678662623481656,1.0304090040651075,-0.3426675907719848,-0.3409574404819404,0.860982989167118,-0.3329075773740055
53285,心热证,黄连汤,-0.8410414664806238,0.6195080517363798,-0.3907547975670639,-0.6129087921646664,0.5176448304438374,-0.3796251425828055
53447,心热证,犀角汤,-0.6556481128337269,0.5903266594199981,-0.000250813774326,-0.4778034246082211,0.4932616172872205,-0.0002436699828974
53448,心热证,犀角汤,-0.4535147579240438,0.4909641485992994,0.581215277634147,-0.3304987846452165,0.4102368851274173,0.5646608410618417
53831,心热证,犀角汤,-0.1026089361505995,0.5595488759719491,0.4644390253504677,-0.0747762406823186,0.4675445011823568,0.4512106628439555
53980,心热证,犀角散,-0.6209702513976404,0.5443451102553856,0.4298247523988812,-0.4525319403654936,0.4548406296113584,0.417582289279608
54227,心热证,犀角饼子,-0.4527430549911531,0.46734552169671,0.3172481982858411,-0.3299364062948515,0.390501774205066,0.30821219152845
54299,心热证,黄连散,-0.5450121015894369,0.7543879374549749,-0.4622858500784407,-0.3971774546362441,0.6303469581682352,-0.449118815284467
54306,心热证,犀角散,-0.3463403228102907,0.4247982762845896,0.137083138464398,-0.2523954375517897,0.3549504015062307,0.1331786744763232
54359,心热证,犀角散,-0.6430976274583156,0.6600351342879538,0.3613704253082566,-0.4686572610252143,0.5515082075492571,0.3510777093128622
54437,心热证,滋阴降火汤,-0.7036529074879747,0.667667152564696,-0.2585783335108647,-0.5127869086363843,0.557885323707369,-0.2512133883936227
54464,心热证,犀角散,-0.1335519952760779,0.7781150749348975,-0.130590474302748,-0.0973259885251186,0.6501727377094164,-0.1268709373136448
54494,心热证,琥珀导赤汤,-0.0646281508861576,-0.3000679886751175,0.0316499847921302,-0.0470977513929549,-0.2507290142299099,0.0307485156017667
54607,心热证,滋阴补心汤,-0.2330987176357963,0.3234073048958085,0.2808549893985476,-0.1698706415500858,0.2702307404042062,0.2728555504867914
54694,心热证,犀角饮,-0.7621631105308907,0.0649572388769818,0.2345590398441533,-0.5554262068227231,0.0542765809263178,0.2278782231192958
54775,心热证,犀角散,-0.3023938064082571,0.511056602881776,-0.0026247605133739,-0.2203694229481023,0.4270256178341214,-0.0025500008965706
55112,心热证,滑石汤,-0.9384387639141182,0.4679160753105296,0.1598508511558623,-0.6838870522258081,0.3909785139792416,0.1552979068711554
55419,心热证,散瘀清火止痛汤,1.2185559800217085,-0.2669301097727956,-0.0291612412812335,0.8880224146681156,-0.2230398636892801,-0.0283306576098529
55601,心热证,寒解汤,-0.4050166039349725,0.8019058968296,-0.1572782555253045,-0.2951557651053559,0.6700517302927821,-0.1527985850736007
55614,心热证,犀角散,-0.7474985270439622,0.6589375776104158,0.2016723728348601,-0.5447393946846937,0.5505911177089327,0.1959282490429481
56005,心热证,硼砂散,-1.3854817382260909,0.6037426790774503,-0.8310045434472642,-1.0096695259221435,0.5044716947048555,-0.8073354959614636
56148,心热证,痫症镇心丸,-0.5798053419023191,0.4113198557253461,0.5647331981129852,-0.4225330212112186,0.3436881835165131,0.5486482115887298
56310,心热证,紫石英汤,-0.2924409240102666,0.3983685031199549,0.6357190664557805,-0.2131162619896588,0.3328663698134542,0.6176122283040278
56848,心热证,解妄汤,-0.7271382917433117,0.4994564892826054,0.5037403445003428,-0.5299018774829213,0.4173328643334339,0.4893925840356026
56917,心热证,雷丸丸,-0.1876350482345815,0.2731564626950566,0.4587759795877821,-0.1367390020166928,0.2282424424026539,0.4457089145135501
56975,心热证,摄真汤,-0.1590571507280205,-0.175713752457848,0.907463333458427,-0.1159128652072356,-0.1468218457254181,0.8816165521133459
57537,心热证,煞疳保童丸,0.1303158408755411,-0.2742104231719356,-0.6898922324842264,0.0949676416849904,-0.2291231043905317,-0.6702424097010489
58495,心热证,解明散,-0.3631174469916859,0.5821557022289943,0.119895450090468,-0.2646217632774933,0.4864341777763926,0.1164805336211181
58503,心热证,瞿麦散,0.2188361627309806,0.1642176415942678,-0.5465930552831619,0.1594768076568859,0.1372159942081342,-0.5310247445164868
58778,心热证,獭肝丸,-0.1924605291470422,0.5185039061995333,0.8679647645650217,-0.1402555702187887,0.4332483909722255,0.8432429993346311
59688,心热证,磁石汤,-0.3014091482606568,0.0303060627365178,0.924556126719496,-0.2196518535297166,0.02532295853572,0.8982225007012403
59989,心热证,酸枣仁丸,-0.2765402426498103,0.3761317324755894,1.1557455592090131,-0.2015286437857506,0.3142859020736754,1.1228270911475238
60223,心热证,瞿麦散,-0.1451955769848395,-0.1067404608806689,-0.6008748083945543,-0.1058112462514118,-0.089189555517808,-0.5837604201700156
60226,心热证,瞿麦散,-0.20989939595172,-0.2050456505225353,-0.6324286465515592,-0.152964140742311,-0.1713308175745073,-0.6144155276286307
60584,心热证,碧雪,-0.4414740112749164,-0.0498768428493555,-0.35882937882472,-0.3217240930519959,-0.0416757938616997,-0.3486090380652454
60611,心热证,镇心丸,-0.3805012676150609,0.5888866870635325,0.6021103309307022,-0.2772902189079452,0.4920584138030734,0.584960751994141
60663,心热证,蝉退散,-0.7107129429996405,0.413326692217823,0.1055539060524083,-0.517931908033622,0.3453650439430484,0.1025474719307581
61387,心热证,瞿麦汤,-0.2912880664189494,0.4299339801754845,-0.7038893176394818,-0.2122761172619691,0.3592416622289296,-0.6838408235423928
61747,心热证,熟艾汤,-0.3449138620500063,-0.1476832030866743,0.1819239898596338,-0.251355904572144,-0.1234002470297756,0.1767423484489485
61920,心热证,镇心丸,-0.381979429251896,0.1108676707651613,0.1925681009939987,-0.2783674288905253,0.0926381448539371,0.1870832891928865
61922,心热证,镇心丸,-0.9006636953484429,-0.4482665521279506,-0.0365319216546352,-0.6563584789374911,-0.3745598829902829,-0.0354914029291849
61948,心热证,橘皮桃仁丸,0.2564479916159713,0.0220771116173227,0.3698375331000619,0.1868864200621678,0.0184470608054368,0.3593036531086679
62030,心热证,麝香散,0.0716247810023706,0.9646851521616246,-0.2821172895635877,0.0521965441215651,0.8060658463158875,-0.2740818972472644
62090,心热证,镇心丸,-0.5483436510091049,0.5197164676090711,0.9244190795560976,-0.3996053205765409,0.4342615757782722,0.8980893569771718
62132,心热证,镇心丸,0.6563698647201743,-0.2672220974884913,0.2138695896003707,0.4783294011439752,-0.22328384103737,0.2077780591605722
62704,心热证,大黄散,-0.2658616811225156,0.435487575713245,-0.0835644903647363,-0.1937466443141454,0.3638821023530573,-0.0811843687322302
62917,心热证,挽流汤,0.0130099163108919,-0.4037954924555198,1.0607746151648283,0.0094809737808045,-0.3374010210848221,1.0305611525116467
62989,心热证,清心流气饮,-0.1711489048677705,-0.3469865411224798,0.3157654396592423,-0.124724728498541,-0.289932937501306,0.306771665504091
63142,心热证,黄芩散,-0.3382653591133022,0.1624728479085646,-0.2655942441031256,-0.2465108094525297,0.1357580899418961,-0.258029468645275
63272,心热证,香参丸,-0.4006527466925738,0.2301844489583926,-0.164193888329627,-0.2919756050559236,0.1923361443292088,-0.1595172436946524
63411,心热证,犀角正心汤,-0.1026089361505995,0.5595488759719491,0.4644390253504677,-0.0747762406823186,0.4675445011823568,0.4512106628439555
63593,心热证,磁石散,-0.3014091482606568,0.0303060627365178,0.924556126719496,-0.2196518535297166,0.02532295853572,0.8982225007012403
63718,心热证,茯神煮散,-0.6682308074127652,0.7407171677741762,-0.15716254141747,-0.4869730606416103,0.6189240182506356,-0.1526861667873532
64073,心热证,镇心丸,-0.5708600172610026,0.1945448638451117,0.2184622624655608,-0.4160141177564667,0.1625566330842065,0.2122399214387564
64762,心热证,朱砂散,-0.506525600389532,0.5572410362785178,-0.5489842840878789,-0.3691304249650607,0.465616130302512,-0.5333478652602136
64800,心热证,麦门冬饮,0.7275181301601708,0.937652757451234,0.1000380824117847,0.5301786846494799,0.7834782797182778,0.0971887524753074
64909,心热证,赤茯苓散,-0.6860157702416925,0.663209022376462,0.312134592895629,-0.4999338485701594,0.5541602259642214,0.3032442341611747
65110,心热证,连梅汤,-0.2284609904856719,0.686762091651276,-0.1481426539953631,-0.1664908988628832,0.5738405586362836,-0.143923187880842
65132,心热证,如神散,0.0660348290136193,-0.2451853592346531,-0.0630388855628991,0.0481228677830834,-0.2048705151653806,-0.0612433834954247
65461,心热证,火府散,-0.3493088946904119,0.3826262311152095,-0.1092672801825702,-0.2545587836863301,0.3197125363808505,-0.1061550800584205
65656,心热证,火府丹,-0.3493088946904119,0.3826262311152095,-0.1092672801825702,-0.2545587836863301,0.3197125363808505,-0.1061550800584205
65810,心热证,冰壶丸,-0.4527430549911531,0.46734552169671,0.3172481982858411,-0.3299364062948515,0.390501774205066,0.30821219152845
65905,心热证,生干地黄散,0.355191529916781,0.1302173717016604,0.0811896643376454,0.2588457528727921,0.1088062521647929,0.078877183574794
65969,心热证,龙齿散,-0.4187399147303062,0.8135662508019939,0.3460798789735475,-0.3051566249669571,0.679794819084021,0.3362226752387465
66008,心热证,甘草丸,-0.2709327228875913,0.6487068756090648,0.019053359807347,-0.1974421649360419,0.5420426089559515,0.0185106733905274
66292,心热证,七正散,-0.2989096953595891,0.056315615822677,-0.6111096800918137,-0.2178303777526941,0.0470558652501175,-0.5937037776197011
66819,心热证,犀角散,-0.039138831563945,0.5056171022437891,0.5549933532357381,-0.0285224152870547,0.4224805124435493,0.5391857813811397
69073,心热证,八宝金药墨,-1.161301260159611,-0.1991325792313922,-0.7512242428098915,-0.846298049586275,-0.1663900088516392,-0.7298275339522098
69239,心热证,八味沉香散,-0.4465689225087579,0.4931294653482947,0.0106346208229467,-0.3254370085442453,0.4120461675382742,0.0103317207398645
11568,肝血虚证,加味补肝散,-0.0613459076166899,0.1269653693553487,0.0929489151592583,-0.0447058172992673,0.1060889635057654,0.0903015020927403
11776,肝血虚证,加减生熟二地汤,0.4135191579844598,0.0794893107818605,0.3177570511556696,0.301351999584249,0.0664192026018785,0.3087065510205536
12225,肝血虚证,四斤丸,0.0151702956106334,0.0444432572922333,0.8720087594827969,0.0110553497420314,0.0371356309589978,0.8471718113590083
12381,肝血虚证,水木两滋汤,0.1386442958053714,0.0824282022085365,0.1517484254968693,0.1010370014669766,0.0688748639124791,0.1474262581666147
15007,肝血虚证,加味四物汤,-0.4961292164614009,-0.387286772711862,-0.0452173161829849,-0.3615540623596174,-0.3236067638373199,-0.0439294161199169
17682,肝血虚证,石决明丸,-1.2191407689193232,-0.1731603297292485,0.3622152344170308,-0.8884485794545064,-0.1446882720427314,0.3518984561862736
20188,肝血虚证,地黄丸,-0.4235616167998074,-0.1027162707682323,0.7213302700335047,-0.3086704393380396,-0.0858270468262948,0.7007850148372534
23197,肝血虚证,芎丸,-0.9006636953484429,-0.4482665521279506,-0.0365319216546352,-0.6563584789374911,-0.3745598829902829,-0.0354914029291849
25666,肝血虚证,补血祛风汤,-0.7105249548138697,0.6415488943411181,0.6015513143610729,-0.5177949116826999,0.5360615858047896,0.5844176575874364
25672,肝血虚证,补血当归汤,-1.0604892431531112,-0.3823963329861612,0.2391423725110598,-0.7728313133530487,-0.3195204394779983,0.2323310112309509
26099,肝血虚证,补阴丸,-0.4235616167998074,-0.1027162707682323,0.7213302700335047,-0.3086704393380396,-0.0858270468262948,0.7007850148372534
26115,肝血虚证,补肾明目丸,-0.4491233071857082,-0.1567777783012826,0.7234738230005364,-0.327298515841412,-0.1309994377614047,0.7028675141585919
26207,肝血虚证,补肝散,0.1156829811822135,0.1337201094776409,0.8250659581689748,0.0843039482548888,0.111733048833625,0.801566056156636
27714,肝血虚证,补肝四物汤,-0.3163409006192062,-0.187640318743904,0.7654314764242184,-0.2305333649268615,-0.1567873746085678,0.7436301107091091
29165,肝血虚证,补肝汤,-0.0912697701990174,-0.3884434054912773,1.1950231917869183,-0.0665128258751736,-0.3245732161333119,1.1609860004188637
29191,肝血虚证,肝痹散,0.7719717368678203,0.0622677364526185,0.5140722836006603,0.5625742412069475,0.0520293025858092,0.4994302441706434
34506,肝血虚证,虎骨四斤丸,0.0151702956106334,0.0444432572922333,0.8720087594827969,0.0110553497420314,0.0371356309589978,0.8471718113590083
34695,肝血虚证,转筋丸,-0.086865104394688,0.1546222336318449,0.0859748551292547,-0.0633029265948,0.1291983206463038,0.0835260803966911
35598,肝血虚证,养肝活络汤,-0.4495290260562656,0.3230091904436388,0.9288836000304914,-0.3275941833831711,0.2698980863127654,0.902426716958951
36222,肝血虚证,养肝丸,-1.0508842920596932,-0.4648867771997749,0.1105772761104003,-0.7658317072597823,-0.3884473111925945,0.1074277640893826
36224,肝血虚证,养肝丸,-1.1283679435498566,-0.3037338538905219,0.3312001549840225,-0.82229790201956,-0.2537921159483448,0.3217667622818576
42413,肝血虚证,香芎散,0.059066537057344,-0.4037298742245372,1.2256066345014012,0.0430447264825797,-0.3373461921960679,1.1906983516771126
42495,肝血虚证,家秘补肝汤,0.3705793211432187,-0.1275492205456859,0.1045346635995949,0.2700596024991889,-0.1065768143893487,0.1015572600027541
44409,肝血虚证,珠母补益方,-0.4329764439167629,-0.2441490028730282,0.2217363298514483,-0.3155314926233656,-0.2040045627187754,0.2154207353556474
44973,肝血虚证,桑仁粥,0.0555190621285854,-0.7290915890667855,0.6772103236130512,0.0404595048728555,-0.6092099867672167,0.657921712697666
46357,肝血虚证,秘传十子丸,0.0264264373443444,-0.4677803186984055,1.0198315999094312,0.0192582606678294,-0.390865079281714,0.9907842947459208
50653,肝血虚证,清魂汤,-0.1143820307068443,-0.8455986465871153,0.7691476585029701,-0.0833558808690307,-0.7065602566573085,0.7472404468080988
52045,肝血虚证,雀目散,-1.076191298949695,0.097939877759029,-0.1604666186117528,-0.7842741832189757,0.0818360169398352,-0.1558961357596955
55819,肝血虚证,犀角汤,-0.9006636953484429,-0.4482665521279506,-0.0365319216546352,-0.6563584789374911,-0.3745598829902829,-0.0354914029291849
63476,肝血虚证,疏肝益肾汤,0.4638879916499174,-0.3541151606180587,-0.4686306422985098,0.3380582765456238,-0.2958894267184273,-0.4552828922611256
67976,肝血虚证,滋肝养血汤,0.2811180240970989,-0.5522354149142519,1.033340922271081,0.2048647010545942,-0.461433563158939,1.0039088384742885
1516,肾气虚证,二至丸,-0.1866218547291375,-0.2767183820051528,0.9999057677860907,-0.1360006374622679,-0.2312186896235922,0.97142599919075
2015,肾气虚证,八味地黄丸,-0.4556743387470906,-0.1028226351429519,-0.3843781528819943,-0.3320725787167197,-0.0859159221339888,-0.3734301203774697
2110,肾气虚证,十补丸,0.2374055215513301,-0.5987014888794153,1.1773176438116908,0.1730092239995407,-0.5002594071680224,1.1437847498738876
2137,肾气虚证,八仙丸,0.1844517632081352,-0.2478789119718948,1.225783762877394,0.1344191837218358,-0.2071211778420851,1.1908704350025392
2378,肾气虚证,八味地黄丸,0.5182026574543598,0.8335899173130197,0.0495747859395798,0.3776400778500607,0.6965260745163144,0.0481627744508884
2494,肾气虚证,人参远志汤,0.1396098451433036,-0.3891853503823443,0.9210965773544408,0.1017406453443276,-0.3251931660052443,0.8948614877868539
2573,肾气虚证,上下兼养丹,-0.4252351725484602,0.0480015891791356,0.6422108772227558,-0.3098900427385939,0.0401088806223327,0.623919136378805
2975,肾气虚证,十全丹,0.2655521822739764,-0.0425809758920629,-0.3408169053299834,0.1935210970932357,-0.0355795570114067,-0.3311096039923092
3097,肾气虚证,三花五子丸,-1.373205853325555,-0.1853384388357578,0.3652430173618054,-1.000723477377564,-0.1548639835704454,0.3548400004469619
3646,肾气虚证,大菟丝丸,0.0578860145345948,-0.5163477006942012,1.5267507691361035,0.0421844209419158,-0.4314467216798227,1.4832651627833893
3944,肾气虚证,三建汤,0.2283698963140678,-0.224558718662385,1.1307875183158391,0.1664245140044472,-0.1876354302754731,1.0985799164700778
3975,肾气虚证,大补肾汤,0.082564988619975,-0.5739421928437372,0.9701535874072804,0.0601692181265645,-0.4795711827577427,0.9425212338781328
4779,肾气虚证,小菟丝丸,-0.0028064520377672,-0.347028846699401,1.2927843825833094,-0.0020452013334536,-0.2899682869420934,1.2559627127361968
5123,肾气虚证,山茱萸散,0.1773622372730764,0.4269537443141317,0.3978311822965314,0.1292526931847405,0.3567514545830263,0.3864999745199204
5530,肾气虚证,乌金散,0.1349635719795524,-0.3002270878367745,-0.2147983225697104,0.0983546747514882,-0.2508619533552834,-0.2086803395371718
5722,肾气虚证,五补丸,0.1869234999492807,-0.7084185636009326,1.40057262767248,0.1362204613531325,-0.5919361438655165,1.3606808842481
5762,肾气虚证,五补鹿茸煎,-0.0648435902046966,-0.5490967333236232,1.3420814215672736,-0.0472547527511199,-0.4588109623787807,1.3038556511459567
6741,肾气虚证,乌头怀香丸,1.267523801840175,-0.4178686228396305,-0.1919282836343338,0.9237077045400656,-0.3491601631509804,-0.1864616954008153
7066,肾气虚证,乌头煮盐丸,-0.7721415240287957,0.1968044849334838,0.313843267029137,-0.5626979735648704,0.1644447137505986,0.3049042410647346
7585,肾气虚证,内补石斛秦艽散,0.1677014285719601,-0.1853578368272857,1.325063517377664,0.1222123808715883,-0.1548801920281197,1.2873224586050966
8506,肾气虚证,五味子丸,-0.3476395416095745,-0.4894621280023336,1.2650862639527332,-0.2533422429790641,-0.4089818357457986,1.2290535044555146
8725,肾气虚证,升提汤,0.6143366482144477,-0.3322230926547513,0.8855471458166017,0.4476977034381233,-0.2775969835820249,0.8603245912463228
8773,肾气虚证,天雄丸,-0.0518926200515764,-0.3739307406098543,1.4631705634159708,-0.0378167359704188,-0.3124468104622696,1.421495877256429
9545,肾气虚证,天麻丸,-0.0574916421422412,0.0727418785728315,0.9844603946462476,-0.0418970221437662,0.0607812235764495,0.9564205481586324
10451,肾气虚证,巴豆方,-0.1161898795894303,-0.0289288248809077,0.7551079649017687,-0.084673350362751,-0.024172174370365,0.7336006381138491
10627,肾气虚证,加减草宝汤,0.3492796556518419,-0.6460688663464769,1.519148872142076,0.2545374757431095,-0.5398383569634,1.4758797864598592
11049,肾气虚证,巴戟丸,-0.0424105370329841,-0.6915555530076141,0.7358792809142239,-0.0309066699608919,-0.577845850390097,0.7149196342057691
12789,肾气虚证,四君子汤,0.7328097662276585,0.3807292409623498,0.4403222080421981,0.5340349633229567,0.3181274607014006,0.4277807516405645
13214,肾气虚证,北庭丸,0.1070130397824802,-0.3767988946013783,1.2733838440484664,0.0779857302796383,-0.3148433654101317,1.2371147491198091
13722,肾气虚证,水中金丹,-0.1484104811114469,-0.0616710854693759,1.1446445954913456,-0.1081541069588743,-0.05153075652787,1.112042310102314
13910,肾气虚证,主肾丸,0.7973512276495349,0.3760980590278065,0.6620355080889351,0.5810695397870127,0.3142577654156946,0.6431791131368207
13972,肾气虚证,加味六味地黄丸,-0.038471112314506,-0.1679233195412914,0.6843123638412644,-0.0280358150241791,-0.1403123624105975,0.6648214694020005
14549,肾气虚证,石斛散,-0.0964084407111254,-0.4785844694356546,1.260868049641119,-0.0702576309322747,-0.3998927468976515,1.2249554352329188
14664,肾气虚证,牛膝煎丸,0.0113058087674394,-0.6999802477465074,0.8813999932897953,0.0082391057662025,-0.5848853064027062,0.8562955597946199
14836,肾气虚证,石斛散,-0.3525538900214963,-0.0913255771671314,1.5413320823613073,-0.2569235733527392,-0.076309279234327,1.497431164446395
15109,肾气虚证,牛膝煎丸,-0.3984762828113152,-0.3904157125136099,0.045142214939279,-0.2903895074592922,-0.3262212246318245,0.0438564539438221
15555,肾气虚证,石斛丸,0.1113255395199663,-0.5769754047349631,1.2758055321794983,0.0811284635581453,-0.4821056557976541,1.2394674616335342
15705,肾气虚证,石英水煮粥,-0.0166045330377268,-0.0911589684380493,1.0415711098351406,-0.0121005499659818,-0.0761700653095452,1.0119046101114957
15706,肾气虚证,石刻安肾丸,0.1831129619106525,-0.4796958491814532,1.1676460611724595,0.1334435325573073,-0.4008213869346294,1.1343886376283574
15707,肾气虚证,石刻安肾丸,0.1172935516844314,-0.808923107133434,1.3493003180059466,0.0854776511703243,-0.6759151288841898,1.3108689357092802
16065,肾气虚证,石南丸,-0.1878745041472488,-0.3315312372887519,1.3842625810838054,-0.1369135054627877,-0.2770188872156892,1.3448353877876371
16795,肾气虚证,回津丸,-0.1162797172816085,0.6484620944296733,-0.0911454583350035,-0.084738819562069,0.5418380761629605,-0.0885494121419262
17067,肾气虚证,石龙芮丸,0.5015555941900772,-0.8693103515872667,1.396480096481315,0.3655085339904034,-0.7263731412193977,1.3567049183824371
17576,肾气虚证,正元散,1.2309252673427058,-0.15099566627357,0.2964654565591302,0.8970365302070014,-0.1261680551961524,0.2880213932570348
17600,肾气虚证,全蝎丸,-0.4631562792908191,-0.0079490946390691,0.2592181648298363,-0.337525041317516,-0.0066420569274117,0.2518349957474053
17624,肾气虚证,正元丹,-0.062592407524957,-0.3939781670776843,1.3092921378261388,-0.0456142038457788,-0.3291979190970789,1.272000286623452
17917,肾气虚证,玉霜丸,0.3543416779896094,-0.825689732200088,1.3618918695764963,0.2582264234592482,-0.6899248851180552,1.3231018490095665
19409,肾气虚证,宁神汤,-0.8908112025500268,0.5821998368370482,0.0952337794527763,-0.6491784768786659,0.4864710555080682,0.0925212878474124
19646,肾气虚证,玉真丸,0.195856446829854,0.62685427889756,0.5529683896130969,0.1427303445173408,0.5237831469719156,0.5372184936888159
19694,肾气虚证,瓜蒌散,-0.4174560573002537,0.3848036913121501,-0.6733836791332489,-0.3042210141342857,0.3215319655412695,-0.6542040604377233
20245,肾气虚证,地黄金粉散,0.272549449080298,-0.247410196147505,0.5370582050367776,0.1986203538096289,-0.2067295310785563,0.5217614701899109
20686,肾气虚证,肉苁蓉散,0.1108582740615157,-0.2603800160717104,1.4475272643208468,0.0807879439533776,-0.2175667755933529,1.406298137685662
20916,肾气虚证,甘草汤,-0.1386842115504964,0.9029958825232028,0.2895151806640288,-0.1010660900578582,0.7545198955688687,0.2812690782653939
21011,肾气虚证,羊肾汤,0.0394772354279143,-0.1771350392944038,1.176076136868962,0.028769027031892,-0.148009436074662,1.142578604093758
21429,肾气虚证,助阳丹,0.7446258012343738,-0.1811270474590678,0.9166600870366828,0.5426458963539361,-0.1513450543668473,0.8905513595941039
21574,肾气虚证,肉苁蓉丸,-0.0262932031214115,-0.8032850281966952,1.4826837613146624,-0.0191611662558326,-0.6712040966271321,1.440453291421679
21617,肾气虚证,肉苁蓉丸,0.4762624773326723,-1.0477734047678688,0.9108079427675134,0.3470761803895492,-0.8754922311896328,0.8848658987464549
22154,肾气虚证,羊肾馄饨,-0.0597394237720231,-0.5716375683857999,1.1842675760152217,-0.0435350925346645,-0.4776454984451306,1.1505367309631367
22926,肾气虚证,助阳丹,1.0986589050089812,-0.8496537305033853,0.3721742260496552,0.8006474464187707,-0.7099485794085458,0.3615737913121773
23561,肾气虚证,西川石刻安肾丸,0.2663834492431118,-0.628851000117064,0.9828507493452184,0.1941268827225117,-0.5254515553391947,0.9548567495035284
23699,肾气虚证,并提汤,0.13377111977463,-0.4909741961580164,0.7285541746036454,0.0974856754574446,-0.4102452806064007,0.7078031648881777
24931,肾气虚证,补骨脂丸,0.3775819015658814,-0.9144446375994948,1.3321191041336329,0.2751627315123753,-0.7640861778208096,1.294177084946006
25098,肾气虚证,补肾腽肭脐丸,0.314362510813146,-0.7632486671534322,0.838390793351377,0.2290916137709556,-0.6377507536629197,0.814511367353087
25483,肾气虚证,当归没药丸,0.7017027001691911,-0.1879287429176682,1.0370513716576162,0.5113656954621658,-0.1570283743536165,1.0075136051621958
25923,肾气虚证,补肾磁石丸,-1.4034209541121685,-0.1352667260005343,0.3447718372178256,-1.0227427257337136,-0.1130253614121473,0.3349518897202783
26122,肾气虚证,苁蓉丸,0.7369465262825898,-0.857418095142574,1.371848902311568,0.5370496263446894,-0.7164362807481682,1.3327752810321238
26554,肾气虚证,补肾地黄汤,0.0651386298681701,-0.7565673529576189,1.1113132534937329,0.0474697628439479,-0.6321680211312923,1.079660326471906
26601,肾气虚证,补肾地黄丸,-0.0346447278753822,-0.3623944375507833,0.83256950773914,-0.0252473381673188,-0.3028073753908063,0.8088558862321381
26603,肾气虚证,补肾石斛散,0.7982873441803137,-0.7715189709492962,1.1031990847218536,0.5817517345123285,-0.6446612046153002,1.071777269127135
27692,肾气虚证,沉香饮,0.1544506590919948,0.0525692408947738,0.6295427038342869,0.1125558853943762,0.0439254917079206,0.6116117836378938
27720,肾气虚证,附子丸,0.7732294974267102,-0.0230704263366311,0.1239566529433899,0.5634908339502369,-0.0192770487741364,0.1204260634564454
28320,肾气虚证,附子养气汤,0.8911138222779618,-0.745793145638048,0.6928302624285586,0.6493990109418791,-0.6231653734571031,0.673096757346872
28604,肾气虚证,沉香丸,0.3785339709538833,-0.6142231328734595,1.4426421809399823,0.275856551879044,-0.5132288895677857,1.4015521934604445
28699,肾气虚证,补肾方,-0.3252545747888184,0.6135218033333321,1.0701045988471696,-0.2370292031070023,0.5126428768277301,1.039625395376371
28850,肾气虚证,补肾散,0.1679439383405362,-0.4329374144529018,1.0923290414426976,0.1223891098145357,-0.361751253868498,1.0612168313400017
29003,肾气虚证,沉香散,1.0005926968047385,0.6676457854819662,-0.0002529091667597,0.7291817177738492,0.5578674699282522,-0.0002457056934155
29251,肾气虚证,苁蓉丸,0.3142246390913703,-0.7914592610571212,0.9510190641203028,0.2289911397826506,-0.6613227928915706,0.9239317087429328
29332,肾气虚证,补肾丸,-0.0420008947649883,-0.479296237710504,0.953029311964519,-0.0306081432440731,-0.4004874819731958,0.9258846997982926
29461,肾气虚证,沉香紫桂丸,0.7725403500282131,-0.7853173869586942,-0.0014844310126651,0.562988617928233,-0.6561908024882553,-0.0014421507767684
30114,肾气虚证,补肾丸,-1.2355495364252818,-0.1810285798156991,0.4004524476249987,-0.9004064653303029,-0.1512627773626777,0.3890465797830227
30513,肾气虚证,乳香丸,0.004748052458506,-0.4954402735192931,0.9054242411877274,0.0034601422325285,-0.4139770188008397,0.8796355381915117
32244,肾气虚证,固脬丸,0.3085105962556864,-0.2473860293677125,0.5376287879295586,0.2248270322655132,-0.2067093379453226,0.5223158014825168
32615,肾气虚证,肾气丸,0.1757724112432432,-0.0720979825695362,1.1106567047410196,0.1280941077992011,-0.060243200807391,1.0790224778378954
32619,肾气虚证,肾气丸,0.1295603307284122,-0.1547604139380205,1.3045721430095365,0.0944170638238504,-0.1293137805196024,1.2674147288352964
32868,肾气虚证,旺肾汤,0.4238289571965379,0.132412156291257,0.7907245609981796,0.3088652635960426,0.1106401571375501,0.7682027862015988
32940,肾气虚证,肾沥汤,0.1919875587021273,-0.5768304466468548,0.9469182675560486,0.1399108931063327,-0.4819845325858896,0.919947712922278
35733,肾气虚证,青盐下气丸,-0.4148226706422536,-0.0945988094399109,0.6789893986519212,-0.3023019341600113,-0.0790443070682626,0.6596501153161408
35740,肾气虚证,青盐椒附丸,0.7559688485474468,-1.190218045536854,0.7240398937763268,0.5509121397024529,-0.994515271668002,0.7034174618503654
36228,肾气虚证,养肾散,-0.1259022300247136,-0.6073325516311789,1.4613453622312902,-0.0917512237038589,-0.5074712989298231,1.4197226622779031
36461,肾气虚证,保真丸,0.3722304239525078,-0.7703148260437767,1.3004734957519395,0.2712628433248948,-0.6436550524213127,1.2634328211037738
38405,肾气虚证,独活散,0.1654145101809315,-0.4082241636908019,0.946711950215478,0.1205457895741462,-0.3411015036923583,0.9197472720055724
38522,肾气虚证,独活寄生汤,-0.081396134830796,-0.3570256513621674,1.0352417088336738,-0.0593174161730405,-0.2983213571566513,1.0057554859737858
38526,肾气虚证,独活续断汤,-0.1039158957943069,-0.3907434506698833,1.4179414349245472,-0.0757286872483419,-0.326495074119105,1.377554985271588
38639,肾气虚证,独活散,0.056474968185544,-0.3058417725489713,0.6087081910106578,0.0411561212112211,-0.2555534380062004,0.5913706888373723
38718,肾气虚证,祛风散,-0.0776236803188089,0.0956418654307675,0.431087487994281,-0.0565682407392614,0.0799158575509675,0.4188090590683161
38931,肾气虚证,栀子散,0.2188361627309806,0.1642176415942678,-0.5465930552831619,0.1594768076568859,0.1372159942081342,-0.5310247445164868
39182,肾气虚证,胡黄连散,0.3065536603865549,0.8768711827442719,0.6201830099780299,0.223400915661641,0.7326907752700167,0.6025186768178729
39978,肾气虚证,胜骏丸,-0.4195787190342941,-0.1045941449216084,1.107380953845304,-0.3057679034274248,-0.0873961496732951,1.075840028361665
40289,肾气虚证,胡芦巴丸,-0.1330722338607965,-0.1786515486496452,0.8865164677011587,-0.0969763624944333,-0.1492765918862131,0.8612663044662876
40290,肾气虚证,胡芦巴丸,1.1849090981738086,-0.6075579287064332,0.4593819311651701,0.8635022565838786,-0.5076596181576022,0.4462976071038815
40438,肾气虚证,神效丸,-0.1330722338607965,-0.1786515486496452,0.8865164677011587,-0.0969763624944333,-0.1492765918862131,0.8612663044662876
40847,肾气虚证,贴脐散,-0.6484531871479391,0.4819124638223395,-0.5701699351383832,-0.4725601240249051,0.402673532531002,-0.5539300970097213
43355,肾气虚证,桂心汤,-0.4148226706422536,-0.0945988094399109,0.6789893986519212,-0.3023019341600113,-0.0790443070682626,0.6596501153161408
43748,肾气虚证,桃仁丸,0.7725403500282131,-0.7853173869586942,-0.0014844310126651,0.562988617928233,-0.6561908024882553,-0.0014421507767684
45542,肾气虚证,桑螵蛸散,-0.238642290937801,-0.0792131348474966,0.4514774693470436,-0.1739105194303356,-0.0661884371674088,0.4386182837445013
45992,肾气虚证,秘精菟丝丸,-0.7362600588946158,-0.4450517960733577,0.9636997908754754,-0.5365493633797916,-0.3718737163647906,0.9362512572998762
46191,肾气虚证,烧肝散,0.9230325807169124,-0.1934165428725773,0.2529229373643868,0.6726597994545745,-0.1616138373983768,0.2457190717995944
46485,肾气虚证,秘真丸,0.0130099163108919,-0.4037954924555198,1.0607746151648283,0.0094809737808045,-0.3374010210848221,1.0305611525116467
46590,肾气虚证,莲子丹,-0.1882372407739965,-0.8333652745176425,1.175619730870705,-0.1371778497033923,-0.6963383688337208,1.1421351976576943
47503,肾气虚证,通经汤,1.1010343115800878,-0.6829932716575848,0.56410421399929,0.8023785234588711,-0.5706914305803373,0.5480371424852138
48196,肾气虚证,起痿汤,0.1901237418706737,-0.0275682719359932,0.7541131036536557,0.1385526369816227,-0.0230353316828389,0.7326341129540392
48371,肾气虚证,续断丸,0.2567657109879535,-0.8271313446229362,0.9452540042555454,0.1871179579878111,-0.6911294589990554,0.9183308519222784
48522,肾气虚证,接真汤,1.1629993488169743,-0.6669138364049623,0.4473417179283611,0.8475355313389025,-0.557255872298815,0.434600328669401
48579,肾气虚证,梅花饮子,-0.6060910233461285,-0.5896005595854623,-0.2744436261417513,-0.4416887060460776,-0.4926549071328003,-0.2666267985798011
49157,肾气虚证,羚羊角饮,0.2188361627309806,0.1642176415942678,-0.5465930552831619,0.1594768076568859,0.1372159942081342,-0.5310247445164868
49169,肾气虚证,淋渫药丁香散,0.5022856336503092,-0.63782116786017,0.5819723913216311,0.3660405500938135,-0.5329467944202985,0.5653963902946395
49488,肾气虚证,减黄丹,0.2375428322905425,-0.3080879931270008,1.351669275935102,0.1731092891719204,-0.2574303215543553,1.313170419906602
50288,肾气虚证,理中汤,0.8217731025572943,0.5369082255828792,-0.1863974311914518,0.5988669759999349,0.4486265620225032,-0.1810883752002536
50442,肾气虚证,续断汤,-0.3003231813431583,-0.3389744131128656,0.978375731728027,-0.218860455366532,-0.2832382115273554,0.9505091913633232
50849,肾气虚证,鹿茸丸,0.1885730029582559,-0.6418511841091723,0.5426071869237913,0.1374225363246954,-0.5363141712801369,0.527152403463572
50856,肾气虚证,菟丝子丸,0.1286414058195125,-0.4651439582535391,1.6458985771417456,0.0937473974893704,-0.388662204998407,1.599019348999894
51144,肾气虚证,鹿茸丸,-0.1131452151538087,-0.3847034443859171,1.215083677377089,-0.0824545517943613,-0.3214482018145723,1.1804751141798835
51174,肾气虚证,鹿茸天麻丸,0.0168492439355999,-0.4962868649095344,1.4016165095875224,0.0122788829814425,-0.4146844085682985,1.361695033846019
51181,肾气虚证,菟丝子汤,-0.2171199009943504,-0.0888719530185597,1.3139583554262664,-0.1582260822765569,-0.0742590946518984,1.2765335989021496
51332,肾气虚证,菖蒲散,-0.238642290937801,-0.0792131348474966,0.4514774693470436,-0.1739105194303356,-0.0661884371674088,0.4386182837445013
51477,肾气虚证,猪肾粥,-0.238642290937801,-0.0792131348474966,0.4514774693470436,-0.1739105194303356,-0.0661884371674088,0.4386182837445013
51970,肾气虚证,鹿茸丸,0.2061138170688692,-0.4338720497607228,0.9382031672279724,0.1502054009260197,-0.362532210845712,0.9114808400258508
53057,肾气虚证,黄耆丸,0.1544506590919948,0.0525692408947738,0.6295427038342869,0.1125558853943762,0.0439254917079206,0.6116117836378938
53265,肾气虚证,黄耆散,0.102270129652225,0.0517582499839545,0.7617021950672803,0.074529335517743,0.0432478487760074,0.7400070484315026
55815,肾气虚证,替灸膏,1.2445124560495568,-0.4211405854818825,-0.1224018977239,0.9069381911251928,-0.3518941301146379,-0.1189155914787369
56382,肾气虚证,棘刺丸,0.1091759512979948,-0.4100307755093942,1.175595356901267,0.0795619515925783,-0.3426110615841273,1.1421115179186845
56856,肾气虚证,新加八味地黄汤,0.3634248687255227,0.7724944737552277,0.2182270883600726,0.2648457968014996,0.6454763094120153,0.2120114456685711
57396,肾气虚证,愈痛丸,-0.0376222811135211,-0.4490226991604731,0.9609939348170274,-0.0274172294646295,-0.3751916998025805,0.933622470658247
57939,肾气虚证,葆真丸,-0.1063257027781841,0.2999887535426319,0.1036491819767053,-0.0774848335820283,0.2506628074120877,0.1006969990681811
58601,肾气虚证,凝真丹,-0.0961796422211581,0.4469228709605661,1.076464843256716,-0.0700908940807353,0.3734371379216566,1.045804484426253
59610,肾气虚证,磁石散,-0.4148226706422536,-0.0945988094399109,0.6789893986519212,-0.3023019341600113,-0.0790443070682626,0.6596501153161408
59652,肾气虚证,增损肾沥汤,-0.011992457287264,0.4586728246717848,-0.019075917852865,-0.0087395007308984,0.3832550939264559,-0.0185325889275842
59906,肾气虚证,增损肾沥汤,-0.0061516245325676,0.2050657539422877,0.2892839958096159,-0.0044829950868937,0.1713476154696757,0.2810444781226293
59981,肾气虚证,磁石散,0.3254555347879898,-0.145450188437011,0.9372481367315,0.2371756526642173,-0.1215343980122145,0.9105530111401876
60967,肾气虚证,豨莶杜术汤,0.2375428322905425,-0.3080879931270008,1.351669275935102,0.1731092891719204,-0.2574303215543553,1.313170419906602
61208,肾气虚证,震灵丹,0.5034084521030077,-0.7690647733393523,0.2901058862916363,0.3668588038055399,-0.64261054086345,0.2818429591479862
61248,肾气虚证,熟干地黄散,0.3136460990681967,0.2859565422672062,0.1453528594085669,0.2285695288621973,0.2389378562898853,0.1412128534860161
61252,肾气虚证,薯蓣散,-0.235187916258171,0.195837314149412,0.909779456456406,-0.1713931446076223,0.1636365709748463,0.8838667062479122
61261,肾气虚证,熏草散,-0.1484104811114469,-0.0616710854693759,1.1446445954913456,-0.1081541069588743,-0.05153075652787,1.112042310102314
61424,肾气虚证,熟干地黄散,-0.238642290937801,-0.0792131348474966,0.4514774693470436,-0.1739105194303356,-0.0661884371674088,0.4386182837445013
61452,肾气虚证,聚精丸,0.1723024921841281,-0.1525779599569337,0.0896713195202826,0.1255654050132007,-0.1274901786829117,0.0871172604160622
61885,肾气虚证,经进地仙丸,-0.0559084027365225,-0.7615207994045905,1.2155655893920625,-0.0407432367591678,-0.6363069922697117,1.1809433001587526
61971,肾气虚证,人参理中汤,0.9059583921587756,0.2256672469553207,-0.3006780990195521,0.6602169881266737,0.1885616877125323,-0.2921140493284259
62980,肾气虚证,起痿丹,0.1034532408022851,-0.8368621301062495,1.3355506030346642,0.0753915275200164,-0.699260250499629,1.2975108463423797
63000,肾气虚证,菟丝子丸,0.2238344668967819,-0.2967861495617673,0.9932981209920706,0.1631193207685786,-0.2479867947436375,0.9650065543830731
63752,肾气虚证,茴香煎丸,1.443293745139455,-0.4436899003704528,-0.1776515312186599,1.0518000138256216,-0.3707357517035785,-0.1725915799085303
64603,肾气虚证,肾气丸,-0.1173331592658361,-0.6246262977057164,1.3894628323578238,-0.0855065151869594,-0.521921503780917,1.3498875231514436
65259,肾气虚证,石斛饮,-0.0354718428666739,-0.4698260008395334,1.4556759431989257,-0.0258500980436127,-0.3925743981228787,1.4142147222041703
65416,肾气虚证,加味寿胎丸,0.2851697580134406,-0.7576100612229022,1.24356730048442,0.2078174012956765,-0.6330392810635436,1.208147453843326
65527,肾气虚证,羊肾羹,0.1544506590919948,0.0525692408947738,0.6295427038342869,0.1125558853943762,0.0439254917079206,0.6116117836378938
65737,肾气虚证,未央丸,0.3482766373890155,-0.334061766424668,1.0291559048775991,0.2538065263946064,-0.2791333316072077,0.999843020640179
65801,肾气虚证,杜仲散,0.4638635780111794,-0.7672340989806776,1.0693012402018316,0.3380404851115178,-0.6410808769384406,1.0388449183555375
65944,肾气虚证,天雄丸,0.0321202358601308,-0.7276170990765134,1.585684385020543,0.0234076151410907,-0.6079779412451831,1.5405202047492166
66603,肾气虚证,大琥珀散,-0.1910029826243626,-0.1584891702210361,1.3429734857704858,-0.1391933834963224,-0.1324294323799423,1.3047223071728205
66712,肾气虚证,小菟丝子丸,0.1432645330919418,-0.5040815449794234,1.7030052811498655,0.1044039984197853,-0.4211974406940837,1.6544995140202503
67646,肾气虚证,封髓丹,-0.2477215609068422,-0.4155319276319041,1.189185875268264,-0.180527035514552,-0.3472076813531858,1.155314944991029
67706,肾气虚证,锁阳丸,0.1689400610715266,-0.8318300588673866,1.5045073226584385,0.1231150340456606,-0.6950555825281287,1.4616552642147929
68011,肾气虚证,既济丸,-0.0644550965022536,-0.4433621625208145,1.3598501629290674,-0.0469716380470087,-0.3704619024725143,1.321118295174864
68315,肾气虚证,多子锭,0.2318628412271584,-0.6218919368191844,1.346808242769636,0.1689699968766991,-0.5196367428750435,1.3084478408876634
1474,风邪袭表证,二苓槐膏汤,-0.1666179295544281,0.2117855678984621,0.6963244061522185,-0.1214227811899863,0.176962517400665,0.6764913792876853
4617,风邪袭表证,大连翘饮,-1.096264206968828,0.326596891321089,-0.8517923380071175,-0.7989023107246519,0.2728958759414646,-0.8275312031489409
4728,风邪袭表证,小柴胡汤,-0.4798809838017606,0.3740719182494625,0.1629839400818603,-0.3497131662193793,0.3125647748295004,0.1583417577404527
4859,风邪袭表证,干清散,-0.4173232657361494,1.325371128077825,0.1611967458158659,-0.3041242423098174,1.107445675558303,0.1566054671503547
4873,风邪袭表证,干葛防风汤,-0.1366203258733371,0.4002869395075796,0.8639078276211408,-0.0995620338038342,0.3344693654094047,0.8393016139047929
5894,风邪袭表证,川芎饮,0.0506835642772314,1.6430338291566149,0.247679064340292,0.0369356368286436,1.3728763742834815,0.2406245571401385
6974,风邪袭表证,不换金正气散,1.0281385065010955,0.5537679758400667,-0.2025747226325616,0.7492557208082538,0.4627141312457697,-0.1968048977053442
9735,风邪袭表证,天麻丸,-0.5870549451293683,0.2941913474208687,0.5864513118198436,-0.427816168041252,0.2458186454992555,0.5697477401522419
11034,风邪袭表证,加味香苏饮,-0.4113147850773948,0.7016571956538145,0.540003779072338,-0.2997455632909193,0.586286520499453,0.5246231470527418
11065,风邪袭表证,太乙保生丹,-0.6000467647237012,0.4148699765648377,0.2736308689322323,-0.4372839538436626,0.3466545722419913,0.2658371906889449
11340,风邪袭表证,四物加荆防汤,0.0535997241009863,-0.0829427905939052,0.3422557790320923,0.0390607876881083,-0.0693048405959878,0.3325074950424581
11585,风邪袭表证,加味桂枝汤,-0.4711172637859496,0.1108604218084316,1.0091400850859176,-0.3433266070973461,0.0926320878140541,0.9803973004861616
11690,风邪袭表证,加减三拗汤,-0.0764468954602266,1.236934911468068,0.6494607490016322,-0.0557106590205745,1.0335506709272213,0.6309625140286742
11799,风邪袭表证,加味荆防葛根汤,-0.2734102648711101,1.1471784587740923,0.0404082290142445,-0.1992476731364996,0.9585525113297988,0.0392573035483166
14095,风邪袭表证,四季加减百解散,-0.0747714539129764,0.9006273298657985,0.6396937756873486,-0.0544896813446881,0.7525407945139222,0.6214737280684686
14798,风邪袭表证,加味小柴胡汤,0.24499261103181,0.5436663195995195,0.7930713406434914,0.178538313865924,0.4542734497773307,0.7704827238069945
15876,风邪袭表证,牛黄膏,-0.447099571828339,0.672777627210313,0.0736654209303693,-0.3258237191245076,0.5621555035282821,0.0715672490734148
17604,风邪袭表证,全蝎观音散,1.0200634615519222,0.0625053058665336,-0.19840075055972,0.7433710334964809,0.0522278094149619,-0.1927498105940536
18941,风邪袭表证,龙车散,-0.697258072771148,-0.0266471578378628,0.2485699612172478,-0.5081266741787611,-0.0222656726771008,0.2414900790890606
19400,风邪袭表证,生犀丸,-0.6730513775803095,0.7544581646597646,0.3765046708276915,-0.4904860501393793,0.6304056381957409,0.3657808944022599
19763,风邪袭表证,白术汤,0.0295591381460816,0.5178824566965814,0.7088959522270439,0.0215412157195472,0.4327291239155935,0.6887048568978299
20987,风邪袭表证,芎苏饮,-0.2047930351160276,1.3017299069347257,0.1981702814903753,-0.149242881355116,1.0876916854756806,0.192525905849043
21412,风邪袭表证,芎芷香苏散,-0.4167820568518664,1.0382809407244111,0.3403301158266389,-0.303729836448995,0.8675605748915467,0.3306366794479004
21961,风邪袭表证,红绵散,-0.8041166355693788,0.5150119291875259,-0.3907608683895205,-0.5859998293885521,0.4303305857181567,-0.3796310404933495
22502,风邪袭表证,两治汤,0.0832055472253251,0.5754381532985229,0.5228259360617308,0.0606360250757612,0.4808211684420252,0.5079345711407657
22830,风邪袭表证,防风汤,0.7552669506694287,-0.2867768376905878,-0.2173332401402552,0.5504006317711743,-0.2396232738307229,-0.2111430564382704
24367,风邪袭表证,红灵丹,0.171727869935826,-0.0241902694598974,-0.4723039218920286,0.1251466491703628,-0.0202127605894101,-0.4588515478428828
24887,风邪袭表证,早起避秽丹,0.8735485645120862,0.5837079771485241,-0.2076621126436044,0.6365983330319133,0.4877312183641139,-0.2017473863717437
28127,风邪袭表证,杏仁露,0.0218558848004869,1.6376358975754353,0.244396411621959,0.0159274714608439,1.368366002916628,0.237435402422126
31158,风邪袭表证,杏仁丸,0.8831923749196423,0.8903907033807468,0.07256176766044,0.6436262578422014,0.7439873354163052,0.0704950305553888
31202,风邪袭表证,参苏饮,0.1563360380160117,1.2366867725806523,0.3892638574593966,0.1139298548895159,1.0333433325206538,0.3781766681060245
31674,风邪袭表证,参术散,-0.1382673886123324,1.0295266438670876,0.5174432275572587,-0.1007623304291615,0.8602457119133129,0.502705175375916
32201,风邪袭表证,和解四物汤,-0.4174685129142972,0.847640293469178,0.50612804323628,-0.3042300911604055,0.7082662037408523,0.4917122752555661
36176,风邪袭表证,养阴辟邪丹,-0.2183003455080741,0.8434267617782718,0.5065472682737455,-0.1590863309681598,0.7047454861463099,0.4921195597357901
36230,风邪袭表证,养津汤,-0.2183003455080741,0.8434267617782718,0.5065472682737455,-0.1590863309681598,0.7047454861463099,0.4921195597357901
37204,风邪袭表证,复正汤,0.3150134666742939,0.513858574893701,0.6834968581488634,0.2295659977181327,0.4293668728395342,0.6640291913117957
37893,风邪袭表证,星风散,-0.7529254635463798,0.0982527473950285,0.0344605926495771,-0.5486942735217263,0.0820974426779254,0.0334790704542493
38764,风邪袭表证,神仙百解散,0.0874507644587842,0.7514011992753025,0.7690471890571806,0.0637297262435811,0.6278513173541033,0.7471428389785327
42445,风邪袭表证,柴胡羌活汤,0.0144691340156779,0.5899382434497882,0.1010040384446404,0.0105443783768801,0.4929370669952955,0.0981271957112823
44882,风邪袭表证,桂枝瓜蒌首乌汤,-0.0347682355362334,0.5420041096895547,0.3684506080998597,-0.0253373443492401,0.4528845503682042,0.3579562311339881
45281,风邪袭表证,消风散,-0.125913898643984,0.497789414453686,0.5518453741023559,-0.0917597272077029,0.4159398999244412,0.5361274644140837
45499,风邪袭表证,消风百解散,0.3050061971690052,1.5303466703783306,0.4944807801625303,0.2222732021666614,1.278717912524207,0.4803967547997672
45913,风邪袭表证,秦艽鳖甲散,0.3128739119429656,-0.0074361079923827,0.8161326019299713,0.2280067976567658,-0.0062134186151256,0.7928871438129107
46551,风邪袭表证,秘方洗心散,-1.060945218557331,0.1659339293636824,-0.1231082045733353,-0.7731636053331654,0.1386500796714326,-0.1196017809768404
46957,风邪袭表证,逐血补心汤,-0.1850723798733011,0.4435946084602434,0.3116281856284987,-0.1348714579863091,0.3706561282595171,0.3027522506150063
48419,风邪袭表证,清热平喘汤,-0.5261547334055698,0.7250470870505952,-0.6562788160424933,-0.3834351515303786,0.6058305059767208,-0.6375863857984937
49570,风邪袭表证,续命丹,-0.7055659023561465,-0.2474220691150059,0.7034304519811465,-0.5141810032450302,-0.2067394518216873,0.6833950275034024
50090,风邪袭表证,清魂散,-0.1609576714303826,0.3222173811545639,0.3188082618534028,-0.1172978692701661,0.2692364710455575,0.3097278206594581
51799,风邪袭表证,麻杏石膏汤,0.0447807987560388,1.3245359778655577,0.0428331965055474,0.0326339976940543,1.1067478457418662,0.0416132020180891
52814,风邪袭表证,黄白茵陈汤,0.2575571558934353,0.1526091892592003,-0.362514572385046,0.1876947232965581,0.1275162730764088,-0.3521892682748154
54872,风邪袭表证,滋阴退翳汤,-0.6971540903519439,0.0516039590345633,0.3801574454715485,-0.5080508970125919,0.0431189272678642,0.3693296290656112
55636,风邪袭表证,葱白粥,0.1533823713974824,0.3921765103573764,0.0471397849651173,0.1117773709612319,0.3276925015566808,0.0457971282761643
56257,风邪袭表证,滋阴三宝散,-0.1867618544259887,1.3899721877831612,0.1331617532638004,-0.1361026622119625,1.16142464242392,0.1293689799436707
57754,风邪袭表证,解肌汤,-0.2612140220824624,0.9848323394166912,0.3122140591116328,-0.1903596637642419,0.8229003124722807,0.3033214369844509
57870,风邪袭表证,脾肾双益丹,0.3150134666742939,0.513858574893701,0.6834968581488634,0.2295659977181327,0.4293668728395342,0.6640291913117957
58453,风邪袭表证,葛根汤,-0.1162797172816085,0.6484620944296733,-0.0911454583350035,-0.084738819562069,0.5418380761629605,-0.0885494121419262
58466,风邪袭表证,解毒防风汤,-0.6821134205777356,0.3030513046936444,-0.3674331606996706,-0.497090012071647,0.2532217955751116,-0.356967763131107
58608,风邪袭表证,凝神辟秽丹,0.9358825384791564,0.6789118793186555,-0.2598413916937389,0.682024203476627,0.5672811251947362,-0.2524404715817228
58672,风邪袭表证,蠲痹汤,-0.1007288169479524,-0.0032743024633953,1.26560100864251,-0.0734061042080231,-0.0027359220574059,1.2295535879540844
58989,风邪袭表证,越脾汤,-0.1027743907913153,0.9438589061270324,0.1777801354879331,-0.0748968157170116,0.7886639762883038,0.1727165212128049
59631,风邪袭表证,薏术定痉汤,0.4465015716347893,-0.2195800154573775,-0.3967607631908565,0.3253879266089774,-0.1834753552463224,-0.385460043575642
59715,风邪袭表证,雄鼠散,-0.7529254635463798,0.0982527473950285,0.0344605926495771,-0.5486942735217263,0.0820974426779254,0.0334790704542493
63460,风邪袭表证,黄耆汤,-0.029385463692828,1.3464096980732043,0.1759060124587549,-0.0214146504981925,1.1250249579703957,0.1708957778038967
67347,风邪袭表证,救苦丹,0.6609440974791079,0.7110905327079369,-0.438735156948895,0.4816628723069248,0.5941687718216339,-0.4262389036547365
67497,风邪袭表证,珠珀保婴丹,-0.5515935202473187,0.5120099396510842,0.3670473424102617,-0.4019736621017475,0.4278222012666067,0.356592933892823
67940,风邪袭表证,清瘟解毒丸,-0.6763780739398275,0.5132686538359953,-0.4357249207240393,-0.4929103794131104,0.4288739501325,-0.4233144063403494
68742,风邪袭表证,头痛丸,-0.9136979534105856,0.3828398830382482,0.4230052004712307,-0.6658571917644104,0.3198910583761101,0.4109569749162166
68887,风邪袭表证,存安曲,-0.1500661951373438,0.798861293125007,0.4532571682159685,-0.1093607082077153,0.6675077385496313,0.4403472924248212
68921,风邪袭表证,小儿金丹,-0.7327140263020112,1.2244591218236185,0.2829166799177024,-0.533965192872237,1.0231262252770743,0.2748585190035412
68928,风邪袭表证,加味荆芥散,-0.1286250651289996,-0.8578226990745152,0.251277824402164,-0.0937354892145891,-0.7167743572802805,0.2441208156892738
69023,风邪袭表证,加味当归散,-0.5801354681686679,0.1117866119410473,0.6755568553080791,-0.4227736006585273,0.0934059882223099,0.6563153392252494
