row_index,syndrome,Title,PC1_raw,PC2_raw,PC3_raw,PC1_scaled,PC2_scaled,PC3_scaled
62,寒邪犯胃证,丁香柿蒂汤,1.0829240772015454,0.6312806921045684,-0.7729637205795052,0.7891806939568139,0.5274817428297001,-0.7509478180775734
150,寒邪犯胃证,丁附理中汤,1.4405969581463802,0.0723378794554061,-0.1937717353728904,1.0498347308704692,0.060443652411631,-0.188252641112682
156,寒邪犯胃证,丁胡三建汤,0.9546607582232938,-0.1485684145125796,0.5595022707044197,0.6957088271736526,-0.1241399066955143,0.5435662738219231
437,寒邪犯胃证,丁香散,1.616314141126682,-0.2069427627180998,0.2189142350433638,1.1778885910846442,-0.1729159952296701,0.2126790207290537
528,寒邪犯胃证,丁蔻散,1.1126886414992567,0.2694787556902702,-0.6019735659224255,0.8108716139412426,0.2251694459927139,-0.5848278823887243
681,寒邪犯胃证,丁香半夏丸,1.605883842485012,0.1687993700758523,-0.357911896627611,1.170287513138828,0.1410443674735696,-0.3477176880112902
684,寒邪犯胃证,丁香半夏丸,1.408724157684351,0.2941061228509197,-0.3982071577011531,1.0266074342238087,0.2457474340631212,-0.3868652412229162
738,寒邪犯胃证,丁香曲糵丸,1.6354854294043462,-0.1807412578609741,-0.5252243044502121,1.1918596633929728,-0.1510226986032176,-0.5102646281154009
741,寒邪犯胃证,丁香汤,1.358256033033607,0.1664115373640325,-0.3311812572935815,0.9898287989777476,0.1390491565061354,-0.321748402843988
789,寒邪犯胃证,丁香汤,1.2638164220839088,0.0554599842655429,-0.6928800506666146,0.9210059523208588,0.046340921754107,-0.6731451274937996
792,寒邪犯胃证,丁香汤,1.5303860892940608,-0.1673449501383745,-0.5795628159599953,1.1152685413477643,-0.1398290919661413,-0.5630554455489309
803,寒邪犯胃证,丁香吴茱萸汤,1.433104371934048,0.0412856906837012,0.0037896163893429,1.0443745102409123,0.0344972503485965,0.0036816788203132
1084,寒邪犯胃证,人参丸,1.1742796327606853,0.5149815864724363,0.0052404623822623,0.8557560358951706,0.4303052321338671,0.0050912011610676
1144,寒邪犯胃证,人参丸,1.1742796327606853,0.5149815864724363,0.0052404623822623,0.8557560358951706,0.4303052321338671,0.0050912011610676
1438,寒邪犯胃证,人参汤,1.212465461053994,0.1707933425301203,0.0358300928087078,0.8835839502487828,0.1427104790440427,0.0348095638900668
1589,寒邪犯胃证,人参丁香散,1.2803115113666044,0.3983132260048065,-0.4911107689759457,0.9330267451733338,0.3328201816923827,-0.4771227297969309
1630,寒邪犯胃证,人参丁香散,1.136083488155105,0.4899863961919208,-0.4212005714488185,0.8279206035311558,0.4094199006221877,-0.4092037461543235
1632,寒邪犯胃证,人参七味丸,1.180993895212885,0.8241832604641783,-0.1525450725524747,0.8606490532478994,0.6886661164803956,-0.1482002147602518
1823,寒邪犯胃证,人参汤,1.382632737445172,0.0304334483639704,-0.0798769712804098,1.007593317201049,0.0254293986559717,-0.0776018792352867
2420,寒邪犯胃证,人参煮散,1.0298156811241426,0.8051659339416624,0.0225464089139955,0.7504779614627632,0.6727757325932917,0.0219042318917065
2768,寒邪犯胃证,三香散,1.1328264651643,0.7311137346973753,-0.3035346942980006,0.8255470487102499,0.6108996391117593,-0.2948892817673731
2954,寒邪犯胃证,万应丸,1.2982699615130806,-0.8641689942177282,-0.3376665050278482,0.946113961948132,-0.7220771565968468,-0.3280489348173243
3164,寒邪犯胃证,三圣散,1.494292316852372,0.3156163788174796,-0.3361160382976863,1.0889652122569016,0.2637208450162231,-0.3265426291822499
3439,寒邪犯胃证,万病紫菀丸,0.1375278957058485,-0.8022653668598059,0.2633472170926781,0.1002234251287796,-0.6703520941093846,0.2558464424750535
3499,寒邪犯胃证,大半夏汤,1.6880324641156046,-0.0434365413683745,-0.129010500627882,1.2301533039092745,-0.0362944452919991,-0.1253359651640191
3504,寒邪犯胃证,大半夏汤,1.0213704615160524,0.4337398967821117,0.0304713542703017,0.7443235094460039,0.3624217872507094,0.0296034553678618
3898,寒邪犯胃证,万病丸,1.1700842370812892,-0.8315391107471306,-0.2920057326834924,0.8526986421744167,-0.6948124738389749,-0.2836886932551151
4708,寒邪犯胃证,干姜散,1.132931537568671,-0.0822916880818913,0.1128802948186688,0.8256236202028808,-0.0687607962555013,0.1096651871765482
4787,寒邪犯胃证,川楝丸,0.6155274307394967,0.4330577916598418,-0.5789140562709532,0.4485654859533097,0.3618518379346793,-0.5624251641269548
4954,寒邪犯胃证,干姜丸,0.8692519636435039,0.6751349659405699,0.0713622436637713,0.6334671860507827,0.5641252345170923,0.0693296719440497
5097,寒邪犯胃证,已寒丸,1.3199058594767388,-0.4919010702530409,-0.0422625530685538,0.961881118047812,-0.411019752515873,-0.0410588119057183
5221,寒邪犯胃证,大腹皮散,0.5910922593338028,0.7617908661913948,0.4325490998041936,0.4307583599203087,0.6365326530592236,0.4202290405891919
5285,寒邪犯胃证,川椒丸,0.9860151296676092,-1.0062027903523527,-0.6960832474225713,0.7185583187824713,-0.8407569059743233,-0.6762570893501147
5468,寒邪犯胃证,干姜散,1.2979851463767873,-0.0227571987734813,0.3041712645493404,0.9459064029773404,-0.01901532396142,0.2955077209367281
6139,寒邪犯胃证,小和中饮,1.1609579333767988,-0.1109947001609314,-0.7709402419543271,0.846047850265364,-0.0927442873162513,-0.7489819730863428
7745,寒邪犯胃证,五香汤,0.9617559510416578,0.1271438809050439,-0.070146500639572,0.7008794474507671,0.1062381231181632,-0.0681485562628622
8703,寒邪犯胃证,升阳散火汤,-0.2998914127542964,0.2827779870297432,0.7238781787356,-0.2185458040980264,0.2362819381265277,0.7032603528506143
9166,寒邪犯胃证,升麻散火汤,-0.3353021232356681,0.2354481473123774,0.6893188306015305,-0.2443513519286816,0.1967343538993976,0.6696853397102747
10405,寒邪犯胃证,木香导滞汤,1.3861924302315336,-0.536042757618294,-0.307279813398288,1.010187442571937,-0.4479033994800203,-0.2985277306905554
10831,寒邪犯胃证,木萸散,1.1601896514972465,0.1275430667661546,-0.3861968703137249,0.8454879650069013,0.1065716724510751,-0.3751970362762313
10860,寒邪犯胃证,开胃散,1.3443745621026923,0.4740447093067579,-0.4520832598063026,0.9797126799505392,0.3960994412971967,-0.4392068198057433
10900,寒邪犯胃证,木香半夏丹,1.3698402183336804,0.1877725881656218,-0.3294176363808196,0.9982707715836764,0.1568978955004046,-0.3200350141802076
11114,寒邪犯胃证,加味参术苓附汤,1.2622068731496292,-0.1207520675656848,-0.0142916651737831,0.919832993872844,-0.1008972899796631,-0.0138846034984688
11360,寒邪犯胃证,半夏煮散,0.968444812944323,0.823848110983685,-0.2885241951504866,0.7057539541583544,0.6883860742831762,-0.2803063184497287
11948,寒邪犯胃证,加减理中汤,1.536253631053128,-0.2918488754937788,0.0266992126095916,1.1195445111730984,-0.2438613368248658,0.0259387535530521
12394,寒邪犯胃证,加味理中汤,1.537413662666146,0.2665564115976659,-0.1972688631737077,1.1203898839675968,0.22272761120449,-0.1916501621368165
12513,寒邪犯胃证,加减胃苓汤,0.8423288406940215,0.0308219742253546,-0.652441371954949,0.6138469658524623,0.0257540407701065,-0.6338582415301242
13389,寒邪犯胃证,半夏二味丸,0.0521609362117827,0.8366662740460438,-0.220661752576049,0.0380122713158501,0.6990965982649366,-0.2143767646765166
13524,寒邪犯胃证,圣石丹,0.9811973051374634,0.7714563941490891,-0.1080406951817604,0.7150473301673803,0.6446089170670719,-0.104963431206707
13762,寒邪犯胃证,加味四君汤,0.6931545277901248,0.4764929335346383,-0.3276570986192242,0.5051362166351672,0.3981451138462097,-0.3183246208518867
13857,寒邪犯胃证,四味藿叶汤,1.1020275634044814,0.7112099430537309,-0.0989970886977628,0.8031023555174162,0.5942685480037649,-0.0961774088153603
13899,寒邪犯胃证,加味理中汤,1.4647948722883088,0.1366084731198898,-0.4420644546532928,1.067468955722301,0.1141464904404958,-0.429473374795211
14198,寒邪犯胃证,火郁汤,-0.3852138868185821,0.9930957259511068,0.4649337131060133,-0.280724539163341,0.8298049835407363,0.4516912606789717
14216,寒邪犯胃证,加味四君子汤,1.202034923142952,-0.0460143625643515,-0.3967465199529458,0.8759826979354619,-0.0384484057000453,-0.3854462060200794
14353,寒邪犯胃证,加味升阳除湿汤,1.3533743383613672,-0.2857527898265072,-0.5562925718097479,0.9862712650100116,-0.238767606044836,-0.5404479950237503
14565,寒邪犯胃证,石莲丸,0.9217256933190764,-0.9137993352869316,0.2700910515534994,0.6717074055377149,-0.763546979976269,0.2623981959907726
14667,寒邪犯胃证,长生丸,1.4145393483185245,0.1466034519283244,-0.4585445588247947,1.0308452531778645,0.1224980350186178,-0.4454840851814658
14766,寒邪犯胃证,加味平胃散,1.4880248844800497,-0.1526248253549652,-0.509466790388107,1.0843978222310944,-0.1275293381917343,-0.4949559267000317
15727,寒邪犯胃证,加味四逆汤,0.8478183445652927,0.1635295763649331,-0.1127998854061062,0.6178474406464144,0.136641064781511,-0.1095870680212643
15842,寒邪犯胃证,石莲散,1.2144874576394205,-0.1542378173097336,-0.5380136277520593,0.8850574798359988,-0.1288771123564012,-0.52268968012303
16159,寒邪犯胃证,白豆蔻散,1.486625221398372,0.1129207722875779,-0.4224134752345373,1.0833778180541085,0.0943536631373178,-0.4103821034655058
17359,寒邪犯胃证,白茅根饮子,0.921128706861796,0.5852862344864695,-0.4745492279682753,0.6712723517822782,0.489049969185524,-0.4610329020953304
17523,寒邪犯胃证,白芍药汤,1.0328965371060808,-0.3336347165660571,0.1482804504301481,0.7527231346129345,-0.2787764998420157,0.1440570595352104
18268,寒邪犯胃证,平胃调中散,1.0896408528514734,0.3243142627096625,-0.3215154664701811,0.7940755428018598,0.2709885707866464,-0.3123579174491691
18548,寒邪犯胃证,白术散,1.4746231082570855,-0.0060296263075,-0.4342226492426333,1.074631280621618,-0.0050381990659158,-0.4218549232351446
18555,寒邪犯胃证,白术汤,1.8748835829332076,-0.0257273872548055,-0.4224079911409777,1.3663210175278897,-0.0214971362776473,-0.4103767755723809
18775,寒邪犯胃证,白术丸,1.4872533989960897,0.2994199483481408,-0.3649371255683248,1.083835602346592,0.2501875285716712,-0.3545428212019776
18837,寒邪犯胃证,生姜散,1.2713374337624204,0.1733956983915451,-0.4513498273770943,0.9264868880029274,0.144884939981017,-0.4384942773309058
18877,寒邪犯胃证,甘松粥,0.9362847124093876,-0.0361112729448292,-0.3598497008899616,0.6823172876438672,-0.0301736413404867,-0.349600298855668
19060,寒邪犯胃证,白术丸,1.269659079346788,-0.0209636825078645,0.506234991145743,0.9252637875748188,-0.0175167083734365,0.4918161770262714
19062,寒邪犯胃证,白术丸,1.0831444252505398,0.850135025619035,0.2308561941180658,0.7893412725512678,0.7103507371009853,0.2242808435209382
19386,寒邪犯胃证,白术八味散,1.4425399449023373,-0.2612063893321538,-0.1280467966449626,1.0512506820610434,-0.2182572716169099,-0.1243997098340749
19615,寒邪犯胃证,生姜汤,1.487942886917817,0.2267633932183285,-0.4770361161817991,1.0843380665248286,0.1894775990471243,-0.4634489576332906
19981,寒邪犯胃证,生姜饮,1.479834817761146,0.2864848975655958,-0.5879454746906319,1.0784293128287736,0.2393793362481884,-0.5711993455999463
20634,寒邪犯胃证,肉豆蔻丸,1.2360292108927011,-0.0390051196243235,-0.7114538604190366,0.900756027997752,-0.032591664430806,-0.6911899095910915
21089,寒邪犯胃证,吴茱萸汤,1.1501846544062568,-0.97223164254983,-0.0103020619262117,0.8381968254768734,-0.8123714975927347,-0.0100086339361292
22540,寒邪犯胃证,百效丸,-0.3785691156878213,-0.4246019894018003,1.347064113932135,-0.2758821635965246,-0.3547863892873821,1.3086964242119152
22551,寒邪犯胃证,肉豆蔻散,0.8495084510018924,-0.460270035439263,-0.4946185404050272,0.6190791053573361,-0.3845896817410888,-0.4805305912926925
22553,寒邪犯胃证,肉豆蔻散,1.3440896016564003,-0.909726947480429,-0.6138094772229991,0.9795050150851164,-0.7601441985439856,-0.5963266779071761
22764,寒邪犯胃证,安虫丸,0.6155274307394967,0.4330577916598418,-0.5789140562709532,0.4485654859533097,0.3618518379346793,-0.5624251641269548
23871,寒邪犯胃证,安胃散,1.3996253929598288,0.1152942300501083,-0.0326295740797307,1.0199767113406275,0.0963368627706512,-0.0317002037839549
26192,寒邪犯胃证,朴沉汤,1.569066889064732,-0.0935071156933781,-0.3801787325843151,1.143457166061611,-0.078132116140741,-0.3693503098691983
27019,寒邪犯胃证,附子粳米汤,0.932173861468664,0.1489917717377814,0.1359804262889772,0.6793215058836751,0.1244936529921806,0.132107370248126
27144,寒邪犯胃证,陈曲丸,1.6550435282973472,-0.0549882938521183,-0.4902637560910817,1.2061126238560376,-0.0459467895012738,-0.4762998419163776
27943,寒邪犯胃证,阿魏理中丸,1.5923655987192282,0.1182002929251773,-0.409526489446556,1.160436095831968,0.0987650933965614,-0.3978621706388708
29592,寒邪犯胃证,豆花羮,-0.5981983495443963,-0.2375333350555376,-0.1466194433484719,-0.4359369216697232,-0.1984766825950883,-0.1424433620089397
29863,寒邪犯胃证,陈橘皮散,1.6433370165900814,-0.2235500864224536,-0.3749951508307091,1.197581505906543,-0.1867926433845584,-0.3643143692369798
30078,寒邪犯胃证,连理汤,1.0574327400420502,-0.5267833932570629,-0.3978020876202532,0.7706038873524175,-0.4401665152194315,-0.386471708531379
30229,寒邪犯胃证,陈粟汤,0.1269714178344335,0.3986841623452298,-0.3426634153470311,0.0925303940957716,0.333130126459857,-0.332903520875395
30248,寒邪犯胃证,乳附丸,1.4074354206593311,-0.790851036702904,-0.297724726053754,1.025668267387329,-0.660814576425573,-0.2892447956680178
30979,寒邪犯胃证,陈橘皮饮,0.6919863364371057,-0.1064049507620251,-0.2451921667610877,0.5042848974318558,-0.0889092119807211,-0.2382084925032552
31816,寒邪犯胃证,和胃透肌汤,0.5920218255753479,0.8087761860213929,-0.1739837322821466,0.4314357811237204,0.6757923654206353,-0.1690282488812255
32425,寒邪犯胃证,扶阳助胃汤,1.4929704828875672,-0.1513352955868066,0.0581021006006286,1.088001926032501,-0.1264518406252059,0.0564472102766405
32449,寒邪犯胃证,和解散,0.3561632470390427,1.1948409466933287,0.2193336876287785,0.2595538915216786,0.9983780477507256,0.2130865262761032
33327,寒邪犯胃证,治中散,0.8865509416796379,-0.7321951290411486,0.1748234871849268,0.6460738126635911,-0.6118032241259597,0.1698440855048253
33622,寒邪犯胃证,泽漆茱萸汤,0.7303132177292069,-0.6252187781333061,-0.7801358794551122,0.5322156041287311,-0.5224165650309223,-0.7579156962782538
35943,寒邪犯胃证,养脏汤,1.60073781529321,0.0635070674533283,-0.0810515397293844,1.166537346902944,0.0530648553666457,-0.0787429930941351
36232,寒邪犯胃证,芜荑散,0.85806403375447,-0.7530980221800749,-0.5656875251528375,0.6253139844924757,-0.6292691384822908,-0.5495753570539429
36525,寒邪犯胃证,姜砂二陈汤,1.466985692680829,0.2621649949368835,-0.3125107044136593,1.0690655156235005,0.2190582575513655,-0.3036096331007354
36589,寒邪犯胃证,枳实理中汤,1.4753607564185869,0.318771156144475,-0.333987788652804,1.0751688415644811,0.2663568949754503,-0.3244749973069136
37598,寒邪犯胃证,厚朴汤,1.5488047503242977,0.0108908896430646,-0.52198469855318,1.128691136707506,0.0091001443917725,-0.5071172941396438
37641,寒邪犯胃证,姜桂丸,1.2469282311345955,0.0167015169254456,0.0926862237035603,0.9086986867113478,0.013955353562872,0.0900462927339671
37829,寒邪犯胃证,砂仁益黄散,1.2504344245785046,-0.3172307375078985,-0.700252555350276,0.9112538244476528,-0.2650697611896856,-0.6803076451625609
39580,寒邪犯胃证,茯苓散,1.315888513955384,0.503456709313399,-0.2965145903633245,0.9589534783423584,0.4206753442475761,-0.288069127609982
40510,寒邪犯胃证,茯苓汤,1.4012423920693429,0.2964517091324901,-0.2809210224326827,1.0211550991022806,0.2477073450111901,-0.2729197027381643
40859,寒邪犯胃证,草豆蔻散,0.6278387980802318,0.2543574557330321,-0.458628793337928,0.4575373923187366,0.212534480667379,-0.4455659204890749
40869,寒邪犯胃证,草豆蔻散,1.617937749354738,0.0393545222545111,-0.3430194683441904,1.1790717952400471,0.0328836161895494,-0.3332494326099538
41162,寒邪犯胃证,茴香粥,1.2921015921187142,-0.4972177651156608,0.3313898226975207,0.9416187640467172,-0.4154622445915912,0.3219510277937039
41404,寒邪犯胃证,草豆蔻汤,1.7691544832082666,-0.2678478931152941,-0.3634813127040253,1.2892709582956865,-0.2238067396021601,-0.3531284734585216
41694,寒邪犯胃证,荜茇粥,1.809731900477118,-0.3345891379648166,-0.039179914572117,1.318841742613235,-0.279573989562687,-0.0380639745140156
42327,寒邪犯胃证,顺气汤,0.7009548704713073,0.5367512424245364,-0.9359696307018754,0.510820714726801,0.4484953909745157,-0.9093109200978994
42403,寒邪犯胃证,钩藤膏,-0.3961091378937702,-0.9324220895098788,-0.1834947967344924,-0.2886644510974908,-0.7791076695026043,-0.1782684148915131
42805,寒邪犯胃证,追虫散,1.0264646336366348,-0.6089586394391093,-0.7374453884802937,0.7480358863096207,-0.5088300156491034,-0.7164411351873845
43086,寒邪犯胃证,桂枝汤,0.6125290602512258,-0.0794956545148419,-0.5957157525385373,0.4463804240893348,-0.0664245032603193,-0.5787483068776714
46303,寒邪犯胃证,益黄散,1.0976610412351608,-0.2028589210749404,-0.7149029095956483,0.799920253403049,-0.1695036432690981,-0.6945407213881536
47184,寒邪犯胃证,透骨丹,1.29359244514461,-0.3686310571810667,-0.1431728684997747,0.9427052228764112,-0.3080185326986285,-0.1390949540648646
47342,寒邪犯胃证,益儿丸,0.7864366854244778,-0.7884786892345446,-0.7254842604503503,0.573115569431445,-0.6588323045251984,-0.7048206894191169
47404,寒邪犯胃证,调中葛根汤,0.2678925655356542,0.4134595962821293,-0.5479313921779275,0.1952266509039412,0.3454760951257414,-0.5323249622941381
47807,寒邪犯胃证,调中汤,-0.1239738401830627,0.8699200638305766,0.0481584360995486,-0.0903459100115213,0.7268826009268592,0.0467867657279841
47851,寒邪犯胃证,铁刷汤,0.9029978993658416,0.6093361678691742,0.0763123586611129,0.6580595296252252,0.5091454685953901,0.0741387955258134
48115,寒邪犯胃证,高良姜散,1.3213689889279998,0.0361800435851099,-0.3212297052439185,0.9629473733283104,0.0302311043005368,-0.3120802954034769
48161,寒邪犯胃证,高良姜散,1.0830916094027885,0.3853700443005298,-0.6245007557674664,0.7893027830133049,0.3220051953819786,-0.606713442617696
50243,寒邪犯胃证,理中汤,1.3596527182381728,0.4011314544305478,-0.2090751141015653,0.990846633027413,0.3351750201347661,-0.2031201420827111
50302,寒邪犯胃证,猪心汤,0.4132623792080448,0.2351479749857703,0.1141099812362426,0.301164872104834,0.1964835377031029,0.1108598491090699
50706,寒邪犯胃证,理中丸,1.5923655987192282,0.1182002929251773,-0.409526489446556,1.160436095831968,0.0987650933965614,-0.3978621706388708
50709,寒邪犯胃证,理中化滞汤,1.2412684940343512,0.0227540892779065,-0.0537012290937024,0.9045741544875134,0.0190127257477163,-0.0521716863836325
50711,寒邪犯胃证,理中加丁香汤,1.420230587644473,0.0357374732537121,-0.4334208251407832,1.0349927426420686,0.0298613040315754,-0.4210759370502368
52173,寒邪犯胃证,温中白术丸,1.4812926686373111,0.2998610735499668,-0.3721904072653029,1.079491721348779,0.2505561213279133,-0.361589511647118
52354,寒邪犯胃证,麻黄豆蔻丸,1.4954234427559514,0.1863890066285985,0.1189072061962719,1.0897895200217138,0.155741810719698,0.1155204373367559
53962,寒邪犯胃证,黄连汤,1.309006823931976,0.2730857221192428,-0.2774808426714065,0.953938448182254,0.2281833334156601,-0.2695775077337362
55084,寒邪犯胃证,温胃汤,1.3266733885484954,-0.0534641591082313,-0.2524804757169675,0.9668129534383624,-0.0446732621131122,-0.2452892125450572
55096,寒邪犯胃证,温胃理中汤,1.0745744231884409,0.0020154559453413,-0.1369123725928736,0.7830958853473411,0.0016840626173768,-0.1330127724356334
55253,寒邪犯胃证,温中汤,1.6031103491381085,0.2445319282161756,-0.3305492181831246,1.1682663304444232,0.2043245251853981,-0.3211343657575108
55954,寒邪犯胃证,温脾平胃陈粟汤,0.1269714178344335,0.3986841623452298,-0.3426634153470311,0.0925303940957716,0.333130126459857,-0.332903520875395
56063,寒邪犯胃证,温中散,1.2690781007856369,0.2559915805277732,-0.3148918582968302,0.9248403995703264,0.2138999128840014,-0.305922965881391
56636,寒邪犯胃证,温中养气定痛丸,1.383695503271389,-0.6204196174982295,-0.1716053477964107,1.008367807573832,-0.5184065111078877,-0.1667176066187738
57992,寒邪犯胃证,黑枣丁香散,0.315519038894819,0.661372360891062,0.0297814493423984,0.2299344333677216,0.5526255593516926,0.0289332006243384
58618,寒邪犯胃证,增半汤,1.2361438628250272,0.4566460211323446,0.0327803275019396,0.9008395805693692,0.3815615495543112,0.0318466633789675
58888,寒邪犯胃证,葛根汤,0.2678925655356542,0.4134595962821293,-0.5479313921779275,0.1952266509039412,0.3454760951257414,-0.5323249622941381
59926,寒邪犯胃证,蓼酒,0.8556374797708811,1.064705981993897,-0.0082128101286717,0.6235456337862645,0.8896406527356929,-0.0079788891537983
60632,寒邪犯胃证,藿香半夏散,1.0036547266160922,0.6131692075018365,0.0351558601837094,0.7314131713561587,0.5123482569129475,0.0341545350638243
61076,寒邪犯胃证,藿香安胃汤,1.2415956461461086,0.5562506731201575,-0.1565886944593898,0.904812566520288,0.4647886085814459,-0.1521286643980331
61541,寒邪犯胃证,橘皮干姜汤,1.3580412533857005,0.2348317740905807,-0.1982727775582763,0.9896722783544172,0.1962193284513944,-0.1926254825775525
62047,寒邪犯胃证,橘皮干姜汤,1.3580412533857005,0.2348317740905807,-0.1982727775582763,0.9896722783544172,0.1962193284513944,-0.1926254825775525
62192,寒邪犯胃证,藿香养胃汤,0.9338849189141682,0.6682888870906243,0.0240490047364204,0.6805684386379385,0.5584048289217939,0.0233640300999025
62848,寒邪犯胃证,温中救痢饮,1.4548000213195318,-0.2649260750691425,-0.1220531213642436,1.060185210176706,-0.221365344364683,-0.1185767491251984
64837,寒邪犯胃证,茅根橘皮汤,0.8895967776350409,0.4162072660419253,-0.3352220299005995,0.6482934649767755,0.3477719765802903,-0.3256740843369213
65051,寒邪犯胃证,参姜饮,0.5723167607117068,0.4612018123195481,0.0951435560118558,0.4170757192403996,0.3853682502905287,0.0924336341913676
66237,寒邪犯胃证,七物理中丸,0.8595029742144387,0.7307047033359888,-0.1813007028080718,0.6263626120506467,0.610557863134647,-0.1761368141412638
66300,寒邪犯胃证,丁香温气汤,1.421866752303118,0.0959873700755726,0.3967971759020706,1.0361850972936282,0.0802045522544123,0.3854954191635364
66843,寒邪犯胃证,胃气痛片,1.223272122336058,-0.6047508831763964,-0.3395129780212274,0.8914593023897882,-0.5053141238522879,-0.3298428157312664
66878,寒邪犯胃证,消寒止痛丹,1.3870361874376578,-0.2631963962953736,-0.7430503005483792,1.0108023304587967,-0.2199200697261044,-0.7218864056133883
66969,寒邪犯胃证,消滞止痛丸,1.272325024422983,-0.7682292877715264,-0.5333949069548098,0.9272065944895188,-0.6419124308326227,-0.5182025118217756
67143,寒邪犯胃证,鳖甲丸,1.4292324528649425,-0.5831751369217746,0.0651130161473304,1.0415528500320106,-0.4872859909162118,0.0632584377538819
67474,寒邪犯胃证,橘皮半夏汤,1.1697324837780605,0.5781326679113734,-0.1152227431901234,0.852442302028521,0.4830726348369947,-0.1119409168733888
67841,寒邪犯胃证,紫砂丹,1.6499678232986388,-0.3255906486493179,-0.5784075187218908,1.20241370490361,-0.272055085711613,-0.5619330540096034
68571,寒邪犯胃证,白虎丹,1.389064952550678,-0.2777215697898566,-0.7448548373603721,1.0122807926090762,-0.23205692726919,-0.723639544791241
69068,寒邪犯胃证,一把抓,1.283828439102174,-0.4440758942959095,-0.7666217148315536,0.9355897055224336,-0.3710582781978433,-0.7447864482074724
69074,寒邪犯胃证,十味石榴丸,0.2388997892752568,-0.1871294011180596,-0.7848573021994487,0.1740981712897081,-0.1563604651163348,-0.7625026413232595
69163,寒邪犯胃证,小儿止泻片,0.9036347178876964,-0.4546512591451769,-0.633351768850719,0.6585236109893599,-0.3798947782706627,-0.6153123571406978
69171,寒邪犯胃证,万应丸,0.690002637345285,-0.1550119800279748,-1.0283845382928265,0.5028392771350663,-0.1295239826075572,-0.9990936244675632
202,脾寒证,丁香丸,1.6937190679913423,-0.1848750709890155,-0.3526589997878154,1.2342974152901107,-0.1544768054380745,-0.3426144065565362
258,脾寒证,丁香丸,1.4298534190417158,-0.2355722881121403,-0.3839896911592868,1.0420053790029944,-0.1968380827259468,-0.3730527229973506
479,脾寒证,丁香散,1.4718314457821282,-0.056695592117031,-0.5639712371434217,1.0725968571789577,-0.0473733635681979,-0.5479079531363343
513,脾寒证,（而火）炷丹,0.9120985053771556,-0.6673366654426818,0.7594029662243192,0.6646915943457695,-0.5576091772557459,0.7377733072649855
1104,脾寒证,七德丸,1.456236620838864,-0.5787892303760394,0.1085713067741308,1.0612321317748796,-0.4836212413720432,0.1054789296795699
1167,脾寒证,七枣散,-0.2230532914917213,-0.1728423528476664,0.3636494867989471,-0.162550039356108,-0.1444225788229415,0.3532918575427631
1255,脾寒证,二蛟散,0.0698954137554825,-0.0384480870890915,-0.9488006606276602,0.0509362681033864,-0.0321262225185602,-0.9217764908225284
1477,脾寒证,二贤散,1.4472652467628595,0.2311423087779002,-0.6475451813550601,1.054694244800067,0.1931365071049116,-0.6291015064467208
1877,脾寒证,人参冲和丸,1.8691477148719853,-0.1303071076581896,-0.4692024651522217,1.3621410048822222,-0.1088812331983277,-0.455838428197534
1904,脾寒证,人参散,1.287276950994632,0.188617808751678,-0.452561817292345,0.9381028078402258,0.157604139859506,-0.4396717468008923
2356,脾寒证,人参消食八味散,1.5241618254694276,-0.4484406260111683,-0.1178451894377259,1.1107326103920248,-0.3747053346038824,-0.1144886694201531
2625,脾寒证,万安汤,1.208277574790501,-0.0658953085721817,-0.2045580621795048,0.8805320290132921,-0.0550604075883849,-0.1987317468777314
2913,脾寒证,三棱散,1.1033107460490834,0.2547087775917389,-0.4655447823032226,0.8040374746003321,0.2128280360836028,-0.4522849251267607
5462,脾寒证,干姜黄连丸,0.7514370925915466,-1.2199714004167634,-0.2329777921026092,0.5476096235007979,-1.0193764018805596,-0.2263420131915357
6224,脾寒证,乌头丸,1.342873161584732,-0.3108382618084243,0.0241402452469141,0.9786185346382168,-0.2597283746002845,0.0234526718568844
6739,脾寒证,乌头汤,1.4799532955091768,-0.477997212045391,0.2718982947371142,1.0785156534627829,-0.3994020498819179,0.2641539644561458
7854,脾寒证,六君子汤,0.938373363468688,0.6996636312528077,-0.00233436217338,0.6838393916649284,0.5846207498876819,-0.002267873813519
9623,脾寒证,木香散,1.6880613498121562,-0.6919569787425952,-0.1285077334188843,1.2301743543545731,-0.578181271303413,-0.1248475179982002
10128,脾寒证,化虫丸,1.013125468557826,-0.6191680175762142,-0.76364724876026,0.7383149725583055,-0.5173607067352097,-0.7418967022249455
10384,脾寒证,木香散,1.5284890629913537,-0.5600426048403022,0.0221581511386208,1.113886083827849,-0.4679570481954707,0.0215270326499999
11653,脾寒证,半夏汤,1.2776348291664266,0.5012134793357264,0.0962497880154708,0.9310761135817852,0.4188009595673701,0.0935083579944195
17620,脾寒证,正元荜澄茄汤,1.48894472734469,-0.0057902765012897,0.0665801898751166,1.0850681575256278,-0.0048382045872238,0.0646838227755692
18618,脾寒证,生熟饮,1.3370794857134658,0.2513422500436079,-0.5250747739857041,0.9743963945631136,0.2100150531418116,-0.5101193566452545
18945,脾寒证,艾馄饨,0.9579896577378256,-0.9335935617424482,0.0274500582416885,0.6981347619961376,-0.7800865212600568,0.026668213260053
19954,脾寒证,白术丸,1.697020418060293,-0.0929451104309826,-0.2931236228726223,1.2367032734599108,-0.0776625191468909,-0.2847747431899659
20237,脾寒证,肉豆蔻丸,0.9773608575585002,-0.2132224653995145,0.0737020178516875,0.7122515197994743,-0.1781631516155275,0.0716028036246577
22472,脾寒证,红豆蔻散,1.6199009348832931,-0.5729450761188242,-0.2954037621774639,1.1805024662819128,-0.478738017931953,-0.2869899385352274
22923,脾寒证,佐关煎,1.1078271520229253,-0.0831565745307822,-0.6735417909010321,0.8073288045057839,-0.0694834728985804,-0.6543576687945813
23066,脾寒证,肉豆蔻散,1.7642979551989872,-0.2742594624230934,-0.1841338073028529,1.2857317645283004,-0.2291640803145404,-0.1788892248716751
25658,脾寒证,诃黎勒丸,1.5719795668897716,-0.1468381804847548,-0.4255419462585657,1.1455797794152427,-0.1226941681010744,-0.4134214679620073
26250,脾寒证,补真丸,0.5735262370282381,0.2878729175421156,0.5789370487279437,0.4179571248522049,0.2405391296736078,0.5624475017023798
26463,脾寒证,补脾散,1.616165617301201,-0.2910703808656485,-0.468512606244829,1.1777803543779994,-0.2432108469423688,-0.4551682181637442
26852,脾寒证,附子散,0.5318272328024065,0.1213416452366982,0.4622574873699048,0.3875689842751759,0.1013899257616999,0.4490912604154315
27417,脾寒证,豆麦饮,0.6577128109009044,-0.8320154433813269,-0.8861207271879759,0.4793080728913003,-0.6952104850108594,-0.8608818356134976
27747,脾寒证,沉香丸,1.8442930712765693,-0.618960300235142,-0.1886446046240587,1.3440281885790075,-0.5171871435224343,-0.1832715436221723
27787,脾寒证,豆蔻散,1.330208402372437,-0.0101913466397788,-0.3304038337095952,0.9693890940205668,-0.0085156244354796,-0.3209931221903516
27892,脾寒证,附子汤,1.0647778171041211,-0.2972543779462426,-0.1065587913171003,0.7759566107196834,-0.2483780342150396,-0.1035237355985704
28924,脾寒证,沉香丸,1.7090084216267687,-0.3975384642141034,-0.4069609930976429,1.2454395285427198,-0.332172810871844,-0.3953697459180083
30787,脾寒证,沉香饮,1.544368112675235,-0.0763561719652803,0.2779159668781605,1.1254579379519938,-0.0638012332196891,0.2700002385359137
31356,脾寒证,京三棱散,1.665444676051313,-0.3349506091202283,-0.0692320209850169,1.2136924580985582,-0.2798760254675134,-0.0672601232316849
31395,脾寒证,京三棱丸,1.497532331682433,-0.2281601240365186,-0.2494628357405061,1.0913263723842352,-0.1906446710254968,-0.2423575223560683
32121,脾寒证,抵圣丸,0.9780486074924156,-0.0250311144671983,-0.2618257968173393,0.7127527174194576,-0.0209153488286006,-0.2543683559805306
32387,脾寒证,斩鬼丹,0.1125204981214793,1.0328367622545804,0.0401048741189216,0.0819992893881783,0.8630115608262369,0.0389625889444085
32692,脾寒证,备急丸,1.520516751512708,-0.5606978326425984,-0.480848690185685,1.1080762635111598,-0.4685045395213236,-0.4671529401789797
33860,脾寒证,知母丸,0.3315871975357014,1.045924858288378,0.3613700131623579,0.2416441006045872,0.873947633784867,0.3510773089058895
34362,脾寒证,金铃散,1.2599778976880085,-0.0675023966751734,-0.122284742207423,0.918208628473046,-0.0564032486479156,-0.1188017728387001
35025,脾寒证,厚朴汤,1.3297054294593404,0.3240018089420256,-0.614935173736165,0.9690225526157208,0.2707274925373539,-0.597420311822809
36588,脾寒证,枳实理中汤,1.184823878850252,-0.2303253037525491,-0.2728733157801845,0.8634401530197241,-0.1924538389351691,-0.2651012145086119
37056,脾寒证,厚朴丸,1.6034991134859198,-0.0766567447954623,-0.1679912792501963,1.1685496423812898,-0.0640523840663642,-0.1632064756084752
37400,脾寒证,厚朴丸,1.6149609085645744,-0.3799918713432009,-0.4896031448875001,1.176902423139049,-0.317511333807797,-0.4756580465400626
37734,脾寒证,厚朴丸,1.6345989332972637,-0.4304455434558243,-0.4200738710518982,1.1912136295410105,-0.359669111213282,-0.4081091369480077
38509,脾寒证,活血丹,-0.4625169056932499,-0.3274495993157086,0.9281500456446128,-0.3370590979424908,-0.2736083765846052,0.9017140560010684
38568,脾寒证,神仙如意丸,-0.1886929003838544,-0.7709880177170207,-0.551220249404883,-0.1375099115484341,-0.644217553890948,-0.5355201448011505
38765,脾寒证,神仙百解散,1.3600867064898288,0.4937090500123411,-0.1814675079256501,0.991162901874714,0.4125304534233522,-0.176298868239994
39853,脾寒证,神白散,1.3365826854857994,0.1765281107708278,-0.0572968670246822,0.9740343515014792,0.1475023023710767,-0.0556649117278206
40110,脾寒证,荜澄茄汤,1.48894472734469,-0.0057902765012897,0.0665801898751166,1.0850681575256278,-0.0048382045872238,0.0646838227755692
40506,脾寒证,茯苓汤,0.9076864796632004,0.5938283600603003,0.6107814554368923,0.6614763315328009,0.4961875473524292,0.5933849016079425
40558,脾寒证,茱萸如圣丸,1.0728412625401291,-1.0524442764109514,-0.6848478049459105,0.7818328448886716,-0.8793950901644784,-0.6653416598307849
40588,脾寒证,胡芦巴散,1.1397197667012422,-0.7281124270340289,0.8464576271480063,0.8305705407584051,-0.6083918244156497,0.8223484379387952
40748,脾寒证,草果饮,0.5381155868192817,0.8153554039993323,0.0307146008870619,0.3921516209450596,0.6812897890055231,0.0298397737243998
40750,脾寒证,草果饮,0.4286736922430388,0.4716517130464888,-0.0296262719652111,0.312395863244279,0.3940999158028503,-0.0287824430794352
41096,脾寒证,荜茇丸,1.737262535342004,-0.5417411931573468,0.1858865609079314,1.26602970798221,-0.4526648641456375,0.1805920557553477
41107,脾寒证,赤茯苓散,1.5423773568462482,-0.1348068191482363,-0.2174764070837419,1.1240071750594756,-0.1126410751968019,-0.211282145636081
41950,脾寒证,鬼哭散,0.5509848528054502,0.7990422363618299,0.2060409377087781,0.4015300958312441,0.6676589300166068,0.2001723864750899
42103,脾寒证,面色白瘦散,1.0528812159798424,-0.2444359358792934,-0.3677401277126341,0.7672869651474402,-0.2042443164830091,-0.3572659869706863
42134,脾寒证,香砂理中汤,1.212180311188724,-0.0314501520976728,0.1117892666174914,0.8833761473443197,-0.0262789298773479,0.1086052341343524
43336,脾寒证,桂香散,1.7224774025172078,-0.3087944918995217,-0.3617110213006389,1.2552550455395124,-0.2580206535706791,-0.3514086042960494
45784,脾寒证,桔梗散,1.615383851377109,-0.2705421237682103,-0.3561482049694439,1.1772106426249087,-0.226057968727587,-0.3460042306171071
46298,脾寒证,益黄散,1.3178761608547511,-0.1992928015385133,-0.4919566647397979,0.9604019756030686,-0.1665238864481782,-0.4779445323748185
46567,脾寒证,益智仁煮散,1.2205928836411728,0.0212345415959536,0.4076984944392489,0.889506807753258,0.0177430311893145,0.3960862414126391
46569,脾寒证,益智火煮散,1.3981073858959805,-0.6146777835033188,-0.3374098769466791,1.0188704640114747,-0.5136087838202414,-0.3277996161333026
47332,脾寒证,粉霜丸,1.1560046595768774,-0.7096470594983313,-0.7601196956181617,0.8424381530233545,-0.5929626431155707,-0.7384696224478695
48054,脾寒证,酒煎附子四神丹,1.2097000990628863,-0.5514450423147585,0.4768439636619115,0.8815686932782075,-0.4607731483522138,0.463262278088435
50462,脾寒证,清膈汤,-0.4209929658386565,1.3407625639522136,-0.0779473557074158,-0.306798535489256,1.120306359436671,-0.0757272238463094
50563,脾寒证,理中快斑汤,1.4582834858449325,-0.28644968263715,-0.2259918489995546,1.0627237842184185,-0.2393499115690203,-0.2195550468815
50798,脾寒证,硇砂丸,1.6125536980648667,-0.7572240536435266,-0.3718522861793857,1.1751481689926562,-0.6327167431604189,-0.3612610210789899
51992,脾寒证,煮附丹,1.5917294309672616,-0.4793872127991991,-0.0847860816018718,1.1599724887162528,-0.4005634983933701,-0.0823711660549064
52364,脾寒证,黄连饮,0.8623563352554482,-0.9934586304260218,-0.8682952961915575,0.6284419983103671,-0.8301082170900956,-0.8435641166097946
55040,脾寒证,温脾散,1.0177990636364964,0.2954371246798499,0.1150304648084873,0.7417208539909074,0.2468595846060011,0.1117541150516359
55326,脾寒证,温胃健脾丸,1.630280470047053,-0.0967453070129283,-0.3707615532925974,1.188066550353857,-0.0808378646646787,-0.360201354939905
55447,脾寒证,温脾丸,1.587102420982223,-0.4603703734245608,-0.0826618684145768,1.156600556160857,-0.3846735215543745,-0.0803074556689456
56363,脾寒证,蒙姜黄连丸,0.7514370925915466,-1.2199714004167634,-0.2329777921026092,0.5476096235007979,-1.0193764018805596,-0.2263420131915357
56414,脾寒证,紫桂丹,1.48581985287187,-0.8013405147755757,-0.6314720699377977,1.0827909059094656,-0.6695793117395912,-0.6134861966628906
56719,脾寒证,煨姜丸,1.4530706233367734,-0.1578032210417693,-0.2632259311833268,1.0589249117597683,-0.1318562710697714,-0.2557286110858614
58208,脾寒证,黑地黄丸,0.6088951096152093,-0.7828180264516853,0.6896770171765247,0.4437321833260975,-0.6541024017931516,0.670033324253139
60928,脾寒证,麝香荜澄茄丸,1.4268915282942314,-0.5312158393992621,0.0777852330177489,1.0398469017424607,-0.4438701520410987,0.0755697188084599
61068,脾寒证,槟榔散,1.7072780471477336,-0.2644141541466517,-0.4020149042734491,1.2441785185043253,-0.2209375965438425,-0.3905645338341066
61343,脾寒证,醒脾散,0.7217318789349398,0.1984503152416405,0.0651161704811475,0.5259619552836167,0.1658199267900695,0.0632615022445356
61905,脾寒证,鳖甲煎丸,1.5840895983258354,-0.4935654624589904,-0.4711694456366362,1.1544049622824004,-0.4124104753948185,-0.4577493842536149
63473,脾寒证,替针丸,1.4209169242313584,-0.1440965433766051,-0.4919882942486537,1.035492910285701,-0.120403327373486,-0.4779752609976889
63618,脾寒证,茯苓汤,0.7442688890401431,0.4774722522564534,0.5992655399200792,0.5423857966673057,0.3989634071230825,0.5821969876085209
63855,脾寒证,藿香煮散,1.572910033046037,-0.3634110384707278,-0.5937218076270838,1.146257856431318,-0.303656820703678,-0.5768111544075656
63952,脾寒证,燥土汤,1.3047957122675338,-0.2002258739419216,0.2433015404589384,0.9508696014406964,-0.1673035375030763,0.2363717158750653
64258,脾寒证,果附汤,1.0647778171041211,-0.2972543779462426,-0.1065587913171003,0.7759566107196834,-0.2483780342150396,-0.1035237355985704
64757,脾寒证,诃黎勒丸,1.6526675586500927,-0.4139932271713607,-0.2303828124804587,1.2043811364743129,-0.3459219832306685,-0.223820944953367
66854,脾寒证,黑锡丹,0.9156720819176618,-0.4376148846359629,0.8310654974971609,0.6672958374995761,-0.36565962641189,0.8073947138905258
67139,脾寒证,膈汤,-0.5696750519875778,1.0792057201476073,-0.2714018690872504,-0.4151505745621805,0.9017562571689524,-0.2636716782263038
1023,肺热炽盛证,人参平肺散,0.317681785292949,1.4582057160454442,0.1290775030832593,0.2315105343514023,1.218438805627959,0.1254010592251396
1050,肺热炽盛证,二母丸,0.2384722439315208,1.4735135859772557,0.0917855142051355,0.1737865977102015,1.2312296639761258,0.0891712376511014
1053,肺热炽盛证,二母汤,0.3395556296374292,1.5017395873281807,-0.0028631763961312,0.2474510938261618,1.254814577267333,-0.0027816261102577
1054,肺热炽盛证,二母汤,0.3510048314194795,1.557244984932744,0.0743823918730851,0.2557946972216641,1.3011934452274838,0.0722637989252679
1056,肺热炽盛证,二母汤,0.1698690247561168,1.132352020797566,0.2524801109078084,0.1237920161358179,0.9461639250137148,0.2452888581265577
1109,肺热炽盛证,二母散,0.0948401495678052,1.3844095542718429,0.1823949526311784,0.0691147390907615,1.156776650403934,0.1771998970456951
1110,肺热炽盛证,二母散,0.2732523632698797,1.405693446765235,0.2252096280115322,0.1991326023777461,1.1745609179207916,0.2187951054656603
1551,肺热炽盛证,二冬汤,0.3167054204063493,1.40955719560992,0.2020970994605959,0.23079900864523,1.1777893660579524,0.1963408784127155
1941,肺热炽盛证,人参防己汤,-1.0547629673005998,0.1941721050404937,0.0454904707420919,-0.768658291027466,0.1622451655130068,0.0441947905672526
2391,肺热炽盛证,人参养肺丸,0.2697186084893567,1.0225451268098298,0.6797611457658755,0.1965573793231688,0.8544121376712741,0.6603998811795337
2457,肺热炽盛证,人参清膈饮,0.1991915107765549,1.127822227217359,0.5638826322952515,0.1451607716684752,0.9423789472023698,0.5478218719715487
3508,肺热炽盛证,大黄丸,0.2474530148212919,1.034521685150372,-0.567198486112704,0.1803313326110746,0.8644194386161355,-0.5510432821399501
4109,肺热炽盛证,大阿胶丸,0.1168567286405765,0.82899387430895,0.8229060402445368,0.0851593164688034,0.6926857404078457,0.7994676579920142
4864,肺热炽盛证,干葛石膏汤,-0.2064444448338705,1.107937517133431,-0.3362497104473824,-0.1504463458403662,0.9257638001498504,-0.3266724940212837
5393,肺热炽盛证,干地黄汤,-0.9172044449491796,0.6299953582304418,0.06213579973141,-0.6684125467371546,0.5264077512431967,0.0603660197632884
5517,肺热炽盛证,五汁肺丸,0.0282904250402219,1.2621851328548035,-0.5206439369537014,0.0206166413099525,1.054649099804411,-0.5058147207188165
5905,肺热炽盛证,大黄汤,0.0704611656548131,1.1126043564913104,-0.3884189328194621,0.0513485596812733,0.9296632898519568,-0.3773558089920636
6076,肺热炽盛证,大蓟散,0.3382249866214469,1.3211490839248483,0.0305608458640007,0.2464813880075642,1.1039178451716465,0.0296903980214888
6180,肺热炽盛证,小建中汤,0.4854990453003002,0.464331843231935,0.3597054518673923,0.353807327357219,0.3879836227887314,0.3494601583990409
6830,肺热炽盛证,马兜铃汤,0.5077792171660999,1.3037755912544018,-0.0674433754510954,0.3700439979278526,1.0894010061371835,-0.0655224227093298
6833,肺热炽盛证,马兜铃汤,0.1798511905561507,1.4778139029347652,0.0895173834023093,0.131066517367354,1.2348228970843729,0.0869677087762664
6861,肺热炽盛证,马兜铃饮,0.3343496748488988,1.499091355153226,-0.067302139561813,0.2436572553667408,1.2526017832748446,-0.0653852095645637
8053,肺热炽盛证,天门冬散,0.324852081163103,1.348584716105927,0.1842685612974379,0.2367358859617448,1.126842346521852,0.1790201407420021
8614,肺热炽盛证,五味石膏汤,0.0375932756968648,1.5267316061516256,-0.1290929211712441,0.0273960917733294,1.2756972587918929,-0.1254160381681648
8701,肺热炽盛证,升阳散火汤,0.4372622050092676,0.3230724640980013,0.8201018927482486,0.3186547401199548,0.2699509561342185,0.79674337949376
8893,肺热炽盛证,天柏茶,-0.869089905302223,0.7013619769592783,-0.2872116420217585,-0.63334908606859,0.5860398434293992,-0.2790311500532219
9307,肺热炽盛证,天竺黄散,0.3728657144567434,0.4497619120997285,0.1859840769976782,0.2717258111465102,0.3758093669265674,0.1806867943476945
9339,肺热炽盛证,化(匿虫)丸,-0.2506004757359381,-0.6856894084923482,-0.4230421472813687,-0.1826250440919766,-0.5729442524617846,-0.4109928693905876
9495,肺热炽盛证,天门冬丸,0.3320638598067048,1.4801518927805832,0.2019314110968309,0.2419914681345303,1.2367764606481164,0.1961799092599111
9544,肺热炽盛证,天门冬汤,0.2022925652787686,1.3380128091890178,0.1751456484231764,0.1474206644860577,1.1180087358074586,0.1701570708008898
9804,肺热炽盛证,引气汤,0.4016364342406976,1.4800829705481335,0.2404958058620403,0.2926924671501446,1.2367188710215888,0.2336458954807191
9984,肺热炽盛证,天门冬丸,0.026769224540321,1.263952476246081,0.1938970383626576,0.0195080667649469,1.0561258460186842,0.1883743751659876
9991,肺热炽盛证,天门冬丸,0.3674254812580786,1.3625311716125528,0.2630682330964063,0.2677612423448784,1.1384956423519632,0.2555754046272204
9993,肺热炽盛证,天门冬丸,0.3509461057985216,1.4464131727028784,0.2487859223199594,0.2557519009377174,1.208585262833875,0.2416998890899095
10772,肺热炽盛证,加减二陈汤,0.3721676722356475,1.3586092439884094,-0.0531646767104828,0.2712171130244044,1.1352185815384317,-0.0516504163282139
11859,肺热炽盛证,平邪汤,-0.6410775763182148,0.9682034588601032,0.3677320901709803,-0.467185149180871,0.8090056519718087,0.3572581783579314
11892,肺热炽盛证,四黄丸,-0.5149715075510464,0.4522611024296099,-0.7102200013571729,-0.3752853780362336,0.3778976254260854,-0.6899911938614229
12038,肺热炽盛证,木通散,0.1052168859161443,1.3078651312497809,-0.2590512187939431,0.0766767835265554,1.0928181194928015,-0.2516728047440595
12112,肺热炽盛证,半夏散,0.3824630191898344,1.4172539891989255,0.2414935739737637,0.2787198449562933,1.1842206067838394,0.2346152447095345
12506,肺热炽盛证,木通汤,0.1560694713804515,0.8861622927304231,-0.5029774960404156,0.1137355945098032,0.7404541853498956,-0.4886514633707457
12919,肺热炽盛证,贝母饮,0.2467506355376362,1.485179995386544,0.0801321873936668,0.1798194738555386,1.2409778125330864,0.0778498261677055
12979,肺热炽盛证,贝母汤,0.3510048314194795,1.557244984932744,0.0743823918730851,0.2557946972216641,1.3011934452274838,0.0722637989252679
13111,肺热炽盛证,半夏丸,0.5799706531587583,1.1855341808494124,-0.0029956211758781,0.4226534917546501,0.9906015560429072,-0.0029102985378487
13617,肺热炽盛证,牛黄丸,-0.7197689058136884,1.0273189515763703,-0.1353317300348271,-0.5245314390335291,0.8584010216008989,-0.1314771504542605
13698,肺热炽盛证,止咳散,-0.1193672735272643,1.4549095218342756,-0.0814954883739512,-0.0869888755280182,1.2156845913949592,-0.0791742969924941
13863,肺热炽盛证,止嗽饮,-0.0255883005737319,1.3782776427183356,0.2895762306590831,-0.018647468672169,1.1516529844442824,0.2813283894068603
14651,肺热炽盛证,加味泻白散,0.2372805726839124,1.488236399076684,-0.0444774501861428,0.1729181675386365,1.2435316640375438,-0.0432106233212306
15036,肺热炽盛证,加味八正散,0.1157540095571454,-0.4169594785086618,-0.6042888626987951,0.0843557101682117,-0.3484005057716546,-0.587077233834499
15123,肺热炽盛证,石膏汤,-0.1162688129866357,1.432482262528218,-0.1145535118015097,-0.0847308730593964,1.1969449562792167,-0.1112907468360529
15253,肺热炽盛证,冬瓜粥,-0.0098902627875248,0.617924297733067,-0.5102477788611658,-0.0072075269304604,0.5163214867516742,-0.4957146707059567
15262,肺热炽盛证,全肺汤,-0.5350211500869698,0.2069339086955494,-0.6615931078559677,-0.3898965508259039,0.172908597038494,-0.6427493135475013
15448,肺热炽盛证,贝母丸,0.0261989348513816,1.4957573293554327,-0.0699726941121543,0.0190924682738351,1.2498159579510948,-0.0679797001716162
15802,肺热炽盛证,石膏知母竹叶汤,-0.7663708070044509,0.9524136472388433,-0.4541743699550618,-0.5584925647446423,0.795812095670937,-0.4412383700088929
15937,肺热炽盛证,牛蒡甘桔汤,-1.2444259495109251,0.3575447705555321,-1.0303213158715163,-0.9068751495033224,0.2987551196655908,-1.0009752378707493
16504,肺热炽盛证,白前汤,0.1436901611494107,1.5729270842946486,-0.0721738999638182,0.1047141747773271,1.314296999963284,-0.0701182102820356
16688,肺热炽盛证,地骨皮汤,0.4728987632538564,1.287931406268192,-0.080778370845538,0.3446248744606496,1.076162016865423,-0.0784776047300637
18100,肺热炽盛证,龙脑丸,-0.0624299322843646,-0.1377914144984714,0.3814896717870723,-0.0454958000483004,-0.1151349255183363,0.3706239103083041
18376,肺热炽盛证,立验丸,0.3646515521572733,1.4143428241921472,0.0197192362593959,0.2657397420949092,1.1817881129492491,0.0191575840481201
18732,肺热炽盛证,玄参丸,-0.5714706176663727,0.4695467050116781,-0.5813642112040094,-0.4164590926737163,0.3923410257864763,-0.5648055326383657
18835,肺热炽盛证,玉环煎,-0.0995239096042913,1.3709977106003493,0.055483611479676,-0.072528028234238,1.1455700623316554,0.0539033021478541
18850,肺热炽盛证,甘桔清金散,-0.8068591705577595,0.7460667122776792,-0.7539432149574137,-0.5879984511856813,0.6233939586326953,-0.7324690631045284
18876,肺热炽盛证,甘泽饮,0.1904837525131477,-0.1657291470799127,-0.8150175341423369,0.13881499466176,-0.1384789689162733,-0.7918038358906387
18909,肺热炽盛证,甘草鼠粘汤,-0.549109726627582,1.1707854178489436,0.2764700215015588,-0.4001635980227082,0.9782778729184742,0.2685954772299053
18920,肺热炽盛证,地黄散,0.1616459006363116,0.9382552721496352,0.4189578936056835,0.1177994161595288,0.7839817253442377,0.4070249452764627
19124,肺热炽盛证,玉露散,-0.0449310710113074,1.3798251322268946,0.0228509635419212,-0.0327435085685394,1.1529460264669429,0.0222001120568903
19200,肺热炽盛证,甘桔牛蒡汤,-1.287414373365028,0.6584721781544476,-0.8995456676321119,-0.9382029543638072,0.5502022420166828,-0.873924400828314
19262,肺热炽盛证,宁嗽化痰丸,0.1577929573015611,1.5426414875263408,0.1223018316860165,0.1149915845130553,1.2889911422588027,0.1188183755670303
19290,肺热炽盛证,宁嗽抑火汤,0.1123626599379305,1.5170947373680872,-0.0960211244062546,0.081884264845047,1.2676449416452755,-0.0932862072856049
19489,肺热炽盛证,平肺汤,0.2022925652787686,1.3380128091890178,0.1751456484231764,0.1474206644860577,1.1180087358074586,0.1701570708008898
19537,肺热炽盛证,平肺宁嗽饮,-0.6468845324775363,1.139667587262695,-0.5508048529037931,-0.4714169672631069,0.9522766222608744,-0.5351165798111965
19816,肺热炽盛证,宁肺汤,0.333664380858356,1.3396275611631063,0.1459813621372455,0.2431578475149746,1.119357980598536,0.1418234549155414
19837,肺热炽盛证,玉粉散,-0.0031970858373136,0.990400749566783,0.1904742850831676,-0.0023298756328797,0.8275531313015227,0.1850491102944048
19965,肺热炽盛证,生地黄汤,0.005482850637649,1.4602620593411744,-0.0906371374550733,0.0039956262513463,1.2201570326528848,-0.0880555694873438
20158,肺热炽盛证,平顺散,0.5235730383092438,-0.2856803781663196,0.7348621231152775,0.3815537417708242,-0.2387071007431617,0.713931447555577
20318,肺热炽盛证,地骨皮丸,0.2800173433912587,1.1316385616129678,0.1163854760006861,0.204062580221244,0.945567777057922,0.1130705322018348
20500,肺热炽盛证,地黄汤,0.0363857649568713,-0.7346487822354868,0.4579010470043642,0.0265161185750134,-0.613853432978276,0.4448589021559325
20620,肺热炽盛证,生干地黄散,-0.0991023052168116,1.2298268004004578,0.115250357382491,-0.0722207841253562,1.02761131801961,0.1119677445458324
20704,肺热炽盛证,地骨膏,-0.7009886363982931,0.3882980715686258,0.199458737103241,-0.5108453216390045,0.324451778883969,0.1937776630860398
21263,肺热炽盛证,地黄汤,0.0035927439179063,1.134300727890297,-0.0158601909970591,0.0026182113760637,0.947792214024284,-0.0154084538593943
21667,肺热炽盛证,生地黄散,0.005482850637649,1.4602620593411744,-0.0906371374550733,0.0039956262513463,1.2201570326528848,-0.0880555694873438
21947,肺热炽盛证,含化丸,0.5013401213928724,1.276037427125043,0.067869239318059,0.3653515082346677,1.0662237169521267,0.0659361569289057
22533,肺热炽盛证,百部根饮,0.2692028234569609,1.4936389637449003,0.1048666294855697,0.1961815010890727,1.2480459066915373,0.1018797706861301
22600,肺热炽盛证,红蓝花散,-0.0691060654753492,0.6169952370089118,-0.3514303000088038,-0.0503610307099221,0.5155451877517188,-0.3414207031606906
22823,肺热炽盛证,自拟前胡汤,-0.0556100289973626,1.1302720762925191,-0.3836353398821833,-0.0405257969593831,0.9444259774315488,-0.3727084645136868
23232,肺热炽盛证,如神汤,0.0670006615501445,0.1154481418700352,-0.2920387538281501,0.0488267180413497,0.0964654674880653,-0.2837207738765867
23456,肺热炽盛证,安肺散,0.2381513846612938,1.2493832384097032,0.3529249099287306,0.1735527715843714,1.0439521694565,0.3428727429244775
24464,肺热炽盛证,朱砂凉肺丸,-0.988057958375429,0.8756693498127768,-0.5928417177931514,-0.720047029774509,0.7316865549014486,-0.5759561316905766
25075,肺热炽盛证,百花煎丸,0.211542055903558,1.3960184772757662,0.2814027151146481,0.1541612288374216,1.1664767648143255,0.2733876756311672
25221,肺热炽盛证,百部膏,-0.0099572962497658,1.182997370827601,0.0558854939199755,-0.0072563775519983,0.9884818635063402,0.054293737990613
25723,肺热炽盛证,连翘散,-1.2155825075712197,0.1391385995139384,-0.5445231818972257,-0.8858554972439485,0.1162605983113748,-0.5290138262010705
26819,肺热炽盛证,阿胶地黄汤,-0.0333924762789764,-0.6082131687629868,-0.1142998374733706,-0.0243347600792834,-0.5082071197227942,-0.1110442977749307
27047,肺热炽盛证,赤茯苓散,0.340492515345639,1.557078521935539,0.1963954300990069,0.248133849089369,1.3010543530724716,0.1908016065782302
27264,肺热炽盛证,鸡苏散,0.0485847875219775,1.0954335748568804,0.3727626849563639,0.0354061537087818,0.9153158308918512,0.3621454894659922
27716,肺热炽盛证,苏桔汤,-1.0451443981311452,0.584457200672936,-0.442788331477052,-0.7616487607641463,0.4883572500729379,-0.4301766338316782
27984,肺热炽盛证,苏叶解斑汤,-0.3615476975319287,1.0275548882135834,0.0849023143560067,-0.2634778086881829,0.8585981641242663,0.0824840882151358
28334,肺热炽盛证,抑火汤,-0.007987722298068,1.374722403876589,0.0850101896833943,-0.0058210509481085,1.1486823192491085,0.0825888909886286
28387,肺热炽盛证,抑心清肺丸,0.7457668808872199,-0.5683825401605826,-0.4118879285860017,0.5434774579114371,-0.4749256814403154,-0.4001563502000542
28388,肺热炽盛证,抑火汤,-0.638313076189372,0.8748417848975258,-0.7525816139768918,-0.4651705202922404,0.730995063162099,-0.7311462438593398
28549,肺热炽盛证,杏仁紫菀丸,0.5285723196395657,1.0072787633165263,-0.3601274088231987,0.3851969669909562,0.8416559610246017,-0.3498700969858712
29007,肺热炽盛证,辛夷清肺饮,-0.6608365761769587,1.0498773943723123,-0.6036774968208127,-0.4815845161805521,0.8772502702320556,-0.5864832811561329
29009,肺热炽盛证,辛夷膏,-1.3875090732077535,-0.5511766654584636,-0.6207418181115706,-1.0111469458644962,-0.4605488996247235,-0.6030615687252598
29574,肺热炽盛证,驱二竖丸,0.4108729764688406,1.0341051640337322,0.5319800723495953,0.2994235953601702,0.8640714043941508,0.5168279751760843
29575,肺热炽盛证,麦门冬五膈下气丸,0.4031732016024339,1.1929050325797097,0.6190935901400112,0.2938123860424452,0.9967604482210832,0.6014602863287083
29610,肺热炽盛证,麦门冬汤,0.0492733057769714,0.6590561227062453,0.0407846406693838,0.0359079112425898,0.5506901709106765,0.0396229940763454
29775,肺热炽盛证,沐头汤,-0.2287094434392667,0.1337791626866569,-0.4015534973514441,-0.1666719589006655,0.1117823921606125,-0.3901162689128684
30142,肺热炽盛证,麦冬二陈汤,0.986887147156012,0.5696105512541783,-0.194454271635727,0.7191938013441099,0.4759517756009091,-0.1889157370687919
30574,肺热炽盛证,麦门冬汤,0.3450633955048308,1.432107189379266,0.2843059957271519,0.2514648770459606,1.1966315549020288,0.2762082636913573
30744,肺热炽盛证,刺蓟散,-0.1210062036722347,0.1968783773010232,0.3766439022048297,-0.0881832455271569,0.1645064562928606,0.3659161601283039
30987,肺热炽盛证,麦门冬散,0.2699697380500569,1.563640800088509,0.2219743940992264,0.1967403899378174,1.3065376221797875,0.215652018949782
31076,肺热炽盛证,麦门冬汤,0.1116872392184019,1.3425065399975524,0.1808565398301788,0.0813920521374601,1.1217635805038662,0.1757053020143175
31103,肺热炽盛证,鸡苏丸,-0.2356171799503245,1.2386776781304492,0.3675400950605282,-0.1717059704331775,1.0350068814654425,0.3570716517391045
31420,肺热炽盛证,麦门冬饮,0.617833386145413,0.61495478915417,-0.211209671709574,0.4502459504713553,0.5138402425442482,-0.2051939022549134
31487,肺热炽盛证,麦门冬散,0.5150654816905694,1.156357955665045,0.2837251864621742,0.375353861670686,0.9662226604075363,0.2756439972987157
32126,肺热炽盛证,定喘汤,0.3239167617039143,1.3837874845975553,-0.0878560978396676,0.236054272102183,1.156256865148249,-0.085353740700851
32220,肺热炽盛证,明胶散,0.5745571229672094,0.723079192426175,0.3035671650370792,0.4187083827638491,0.60418618436325,0.2949208276601664
33048,肺热炽盛证,泻肺汤,0.1665713727990607,1.2466936718694748,-0.0036492736696331,0.1213888529642845,1.0417048375424405,-0.0035453334054597
33050,肺热炽盛证,泻肺汤,-0.0356229450224521,1.2483791715835242,-0.461291538061137,-0.02596021370792,1.043113197306687,-0.4481528237120259
33056,肺热炽盛证,泻肺汤,-0.7518363003649271,1.19489712431209,-0.4402790971541402,-0.547900546081856,0.9984249883092168,-0.4277388686563305
33486,肺热炽盛证,泻白汤,-1.506361890008406,-0.3405329044961533,-0.2571411528956994,-1.0977609111609796,-0.2845404464306614,-0.2498171422071488
33490,肺热炽盛证,泻白散,0.3843395479180477,1.3663368732128105,0.0093852331805918,0.2800873648730987,1.1416755877200075,0.009117918721762
33492,肺热炽盛证,泻白散,0.3885945527122967,1.5114973112244223,0.1211279651460618,0.2831881987237898,1.2629678778057691,0.1176779436251115
33494,肺热炽盛证,泻白散,0.2775227319339002,1.2618061729360797,0.1079942743764454,0.2022446326453084,1.0543324507433969,0.1049183325797772
33538,肺热炽盛证,泻白散,0.3662022587056486,1.3222971992186243,0.0573189198725098,0.2668698191665472,1.1048771804779605,0.0556863364564561
33643,肺热炽盛证,抑金散,-0.4329550796998077,0.6451144770176123,0.2765694801547171,-0.3155159234547438,0.5390408940394995,0.2686921030566934
33749,肺热炽盛证,泻白散,0.3662022587056486,1.3222971992186243,0.0573189198725098,0.2668698191665472,1.1048771804779605,0.0556863364564561
33751,肺热炽盛证,泻白散,-0.3400486947600867,1.4075624124851531,-0.057808838539421,-0.2478104149308049,1.1761225771122752,-0.0561623010381789
33870,肺热炽盛证,郁李仁丸,0.4158950770221554,0.3591203863623338,-0.7963992347657126,0.3030834500842685,0.3000716632922159,-0.7737158313427551
33984,肺热炽盛证,泻心各半汤,0.201562628585164,1.3678118106464194,-0.2055513066615968,0.1468887232738057,1.1429080071140667,-0.1996967013209818
34037,肺热炽盛证,泻心汤,0.8028859827603643,0.3652751577930187,-0.7147374759716937,0.5851029914122945,0.3052144303712356,-0.6943799997195451
34384,肺热炽盛证,苦参丸,-0.5437439571936588,-0.4066416483521394,0.1804764791136422,-0.396253294674002,-0.3397791949961909,0.1753360663591096
34407,肺热炽盛证,降气丸,0.4970052877740714,1.291505877350318,-0.1945881635063696,0.3621924991448402,1.0791487520209182,-0.1890458153705808
34837,肺热炽盛证,金宅龙脑丸,-0.0624299322843646,-0.1377914144984714,0.3814896717870723,-0.0454958000483004,-0.1151349255183363,0.3706239103083041
35414,肺热炽盛证,前胡饮,0.3750983297606195,1.398051094214046,-0.1918755205393465,0.273352829080588,1.1681751667114824,-0.1864104351281778
35918,肺热炽盛证,养阴消毒汤,0.5937819766521764,0.7636731314242728,0.3981411609582689,0.4327184908515066,0.6381054249781559,0.3868011242291303
36543,肺热炽盛证,柏花丸,0.0181528689989338,1.547504706436447,-0.0636410464876268,0.0132288994727185,1.293054721611932,-0.0618283934001804
36623,肺热炽盛证,柽叶葛根汤,-0.1114708838729135,1.5118642168786551,0.0352535386943486,-0.081234383224848,1.2632744546365977,0.0342494314509182
36984,肺热炽盛证,枳实散,-0.6990658362061928,0.4624232294335508,-0.9595127670771328,-0.5094440814026037,0.3863888346931155,-0.9321834902082372
37023,肺热炽盛证,栀子仁丸,-0.018463508574193,0.3045495202346114,-0.4933645778658226,-0.013455277997986,0.25447366555081,-0.4793123446820228
37073,肺热炽盛证,枳壳汤,-0.8085856276230317,-0.0064624453306307,-0.7818432680627774,-0.5892566064096182,-0.0053998513950718,-0.7595744542708999
37298,肺热炽盛证,咳血方,0.6420483692412734,0.4738624337548179,-0.94404876824042,0.4678926143197823,0.3959471365823289,-0.9171599439847772
37316,肺热炽盛证,枳壳散,0.1643937143689255,0.7605962685981049,-0.62270404253824,0.1198018848404101,0.6355344783512533,-0.6049679041877848
37727,肺热炽盛证,枸杞汤,0.5548684448609368,1.409210562292509,-0.0757226266017026,0.404360262726521,1.1774997282650062,-0.0735658604818084
37825,肺热炽盛证,省味金花丸,-1.034783736207332,0.7478971559792746,-0.5982598668976913,-0.7540984305618517,0.624923429826643,-0.581219958620284
39318,肺热炽盛证,神愈散,-0.4329550796998077,0.6451144770176123,0.2765694801547171,-0.3155159234547438,0.5390408940394995,0.2686921030566934
39330,肺热炽盛证,荆芥散,-0.8231040536751785,0.3649203969393765,0.6063298462859387,-0.5998369063477287,0.3049180014202041,0.5890600852034461
42088,肺热炽盛证,凉血地黄汤,0.0363857649568713,-0.7346487822354868,0.4579010470043642,0.0265161185750134,-0.613853432978276,0.4448589021559325
42497,肺热炽盛证,家秘泻白散,0.3782578181514386,1.2057578598055936,-0.0710476755584098,0.2756553055822265,1.0074999366771555,-0.069024063509826
42498,肺热炽盛证,家秘泻白散,0.0244824354173496,1.2528225179654575,-0.2874565075500014,0.0178415696715745,1.0468259420854389,-0.2792690412106731
42757,肺热炽盛证,家秘泻白散,0.0082226929377316,1.4835557735473963,-0.1544562298743493,0.0059922857524434,1.239620654968835,-0.1500569376343717
42758,肺热炽盛证,家秘泻白散,0.0290106981184639,1.569808177939398,-0.1874968867882767,0.0211415401645373,1.3116909228559586,-0.1821565156052001
42879,肺热炽盛证,柴胡汤,0.5142575903408597,1.0369501054327563,-0.0315422887590275,0.37476511101916,0.8664485635028869,-0.0306438870158178
43241,肺热炽盛证,骨皮清膈散,0.1531019257349269,1.4750733136014962,0.2610149069719781,0.1115729962435096,1.232532931850249,0.2535805622667213
43787,肺热炽盛证,凉肺汤,0.1122919004761704,1.4393884342443826,0.0413949783446565,0.0818326989021416,1.2027155739120468,0.0402159478377366
43788,肺热炽盛证,凉肺汤,-0.0287123016304848,1.4903013610466278,-0.1489227189004381,-0.0209240837865554,1.245257092602691,-0.1446810346242646
43987,肺热炽盛证,栝楼粉粥,-0.0408992502783069,0.1897889662575266,0.1714548794639818,-0.0298053200556372,0.1585827286394885,0.1665714239934851
44110,肺热炽盛证,息炎汤,-0.2206751443869496,1.217772217778836,-0.1581228754340251,-0.1608169651526744,1.0175388220128978,-0.15361914813584
44115,肺热炽盛证,柴胡散,0.862247091664234,1.0201547369526165,0.1447805188110919,0.6283623870661997,0.852414790019595,0.1406568145524569
44201,肺热炽盛证,柴胡散,0.3233437548349976,1.4201813356865554,0.164930423177696,0.235636693466733,1.186666621443362,0.1602328002238525
44203,肺热炽盛证,桑白皮根煎,0.9774668816341716,-0.0467181790308872,-0.5842631740194963,0.7123287848223655,-0.0390364964511862,-0.5676219258829877
44204,肺热炽盛证,桑白皮散,-0.0320814227694707,1.1630547832244895,-0.6625947846972483,-0.0233793301094189,0.9718183555027076,-0.6437224601756698
44254,肺热炽盛证,柴胡煎,0.2495645022835268,1.3087966175362724,0.0488706545091281,0.1818700786559808,1.0935964452296183,0.0474786984105005
44462,肺热炽盛证,桑白皮散,0.1356650937999497,0.921340906886872,-0.3689077090217398,0.0988659086308546,0.7698485212414541,-0.3584003127005457
44464,肺热炽盛证,桑白皮散,0.0193776007333984,0.7315297066454503,0.1627786801111964,0.0141214224671406,0.611247214462761,0.1581423440771656
44678,肺热炽盛证,柴胡散,0.1700292498223735,0.3952844540400337,0.5277973405850884,0.1239087801192215,0.3302894185396464,0.5127643778706307
44719,肺热炽盛证,桑根白皮散,-0.1783844904354937,1.2128422060949342,-0.2592451025087681,-0.129997659962283,1.01341943235356,-0.2518611661751749
44723,肺热炽盛证,桑根白皮散,-0.0320814227694707,1.1630547832244895,-0.6625947846972483,-0.0233793301094189,0.9718183555027076,-0.6437224601756698
44808,肺热炽盛证,桑白散,-0.5505899684956083,0.6757182029628686,-0.8381379254134567,-0.4012423239733323,0.5646125722178214,-0.8142657017142124
44914,肺热炽盛证,海青丸,0.7466448036925928,0.9740703410649534,-0.1454649636396756,0.5441172439715782,0.8139078662943693,-0.1413217647136805
45143,肺热炽盛证,润燥泻肺汤,0.1252855786617876,1.5104899808028232,-0.0499987352570627,0.0913018391525605,1.262126178680426,-0.0485746486520483
45333,肺热炽盛证,桔梗汤,-0.0564353841825765,1.5157313211233183,0.055763669841816,-0.0411272743773672,1.266505706458792,0.0541753837609804
45338,肺热炽盛证,消石半夏丸,1.0877949811916336,0.7599003131811264,-0.3306590823869774,0.7927303642171967,0.6349529560888573,-0.3212411007593893
45780,肺热炽盛证,桔梗荆芥汤,-1.2863880441835671,0.5853922457380463,-0.7259098071350867,-0.9374550171882422,0.4891385494326956,-0.7052341154905932
45786,肺热炽盛证,桔梗散,0.3906527394245229,1.315500954607685,-0.227680930609546,0.284688101858315,1.0991984150778595,-0.2211960193046651
45946,肺热炽盛证,莲花饮,-0.2751029336290627,0.7516212798744024,0.3869017128329217,-0.2004812051385694,0.6280352109840339,0.3758818031518128
46163,肺热炽盛证,益气疏风汤,-1.044977866762724,0.6287475736991825,-0.4849776411071715,-0.761527401064364,0.5253651349118935,-0.4711642884517229
46246,肺热炽盛证,热郁汤,0.1133611818108492,0.7905959746403755,0.544923321682625,0.0826119374503486,0.6606014531937761,0.529402569024015
46444,肺热炽盛证,益肺丹,0.2461312039342059,-0.2571226785870291,1.192328020621575,0.1793680632045564,-0.2148450290313344,1.158367594338378
47284,肺热炽盛证,粉黄膏,0.2768004941218223,-0.6404792020410552,-0.5135272157486169,0.2017183019913531,-0.5351677787142424,-0.4989007011878378
47328,肺热炽盛证,逢原饮,0.0067945287574616,1.1586474881872824,-0.2098446181833192,0.0049515114058408,0.9681357342908335,-0.2038677288009619
48021,肺热炽盛证,铁液散,-0.6418358707334804,0.6207545636011991,-0.5052373741982936,-0.4677377560768311,0.5186863833681328,-0.4908469746562007
48298,肺热炽盛证,清神散,-0.5122938619258673,1.2449071810845616,0.1977483510197236,-0.3733340443489173,1.0402120922635794,0.1921159929930053
48344,肺热炽盛证,清肺饮,0.0370134835063235,1.5766118094411676,0.177047752215741,0.0269735683361697,1.317375860550093,0.1720049980124187
48347,肺热炽盛证,清肺饮,0.4687002488561214,0.2163612582528114,-0.9971242731531144,0.3415652079745608,0.1807858453638802,-0.9687237283467032
48383,肺热炽盛证,清肺饮,0.1924288597504381,0.7716715443808733,-0.5084336071666883,0.1402324911526608,0.6447886910101865,-0.4939521710707027
48441,肺热炽盛证,清咽丸,-1.278263646084015,0.4969464479287076,-0.4049419087865392,-0.9315343637784902,0.4152355390002059,-0.39340817008001
48587,肺热炽盛证,清金宁嗽汤,0.1141060327098995,1.668305029738551,-0.2044483802655957,0.0831547473866886,1.3939923328310475,-0.1986251889737318
48590,肺热炽盛证,清金导赤饮,-0.506809240636445,1.1448616270271108,-0.5314066396432636,-0.3693371277354629,0.956616626923661,-0.5162708752396069
48636,肺热炽盛证,清宁膏,0.1892462994545399,1.4577326151359424,0.0330342703233986,0.1379132010050388,1.2180434948012546,0.0320933732860614
48715,肺热炽盛证,清肺散,-1.1679595882212117,-0.1649854964421547,-0.5447152982440729,-0.8511503047635952,-0.1378575937667288,-0.5292004706031828
48869,肺热炽盛证,清金降火汤,-0.0092422844714905,1.4077283957329596,-0.0558639238876862,-0.0067353128686598,1.176261268401156,-0.0542727823257451
48871,肺热炽盛证,清金降火汤,-0.281183054226091,1.3923562585761802,-0.3768210774401997,-0.2049120917474474,1.1634167100297554,-0.3660882889784377
48895,肺热炽盛证,清火宁肺汤,-0.40609952431473,0.690424311225267,-0.1762918367139108,-0.2959449431048012,0.5769006141514835,-0.1712706128380087
48920,肺热炽盛证,清金消毒汤,-0.859401236399185,0.1705728484417079,-0.8492206755916121,-0.6262884706391352,0.1425262399131869,-0.8250327879861852
48922,肺热炽盛证,清金润燥天门备丸,0.3674254812580786,1.3625311716125528,0.2630682330964063,0.2677612423448784,1.1384956423519632,0.2555754046272204
48925,肺热炽盛证,清金汤,0.1439363188777317,1.426752471474195,-0.0051124556809615,0.104893562170173,1.192157291760047,-0.0049668404045639
48966,肺热炽盛证,清血四物汤,0.0897226790940229,-0.4320520680068845,-0.1771491045014018,0.0653853835571405,-0.3610114813834622,-0.1721034635364113
48989,肺热炽盛证,敛肺汤,0.5208893873872686,1.1078547227768332,0.3743662165923536,0.3795980317247283,0.9256946193368444,0.3637033485882315
49186,肺热炽盛证,清肺饮,0.6534871045126267,1.1277546606492608,-0.3098567287808078,0.476228590247811,0.9423224903337482,-0.3010312492029418
49406,肺热炽盛证,清化丸,0.1828889113704578,1.2862182241236038,-0.0581733383618526,0.1332802557731682,1.0747305263815314,-0.05651641901171
49451,肺热炽盛证,清肺饮,0.1740898445580581,1.5311304868576885,0.1099762990454818,0.1268679376805402,1.2793728492073042,0.1068439043252052
49456,肺热炽盛证,清肺饮,-0.8927413634618753,-0.0501621616043578,-0.9047120274816384,-0.6505850812380382,-0.0419141987995236,-0.8789436100785188
49511,肺热炽盛证,清肺散,-0.6982973787255873,0.9388524336602916,0.0359236813272605,-0.5088840681749103,0.7844806979856181,0.0349004867780797
49563,肺热炽盛证,猪苓散,0.457328461115186,1.2358701394605536,-0.0714407935083491,0.3332780200452719,1.0326609751052762,-0.0694059844964057
49730,肺热炽盛证,萝卜茶,1.2756941118087934,-0.0536222020143028,-0.4402944494917564,0.929661816214763,-0.0448053186587647,-0.4277537837217189
49933,肺热炽盛证,清肺化痰汤,0.1116816660514907,1.4552871279063706,0.0043811692478435,0.0813879906932434,1.2160001092169088,0.0042563828025849
49964,肺热炽盛证,羚羊角饮,0.2846990176146718,1.0053698682224057,0.4209269175056354,0.2074743493288813,0.8400609378855777,0.4089378865465949
49986,肺热炽盛证,清肺汤,0.2483469593192946,1.1589685043161766,0.2642514773388816,0.1809827944763567,0.9684039670267044,0.2567249471716927
49992,肺热炽盛证,清肺汤,0.315938633816726,1.5154070128277255,0.1534707531430935,0.2302402130789891,1.2662347228739737,0.1490995296973628
50142,肺热炽盛证,清痧散,-1.180008091887752,0.0940482443037945,-0.9364163207642932,-0.8599306492816272,0.0785842691466659,-0.9097448873318054
50263,肺热炽盛证,羚羊角汤,-0.6225718618055095,1.1067342808793237,0.1228321538325776,-0.4536991136140531,0.924758407201372,0.1193335928382105
50821,肺热炽盛证,清燥汤,0.1030290363950325,1.330789389246612,0.1671892270920004,0.0750823886472708,1.111973033800308,0.1624272678628256
51613,肺热炽盛证,黄芩汤,-0.1052518236525608,0.8947244066339166,0.0774359624604693,-0.0767022443946356,0.7476084652456808,0.0752303963332586
51695,肺热炽盛证,羚羊角散,-1.3139377627439377,0.4377860187462459,-0.7679111238740302,-0.9575318688064758,0.3658026216276137,-0.7460391317180664
51706,肺热炽盛证,麻黄汤,0.4279161268135237,1.4565623937653824,0.1125137265911947,0.3118437875965315,1.2170656882315944,0.1093090597112231
51784,肺热炽盛证,黄金丸,0.9460040439588684,0.7568668237428269,-0.5183915870965907,0.6894002484704813,0.6324182511378231,-0.5036265233096593
52001,肺热炽盛证,降火安金汤,0.1417830387005956,1.5381234961134185,0.019665611205797,0.1033243596930547,1.2852160260317675,0.0191054863675664
52395,肺热炽盛证,麻黄杏仁甘草石膏汤,-0.2007302784756241,1.4257135912994388,0.1616298598688964,-0.1462821483061873,1.1912892304807692,0.1570262450529168
52730,肺热炽盛证,黄连清肺饮,-0.1376119136162216,0.3921878479685094,-0.6803453903977411,-0.1002846531633288,0.3277019749699417,-0.6609674850913888
52747,肺热炽盛证,黄牛散,0.2329873237460501,0.4791386733901873,-0.4522176792583106,0.1697894632763146,0.4003558253213641,-0.4393374106620863
52894,肺热炽盛证,黄耆散,0.350892388447195,1.0490864993915108,0.5297180856326913,0.2557127544292133,0.876589418937083,0.5146304153885355
53427,肺热炽盛证,犀角散,-1.061045911735406,0.7761018289724377,-0.6784896918149865,-0.7732369854655522,0.64849052169631,-0.659164641355483
53520,肺热炽盛证,疏风利水汤,-0.4535088827325289,0.5324890172786108,-0.7309730722727789,-0.3304945031006332,0.4449339863942327,-0.7101531664192029
53558,肺热炽盛证,紫苏饮子,0.2375599893055143,1.5655519550609365,0.2414976082285535,0.1731217923429799,1.3081345336144028,0.2346191640588537
53685,肺热炽盛证,紫菀散,0.5206972808863788,0.8751098582418353,-0.639786561399939,0.3794580341525276,0.7312190582828607,-0.6215638710164018
53880,肺热炽盛证,紫苏方,-0.1168060505545329,0.8409040755940067,0.895926019863581,-0.0851223848242363,0.7026375951213962,0.8704078495056339
53888,肺热炽盛证,紫苏子散,-0.5104563352957785,0.4952564440884069,-0.7015993132863605,-0.3719949472029337,0.4138234157051011,-0.6816160441296212
54127,肺热炽盛证,黄芩汤,-0.5567508856970715,1.2900516827564292,-0.3221818508898415,-0.4057320910907332,1.0779336648047375,-0.3130053216062098
54217,肺热炽盛证,紫菀茸汤,0.2044534221952419,1.3900966376699162,0.2729516567986239,0.1489953885103776,1.1615286295155285,0.2651773241827102
54598,肺热炽盛证,紫菀膏,0.5013401213928724,1.276037427125043,0.067869239318059,0.3653515082346677,1.0662237169521267,0.0659361569289057
54612,肺热炽盛证,紫苏散,-0.5104563352957785,0.4952564440884069,-0.7015993132863605,-0.3719949472029337,0.4138234157051011,-0.6816160441296212
54859,肺热炽盛证,犀角丸,-0.8112774226287568,0.8541730135279091,-0.7367383840374927,-0.5912182514550375,0.7137247748726733,-0.7157542679650852
55415,肺热炽盛证,紫菀饮,0.4492214267266298,1.3369566849658605,0.0105417981239833,0.3273700204362635,1.117126265849414,0.0102415418590209
55726,肺热炽盛证,款冬花汤,0.3021915065999507,1.4604763000120742,-0.0436019691182418,0.2202219970052614,1.2203360465905588,-0.0423600781013131
55889,肺热炽盛证,款肺汤,0.5167612301474412,1.151884447019701,0.3246091975018125,0.3765896380026968,0.9624847128252288,0.3153635314334589
56145,肺热炽盛证,紫菀汤,0.1587973990807693,1.1453734498237265,0.3000877626320642,0.1157235712488227,0.95704429275307,0.291540527169089
56269,肺热炽盛证,散斑饮,-1.3037154672603106,0.3636994570136162,-0.7215483889740962,-0.950082373118424,0.3038978157437131,-0.7009969212154671
57039,肺热炽盛证,槐子汤,0.3777662111712714,1.1038759019847664,-0.077579231041603,0.2752970470986171,0.9223700200705346,-0.0753695842738267
58196,肺热炽盛证,八味檀香散,0.5457970150072623,1.1058006724537226,0.3837095002268029,0.3977494601247325,0.923978308260258,0.3727805125898089
58295,肺热炽盛证,解齆汤,-0.0332560763645552,1.451443453028609,0.0575110130032195,-0.0242353586702791,1.2127884343648978,0.0558729583036834
58638,肺热炽盛证,蒲黄散,0.1454805096645027,-0.1758563164817201,0.6227656056505595,0.1060188908819095,-0.1469409685193154,0.6050277138316782
58846,肺热炽盛证,葶苈丸,0.5157790065047044,0.3831331128966583,-0.7583311136073341,0.3758738427292193,0.3201360736263758,-0.7367319836393148
58874,肺热炽盛证,噙化紫金丹,-0.2581660375897902,1.3394232368184391,-0.0648356453410141,-0.1881384457049735,1.1191872524853916,-0.062988967148398
59294,肺热炽盛证,葶苈子丸,0.4011800282534783,1.3781060124991378,0.0574972657747012,0.2923598613827574,1.1515095746928403,0.0558596026299492
59351,肺热炽盛证,葶苈桑白皮散,0.4826364008936544,1.2156536660949886,-0.0899414124079665,0.3517211758467398,1.0157686152753134,-0.0873796603958859
59557,肺热炽盛证,蔓荆实散,-0.5190785914505537,0.1284597483008996,0.6498646915454265,-0.37827841456593,0.1073376277220261,0.6313549512981279
60601,肺热炽盛证,麝香散,-0.9865866089021048,0.0318798221341636,-0.4517915375053657,-0.7189747841546577,0.0266379509950923,-0.4389234064714035
61531,肺热炽盛证,橘皮汤,-0.1017711521995246,1.5172234530087572,0.5022178629636213,-0.0741657058038221,1.267752493090012,0.487913466507024
61536,肺热炽盛证,橘皮汤,-0.1017711521995246,1.5172234530087572,0.5022178629636213,-0.0741657058038221,1.267752493090012,0.487913466507024
62199,肺热炽盛证,橘皮汤,0.1484724068651655,1.564667393521631,0.2697210581344826,0.1081992353388987,1.3073954169770203,0.2620387408917604
62336,肺热炽盛证,泻白散,0.4510235945292684,1.2737784223411304,0.3135916883700659,0.3286833498441646,1.0643361512537266,0.3046598279828856
63075,肺热炽盛证,息沸饮,-0.0576939766065437,1.2919718262335134,0.0579149870023273,-0.042044473342157,1.0795380868002826,0.0562654261325261
63643,肺热炽盛证,解呃汤,-0.3739908207344511,0.667444112393758,0.7298293737412828,-0.2725457321102319,0.5576989571361134,0.709042043226873
64523,肺热炽盛证,杏仁紫菀丸,0.4011800282534783,1.3781060124991378,0.0574972657747012,0.2923598613827574,1.1515095746928403,0.0558596026299492
64572,肺热炽盛证,国老汤,-0.6459289711105156,0.7996780383693671,-0.5247655008800829,-0.4707206021174612,0.6681901896531282,-0.5098188923961922
64726,肺热炽盛证,泻白散,-0.717127038526076,0.0618173383050883,-0.6098951855915392,-0.5226061788022047,0.0516529615970892,-0.592523874901415
65105,肺热炽盛证,和肺饮,-0.1862674005964473,1.3765843973537415,-0.5470502968870385,-0.1357423290874692,1.1502381526157075,-0.5314689627580726
65215,肺热炽盛证,白虎加人参汤,-0.2215286123488355,1.1697131454072105,-0.4252643625853616,-0.1614389297507573,0.9773819099285906,-0.4131517905526066
65272,肺热炽盛证,贝母瓜蒌散,0.292127051940814,1.3568145887718135,0.0075979441900002,0.2128875277849264,1.1337190142726048,0.0073815361050557
65434,肺热炽盛证,百部散,0.552560734542296,1.1673930381158089,-0.0247690377161023,0.4026785193161958,0.9754432885626492,-0.024063554774399
65445,肺热炽盛证,汉防己散,0.4764936671687138,1.2275766788647626,-0.089788697931867,0.3472446599340381,1.025731174932594,-0.0872312956026071
65611,肺热炽盛证,加味款冬散,0.3299431729343666,1.5157140890867038,0.2135722842582156,0.2404460180214422,1.2664913078167623,0.2074892218037209
65904,肺热炽盛证,地骨散,0.6176943083786555,0.1770768647205287,1.3569988760524123,0.4501445975780229,0.1479608269123673,1.318348219941408
66553,肺热炽盛证,人参泻肺汤,-0.0912013339922307,1.291449180098552,-0.4430490803727349,-0.0664629530038424,1.0791013772705904,-0.4304299559593099
67257,肺热炽盛证,桃花散,-0.3901146483544419,1.0453908180303542,0.1360002260047985,-0.2842959681039378,0.8735014036220141,0.1321266060194807
67258,肺热炽盛证,桃花散,-0.2696050222133065,1.528285505286827,-0.1117870007620785,-0.1964746033483388,1.2769956565320246,-0.1086030328160588
67263,肺热炽盛证,梨膏,0.3515694637876136,1.424865012715003,0.0890998987910708,0.2562061729414265,1.1905801802654776,0.0865621151506619
67339,肺热炽盛证,铁笛丸,-0.3661685245917443,1.3939992375122712,-0.3164598269644418,-0.2668452354381203,1.1647895405368198,-0.307446274955812
67360,肺热炽盛证,犀角止红丹,-0.0388302624695418,-0.2286605006858194,0.6463652646148045,-0.0282975456242764,-0.1910627727516315,0.6279551966290442
67743,肺热炽盛证,清金理嗽丸,-0.012209185719754,1.5071314008158692,-0.0132923628453373,-0.0088974415305846,1.2593198365142408,-0.012913763751186
67745,肺热炽盛证,清音丸,-0.2570855732210437,1.168189978005325,-0.3618144099243094,-0.1873510575230371,0.9761091908262698,-0.351509048158151
67799,肺热炽盛证,羚羊清肺丸,-0.7012849679000703,1.2350031152226528,-0.5239636879434832,-0.5110612731587252,1.0319365121812498,-0.5090399170585211
67922,肺热炽盛证,清音丸,-0.1211441486689301,1.547275297677163,-0.1638545723335573,-0.0882837729145443,1.292863033613739,-0.1591875922503435
67923,肺热炽盛证,蛇胆川贝散,-0.0444191626582055,1.0986312444854485,0.0117279334583833,-0.032370455463665,0.917987720543739,0.0113938931500292
68076,肺热炽盛证,鲜石斛膏,-0.5624659161397372,0.7914281901618943,-0.2735174912816189,-0.4098969183262512,0.6612968308588797,-0.2657270423118865
68099,肺热炽盛证,复方益气固脱汤,-0.3144385751783022,1.32533209037434,-0.1724065598186459,-0.2291470456610974,1.1074130566676448,-0.1674959981575952
68111,肺热炽盛证,清肺散,-0.8876988118078071,0.6963922655341146,-0.0618296160185987,-0.6469103227785585,0.5818872816978394,-0.0600685569135519
68132,肺热炽盛证,定喘散,0.2811097673115497,1.5052481291723403,0.1225184316763913,0.2048586839238582,1.2577462236647197,0.1190288062584548
68140,肺热炽盛证,保婴散,-0.8004184261584852,0.9462158008401952,0.0652094467803745,-0.5833047600566108,0.7906333362679675,0.0633521218059949
68219,肺热炽盛证,百花丸,0.0592636542625459,1.402392447801811,0.0499832787156428,0.0431883756044961,1.171802688961656,0.0485596323508361
68358,肺热炽盛证,法制贝母,-0.7095170514896738,1.1289324702420689,-0.4542604135873475,-0.5170604023467492,0.943306637424743,-0.441321962907504
68373,肺热炽盛证,法制杏仁,-0.0896325220871172,1.5509076612395636,-0.2434973666791643,-0.0653196816572818,1.2958981422214464,-0.2365619644842637
68533,肺热炽盛证,四红丹,-0.014842529949634,-1.0656171129006808,-0.3596365631206364,-0.0108164905853755,-0.8904019700461494,-0.3493932317727463
68697,肺热炽盛证,止嗽青果丸,0.3618076779590611,1.439831796297416,0.1961492846751711,0.2636672693698862,1.2030860357230344,0.1905624719797516
68733,肺热炽盛证,止嗽金丹,0.3147788293121963,1.531284704532668,0.2116053257919267,0.229395005789754,1.2795017094892531,0.2055782871386354
68815,肺热炽盛证,川贝枇杷露,0.3669842495787697,1.5332057632628815,-0.0260488428086778,0.2674396948511958,1.2811068962465304,-0.0253069078791393
68900,肺热炽盛证,枇杷叶膏,0.8145597742953603,0.7535844774863836,-0.1243343539246496,0.593610264543115,0.62967560789596,-0.1207930065874245
68901,肺热炽盛证,枇杷叶露,0.8145597742953603,0.7535844774863836,-0.1243343539246496,0.593610264543115,0.62967560789596,-0.1207930065874245
69014,肺热炽盛证,五味沙棘散,0.3320873008275375,-0.1162120561587156,-0.6388418659719347,0.242008550773542,-0.0971037744177803,-0.6206460828311092
69060,肺热炽盛证,八宝治红丹,-0.1821327426678232,0.7993541596899623,-0.0960845423624197,-0.1327291979898417,0.6679195650444325,-0.0933478189428421
69139,肺热炽盛证,化痰金丹,0.0665049495089308,1.414093286492789,-0.2749367408963411,0.0484654679953642,1.18157960573177,-0.2671058682167868
271,心热证,七宝汤,-0.2558816013822528,0.6282759442628338,0.580583938088821,-0.1864736632982297,0.5249710536099205,0.5640474836151645
572,心热证,七气丸,0.558570861529541,0.0259323536389413,1.2153315297921858,0.4070583980966358,0.0216684008622887,1.1807159071503257
1161,心热证,七宝镇心丸,-0.4689945039049915,0.3405931934172979,0.6736522838903726,-0.3417796462796613,0.2845908222865942,0.6544650146725948
1459,心热证,二石汤,0.0189242490252373,0.7239205502050916,-0.0319981865123905,0.0137910425049759,0.6048892010610786,-0.0310867996830484
1595,心热证,人参汤,-0.2976940923323324,0.6704173339743549,0.5513895459345007,-0.2169445073017337,0.5601833038312795,0.5356846193503949
1974,心热证,人参散,-0.5670664910977148,0.5866700974300352,0.7114142709001501,-0.413249586361225,0.4902062891022252,0.6911514476787985
2297,心热证,人参知母散,-0.6430427134612927,0.8054496848225958,-0.4264722703850018,-0.4686172424614103,0.673012827456284,-0.4143252941756468
2464,心热证,人参黄连散,-0.4212231543343117,0.7851918268633422,-0.2110542840205994,-0.3069662853071486,0.6560858877351915,-0.2050429403884184
2650,心热证,三黄汤,-0.4916860367954562,0.0940871711681657,-0.4288827947922052,-0.3583160961106756,0.0786167954230406,-0.4166671609357776
3075,心热证,十味导赤散,-0.3533526854236526,0.612705161961639,-0.1373826914980962,-0.2575056953343949,0.5119605125175349,-0.1334696955049499
3103,心热证,三黄丸,-0.4916860367954562,0.0940871711681657,-0.4288827947922052,-0.3583160961106756,0.0786167954230406,-0.4166671609357776
3113,心热证,三黄丸,-0.4916860367954562,0.0940871711681657,-0.4288827947922052,-0.3583160961106756,0.0786167954230406,-0.4166671609357776
3591,心热证,大泽汤,-0.3424486705464518,0.3853994233239154,0.0745328247613872,-0.2495593967813679,0.3220297437305213,0.0724099471159654
3660,心热证,大生脉汤,0.105669406610318,0.3822043130091351,0.5094367354503203,0.0770065578874512,0.3193599925747322,0.4949267278005847
3710,心热证,大青散,-0.7374200849804255,0.6876307152680672,-0.8510680639849642,-0.5373947321463381,0.5745663579597519,-0.826827558227264
4702,心热证,土瓜丸,0.2013100373093467,-0.6305322546261638,0.4969602135889398,0.1467046474345723,-0.5268563679204948,0.4828055678812336
4894,心热证,大黄散,-0.3969074373662071,0.6271842417317035,-0.2602904305041688,-0.2892462116704676,0.5240588553422173,-0.252876720665537
5030,心热证,大安神丸,-0.3499272712410529,0.6952776003951346,0.0085418416335069,-0.2550094254678136,0.5809558964716883,0.0082985490344063
5062,心热证,大温惊丸,-0.1764622651597138,0.5625599959953456,0.1428801306612077,-0.1285968386960299,0.4700605148315553,0.1388105541178972
5595,心热证,小惊丸,-1.0112563241993784,0.5290511468719163,-0.2115542239232831,-0.7369528339994169,0.4420613912136321,-0.2055286407765411
6144,心热证,丹砂散,-0.6331086457419919,0.6644876245563474,0.0940003647850381,-0.4613777926961127,0.5552285927219364,0.0913230038544347
6284,心热证,大黄泄热汤,0.1452841280995462,0.3287213962228641,-0.5536005076140088,0.1058757778576676,0.2746710570332584,-0.5378326074187546
6337,心热证,中和散,-0.5451101446467768,0.7390160910783181,-0.5434708295665365,-0.3972489034937015,0.6175026427651494,-0.5279914474457165
6919,心热证,乌癞白癞丸,0.3100429502007639,-0.920701535233895,-0.1104448832178449,0.2259437348813501,-0.7693142789019587,-0.1072991420711086
7662,心热证,升麻汤,-0.850992168911752,0.491386659539533,-0.607011352693339,-0.6201603644727165,0.4105899242903545,-0.5897221806369284
7864,心热证,五参丸,-0.1845114362152954,-0.8084842017332969,-0.6595282951142417,-0.1344626704132785,-0.6755483909365586,-0.6407433117367366
7946,心热证,升麻汤,-0.4941085846601339,0.2963989989598459,-0.3516693963391289,-0.3600815273585711,0.2476633017605743,-0.34165298944113
9019,心热证,天竺黄丸,-0.7851775467564304,0.5238851237759169,0.4068168131613674,-0.5721979723913965,0.4377447965509762,0.3952296725799278
9024,心热证,天竺黄丸,-0.6453955812429932,0.318722257701061,-0.0247637237746143,-0.4703318943634618,0.2663160367067336,-0.0240583921869973
9260,心热证,天竺黄散,-1.000772513157971,0.6275314124633404,0.1619985249042216,-0.7293127589035243,0.5243489421845264,0.1573844096038628
9306,心热证,天竺黄散,-0.8776292044488665,0.7860823862268542,0.0276637064806003,-0.639572098529323,0.6568300159986309,0.0268757762731355
9405,心热证,升麻散,-1.0435764821611049,0.5017330508224156,-1.0288525562394992,-0.760506142330082,0.419235100000859,-0.9995483121152728
9753,心热证,升麻汤,-0.5652729097475382,0.1741856899123829,-0.6576590131700416,-0.4119425143287533,0.1455450363683197,-0.6389272715268333
9802,心热证,引气丸,-0.528059423102591,0.5187873972551389,0.3610186989249455,-0.3848231937472919,0.4334852687319253,0.3507360009595778
10525,心热证,木通散,-0.5983473514831388,0.125240812336988,-0.5576326011312263,-0.4360455068013065,0.1046479684729198,-0.5417498570236509
10683,心热证,木瓜槟榔散,0.6937810863609555,0.6384871215601893,-0.1108140883572894,0.5055928210621465,0.533503248027582,-0.107657831342684
11087,心热证,加味柴胡汤,-0.1131409483937866,0.8671378325658252,-0.7893438505326773,-0.0824514423938908,0.7245578407768319,-0.7668614017564291
11508,心热证,加减火府丸,-0.1943440654343185,0.3047209128416598,-0.7761745306703406,-0.1416281968927905,0.254616876759714,-0.7540671764223177
12034,心热证,加味犀角汤,-1.2459711747068098,0.8241348783457287,-0.7437565458217503,-0.9080012320404834,0.6886256896394026,-0.722572535289265
12043,心热证,木通散,0.2330711038258362,0.698666223977088,-0.7648801676106249,0.1698505179918734,0.5837873422851878,-0.7430945045226447
12056,心热证,加减运痰汤,0.4055933776326188,0.4087154990125484,0.3723260252210997,0.2955760888164519,0.3415120507201228,0.3617212668709225
12159,心热证,宁心膏,-0.6984250503428482,0.4910148775091891,0.7500265327711197,-0.5089771088391911,0.4102792728863573,0.7286639376327978
12625,心热证,加减补心丹,-0.5176442843164013,0.3847977357741602,0.3989663980939678,-0.377233163542975,0.3215269892484766,0.387602856587261
12884,心热证,发火汤,-0.5501271471640172,0.4915931935553521,0.3910175509233223,-0.4009050430250807,0.4107624987472964,0.3798804120790593
13030,心热证,加减清心饮,0.0959355468726943,-0.1485275875578266,0.7537585428260776,0.0699130096467776,-0.1241057927529894,0.7322896508884122
13260,心热证,四逆汤,0.7289219213732422,0.5725290034602382,0.2640577699034268,0.5312016972013525,0.4783903584298651,0.2565367569990786
13380,心热证,玄霜,-1.4616835448242398,-0.0297183327860985,-0.4890693396920111,-1.0652015764859226,-0.0248318666609997,-0.4751394454257304
13387,心热证,半夏十味汤,1.0127116217346173,0.1624725361975834,-0.0932439112960668,0.7380133817727579,0.1357578294842999,-0.0905880960160768
13584,心热证,火府丹,-0.5597292346869478,0.4040029948422622,-0.5527450741506151,-0.4079025622919555,0.3375744046873449,-0.5370015387984002
14037,心热证,加味泻心汤,-0.7291752973783372,0.5450157261967616,-0.5212025905794684,-0.5313863449118823,0.4554009788663739,-0.5063574625191901
14140,心热证,牛黄丸,-0.9385635458248957,0.7483979306881958,-0.0158706397237772,-0.6839779870170957,0.6253418641610531,-0.0154186049807494
14252,心热证,冬葵散,-0.3334995929526728,0.057076943976912,-0.8854122183887876,-0.2430377583632967,0.0476920112730893,-0.8601935068825705
14266,心热证,牛蒡粥,-0.5695177942346408,0.299606096366841,0.7312719731277597,-0.4150359730077357,0.2503430690191399,0.7104435538447617
14459,心热证,加味清心饮,0.0959355468726943,-0.1485275875578266,0.7537585428260776,0.0699130096467776,-0.1241057927529894,0.7322896508884122
14986,心热证,加味八正散,-0.6968544230201097,0.2653018786460496,-0.9525829664413132,-0.5078325145074173,0.2216793560684906,-0.9254510672902768
15013,心热证,牛黄泻心汤,-1.1283775901805198,0.54142302098694,-0.4687368225264245,-0.822304931999631,0.4523990077475801,-0.455386048215736
15151,心热证,四味汤,-0.6277903238094127,-0.2760664356813864,0.6214358433047985,-0.4575020667040518,-0.2306739402159313,0.6037358263788463
15324,心热证,牛黄丸,-0.9385635458248957,0.7483979306881958,-0.0158706397237772,-0.6839779870170957,0.6253418641610531,-0.0154186049807494
15503,心热证,仙露汤,-0.9396060081649108,0.5159848548967678,-0.7363608448991696,-0.6847376812285708,0.4311435371598423,-0.7153874820673589
15661,心热证,石膏汤,-0.0422735091852949,0.8308981546646548,0.5790898457429465,-0.0308068109456502,0.6942769075913608,0.5625959466836515
15818,心热证,牛黄竹沥散,-0.624818706167078,0.1363273006899555,0.4039411687958936,-0.4553365009709376,0.1139115500641587,0.3924359336186728
16241,心热证,牛黄散,-0.7549521267875641,0.9081659196101532,-0.1346246852888641,-0.5501712039333464,0.7588398442180618,-0.1307902440767322
16252,心热证,地骨皮汤,-0.6404362244421372,0.0071736424623904,0.1200393428700528,-0.4667177641357981,0.0059941092382912,0.1166203279814346
17134,心热证,地黄散,-0.3733472226393903,0.9505554869766626,-0.3399430229396387,-0.2720767101335464,0.7942594652391647,-0.3302606119156904
17419,心热证,龙齿丸,-0.5808746214525549,0.4802717385136085,0.4731733893475282,-0.423312258459013,0.4013025850964006,0.4596962507328287
17476,心热证,龙齿丸,-0.4928129006597137,0.5135110094486613,0.4924051415908337,-0.3591372979152266,0.4290764561849622,0.4783802355052204
17491,心热证,光明丸,-1.620308685732207,-0.5801669393895961,-0.2766745004860765,-1.1807996146274728,-0.4847724192247356,-0.268794132151447
17619,心热证,龙胆丸,-0.8741377781177494,0.6258404779111284,-0.108780686368575,-0.6370277223233655,0.5229360412107327,-0.1056823456296484
17711,心热证,石燕子散,-0.2787398608261457,-0.3625943878994914,-0.7666970015450809,-0.2031316150700592,-0.3029744487065834,-0.7448595905707532
17769,心热证,生地黄膏,0.8829277361216472,1.027539092515174,-0.0659299405882788,0.6434334023737097,0.8585849656491181,-0.0640520941831959
17813,心热证,玄参散,-1.072874213127686,0.3383919846640055,-0.55050429733506,-0.7818568576224373,0.2827515494495812,-0.5348245848021914
17833,心热证,龙虎丸,-0.4694328056974607,0.3923713899261756,0.3723996468616155,-0.3420990586189245,0.3278553378605275,0.3617927915865549
18503,心热证,玄冬汤,-0.5453781981723727,0.8530977153844279,-0.4146979548080873,-0.3974442474442156,0.7128262836850305,-0.4028863399835772
18508,心热证,玄丹升麻汤,-1.3858210314820545,0.1881723952617245,-0.6848396234877133,-1.00991678581121,0.1572319639211334,-0.6653337114005827
18563,心热证,龙脑丸,-0.4540963274585688,0.2142525201765352,-0.3434162983098374,-0.3309226033214312,0.1790238386217807,-0.33363495988493
18796,心热证,石膏汤,-0.298688051867323,0.8468071501355949,-0.3866657430042081,-0.2176688551042278,0.7075700508200964,-0.375652554322551
19245,心热证,龙齿散,-0.8331070763473436,0.4894791801484533,0.2887004489927339,-0.6071266070204526,0.4089960840760053,0.2804775521502757
19315,心热证,甘桔汤,-1.3396686948712326,0.26201814847546,-0.7830736578404321,-0.976283280193366,0.2189355564639271,-0.7607697995300824
19471,心热证,地仙散,-0.8483595161560399,0.8408310299320729,-0.0893314976948306,-0.6182418193295804,0.702576560064337,-0.0867871175496325
19503,心热证,地血散,0.2025105925180223,0.2093261316058406,-0.0945605530277483,0.1475795517909003,0.1749074763416939,-0.0918672365620973
19855,心热证,归脾汤,-0.2086049314328946,0.9078028555170948,0.773743774677301,-0.1520207999959228,0.7585364772959293,0.7517056543215346
20041,心热证,生铁落饮,-0.545289355564119,1.082667282426144,0.1144875139483436,-0.3973795034120986,0.904648648662044,0.1112266287636087
20196,心热证,地骨散,-1.6849857844550338,-0.0609185216288773,-0.3246357799942901,-1.227933036746126,-0.0509019337377203,-0.3153893567913557
20310,心热证,生干地黄散,-0.1757842742227026,0.3581088010373542,-0.3329982109288587,-0.1281027529429921,0.2992264088801694,-0.3235136051835449
20436,心热证,至宝丹,-0.7897805527201207,0.2240807801468025,0.7792320723466726,-0.5755524120212732,0.1872360772708304,0.7570376318129036
20484,心热证,甘露饮,-0.6748848494175748,0.7548754262574047,-0.4345683301426833,-0.4918221923559439,0.6307542911444084,-0.4221907582953581
20514,心热证,团参太一丹,-0.7191302234710439,0.8202995563423379,0.5004504797188852,-0.5240659994103852,0.6854209942321707,0.4861964226717113
20525,心热证,芍药地黄汤,-0.4848831903611785,0.5477152386136224,-0.0806920106315128,-0.353358523199601,0.4576566212965089,-0.0783937042667376
21579,心热证,地黄丸,0.1042683391875877,-0.1739766737179222,-0.0709805829965145,0.075985530297218,-0.145370387867403,-0.068958881908642
21710,心热证,地骨皮散,-0.8594159333626245,0.7359284994975106,0.0553261625186218,-0.6262991810481568,0.6149227314696509,0.0537503377193636
21758,心热证,竹叶清心汤,-0.9435661446600254,0.6085917287093907,-0.6229650335827945,-0.6876236298681601,0.5085234345773305,-0.6052214615672942
21766,心热证,地黄汤,-0.4674323472780703,0.5288449528768204,-0.2233190144080311,-0.3406412249656864,0.4418891008691712,-0.2169583411744301
21830,心热证,沈氏止涎汤,0.134685423075901,0.4356754465577989,0.214018908060618,0.0981519737963352,0.3640390823490427,0.2079231246648592
21995,心热证,竹沥磨犀角饮子,-0.2587050943327849,0.3501678759579192,0.2943966613266421,-0.1885312831932839,0.2925911782245062,0.2860115223866122
22111,心热证,忘忧散,-0.3484422211093344,-0.3601186771369105,0.1437200602280536,-0.2539271954960331,-0.3009058091233976,0.1396265604307017
22546,心热证,芍药汤,-0.785888756167672,0.6978980282324208,-0.5673421440728561,-0.5727162661005573,0.5831454578821016,-0.5511828483690674
22590,心热证,红蓝花散,0.1311956688548837,0.0250858781207781,-0.0560567293710165,0.095608816140262,0.0209611079145275,-0.0544600962360432
23489,心热证,安神丸,-1.1554001582646034,0.0999756356061376,-0.566534899441614,-0.8419976228189185,0.0835370432987948,-0.5503985960447387
23777,心热证,导赤饮,-0.2361540365625906,0.6592449977532175,-0.3938365446552718,-0.1720972045766811,0.5508479899921089,-0.382619113955772
23821,心热证,导赤各半汤,-0.6493918454378229,0.8445696332154504,-0.2184738393964826,-0.4732441710566353,0.7057004398223102,-0.2122511686302924
23822,心热证,导赤散,-0.9928660763124711,-0.243806201080588,-0.640990285877202,-0.7235509447119132,-0.2037181264485345,-0.6227333104683459
23823,心热证,导赤各半汤,-0.7426196138835112,0.587089109976686,-0.6894546756271629,-0.54118388774309,0.4905564050983885,-0.6698173155364089
23824,心热证,导赤散,-1.0748748157819514,0.3125145586368848,-0.1969100534099399,-0.7833147963868102,0.261129044672465,-0.1913015721551234
23831,心热证,导赤各半汤,-0.6739363404732959,0.387730250062714,-0.7687769009583678,-0.4911309666618909,0.3239773219881688,-0.7468802493476718
23833,心热证,导赤解毒汤,-0.7335681651763242,0.6300434307521339,0.3703880825853254,-0.5345876463976102,0.5264479193931837,0.3598385215943354
23892,心热证,安神丸,-1.0155351853312609,0.7687819512191119,-0.3202524968602295,-0.740071053151151,0.6423742220487595,-0.3111309203112175
24027,心热证,安心煮散,-0.0546864210670488,0.8948342459313876,0.711179131016059,-0.0398527178740306,0.7477002441085319,0.690923005155301
24093,心热证,朱氏洗心散,-0.9819544985830484,0.6282421131838585,-0.4709908085479637,-0.7155991347319168,0.5249427852394113,-0.457575835187346
24122,心热证,导赤散,-0.9144871172681848,0.5684337918672138,-0.4730560381646164,-0.6664322947599916,0.4749685060346281,-0.459582241999417
24123,心热证,导赤散,-0.5478160881757753,0.8339241556971164,-0.5311399244665058,-0.3992208592724865,0.6968053554250592,-0.5160117567652182
24127,心热证,导赤散,-0.1418403791383105,0.3702756368493097,-0.7034385541936234,-0.1033661465250038,0.3093927007358848,-0.6834028989449968
24131,心热证,导赤散,-0.495669141613403,0.6120388644078438,-0.0376583740628339,-0.3612187829107078,0.5114037715949711,-0.0365857712101062
24143,心热证,朱砂滚痰丸,-0.3954498718603542,0.2827739117551727,-0.4342177995321679,-0.2881840111140176,0.2362785329329905,-0.4218502116563274
24351,心热证,杀疳保童丸,0.0351881754963545,-0.6765192036901595,-0.7148274551664776,0.0256433755070337,-0.565281867611968,-0.6944674160861822
24413,心热证,异功丸,0.1235635772945601,0.7459869136033546,0.0351713567700072,0.0900469310176385,0.6233272809339557,0.034169590269338
24456,心热证,朱砂黄连丸,-0.7877562595585532,0.3342537735124941,0.0532543125053018,-0.5740772088046764,0.2792937677405931,0.0517374990757593
24556,心热证,朱砂散,-0.9255123333023784,0.2545901813006789,0.0391676327513599,-0.6744669186307374,0.2127289401044546,0.0380520425096356
24561,心热证,朱砂膏,-1.1199466000334792,1.044361750093601,-0.4979205327540968,-0.8161608496996249,0.8726415411938463,-0.4837385348013266
24825,心热证,安神散,-0.6246331427621504,0.221847108562669,-0.5115277422267464,-0.455201271678546,0.185369679335896,-0.4969581775756987
25107,心热证,诃黎勒散,1.1927944855231416,0.1662675632786348,-0.4047571368455623,0.8692487309595764,0.1389288555014671,-0.3932286608970765
25156,心热证,赤茯苓汤,0.8717144203076161,0.1764326006041135,-0.504669339998783,0.6352617008278894,0.147422496557551,-0.4902951194638301
25519,心热证,芩连四物汤,-0.1573165108602223,-0.8963556840183189,0.1479216186544025,-0.1146443742689348,-0.7489715182402126,0.1437084481684944
25938,心热证,芩连清心丸,-0.6626002852964629,0.6028728357405382,0.3315921394331437,-0.4828698188311914,0.5037448762149481,0.3221475820525025
26012,心热证,延寿水仙丹,-0.0471189241543583,-0.1815465865417652,-0.4624810337448422,-0.0343379060873113,-0.1516956103228494,-0.4493084396413498
26013,心热证,延寿膏,-0.7484629048619662,0.3575615588069203,0.4505553701957422,-0.5454421848171429,0.298769147492217,0.4377224482385324
26986,心热证,赤芍药丸,-0.2448095254521858,-0.3336271480042408,-0.679438742036023,-0.1784048902882022,-0.2787701757484271,-0.6600866602986217
28095,心热证,辰砂益元散,-0.2162418376604343,0.0784204364328862,-0.6457805007112155,-0.1575861938062695,0.0655260789700069,-0.627387088235598
28689,心热证,赤茯苓散,0.0824878348116512,1.0884116525068763,-0.2678253410648299,0.0601129923049429,0.9094484950371038,-0.260197018493611
28828,心热证,抑心气汤,-0.5788711908674329,1.0378497790937902,-0.3621605492076333,-0.4218522588406219,0.8672003074365054,-0.3518453285457584
30033,心热证,补心汤,-0.7347024421779473,0.3164779856549346,0.1173863473024618,-0.5354142505244605,0.2644407813012053,0.1140428962342392
30070,心热证,辰砂五苓散,-0.1270048902138358,1.0316310386847811,-0.0030912478579485,-0.0925547870852352,0.862004089541398,-0.0030032015374836
30071,心热证,辰砂五苓散,0.0499219344194958,0.7897754535757222,-0.7530549062595809,0.0363805992296835,0.659915847112955,-0.7316060556170403
30119,心热证,返魂丹,-0.4995468296956187,0.4538672874836734,0.7006971730854004,-0.3640446472867027,0.3792397119213969,0.6807395990941373
30394,心热证,芦荟丸,0.0752978947725712,-0.5721373066189477,-0.6919780618556686,0.0548733250106188,-0.4780630667273168,-0.6722688295363709
30678,心热证,麦门冬汤,-0.3475542041904718,1.0473720856612068,-0.2220142770863835,-0.2532800533528052,0.8751568993721695,-0.2156907659716494
30764,心热证,麦门冬汤,-0.4975747769850983,0.3482700573135091,0.0713880258128241,-0.3626075142878414,0.2910054102790448,0.0693547197542652
30905,心热证,麦门冬散,-0.3240348642001635,1.0004222843642616,-0.2570334463489466,-0.236140339271535,0.8359268653740466,-0.2497125034070044
30908,心热证,连翘散,-1.3223111270430807,0.0282136113928495,-0.8516330731308843,-0.9636339562819224,0.0235745605641856,-0.8273764745269895
30984,心热证,麦门冬散,-0.6403205095256226,0.8541599430962894,-0.3773756160786343,-0.4666334369146764,0.71371385355964,-0.3666270329964105
31119,心热证,麦门冬汤,-0.1594387773448901,0.7376214945557129,-0.2150121723478623,-0.1161909755241766,0.616337354148709,-0.2088880983491626
31548,心热证,麦门冬散,-0.5346005559385625,0.2758644054919175,0.0428233939423417,-0.3895900429285341,0.2305051290392581,0.0416036786559249
32050,心热证,抱龙丸,-0.8284561809317759,0.6961018005959161,0.5587607132127745,-0.6037372679625722,0.5816445767430576,0.5428458377063541
32262,心热证,定心丸,-0.0837664954543665,0.8070664174410791,-0.3663207644542322,-0.0610448159799332,0.6743637272223518,-0.3558870506589571
33122,心热证,治要茯苓散,-0.5375526605199578,0.8982791165062378,0.2825866217193017,-0.3917413885225844,0.7505786884477479,0.2745378616721184
33152,心热证,知母散,-0.1866037060916304,0.8853332063661068,-0.4075278332347944,-0.135987411646494,0.7397614223272408,-0.3959204410578444
33354,心热证,知母散,-0.6430427134612927,0.8054496848225958,-0.4264722703850018,-0.4686172424614103,0.673012827456284,-0.4143252941756468
33439,心热证,泻火止痛汤,0.1821156395674568,0.4989539585052452,-0.29398690408065,0.1327167341090395,0.4169129626738665,-0.2856134360319401
33662,心热证,知母饮,-0.3782016468491832,0.8627863154381119,-0.05621258282487,-0.2756143707574981,0.7209218261367718,-0.054611510601291
34043,心热证,泻心汤,-0.8700340767635983,0.269126968952189,-0.3142212154848722,-0.6340371508228874,0.2248755021353645,-0.3052714246215093
34143,心热证,败毒流气饮,-0.2054594520290736,-0.2966260207574543,0.4138250263974747,-0.1497285325406187,-0.2478529952756153,0.4020382747150081
34359,心热证,金露散,-0.2787207888317944,0.4529141968396887,-0.981750834378641,-0.2031177163581789,0.3784433341448365,-0.9537881628128062
34410,心热证,降气汤,0.0593354781530762,0.7088597757343811,0.0485884951905937,0.0432407172496443,0.5923048092595635,0.0472045756813706
34540,心热证,郁金散,-0.3690463274623745,-0.5475201701223278,-0.4646116055100775,-0.2689424336760463,-0.4574936271339342,-0.4513783274973564
34552,心热证,金屑辰砂膏,-0.5608466703235743,0.9311563031097094,0.0576030154742026,-0.4087168932775993,0.7780500112774089,0.0559623403186513
35122,心热证,前胡汤,-0.0551788774918792,0.9255475387128218,-0.1637897687595876,-0.04021159539026,0.7733634734881281,-0.1591246344410951
35138,心热证,养心汤,-0.3584438711370815,-0.0849305515594078,1.0549227439772555,-0.2612158958544255,-0.0709657620078508,1.0248759569675607
35233,心热证,金泥煎,-0.6469798393129922,0.4784971470835298,0.3167653116536251,-0.4714864220994407,0.3998197826092408,0.3077430586918278
35449,心热证,前胡麦门冬饮,-0.7033715353322776,1.0743596670976467,-0.4898075602453901,-0.5125818587369795,0.8977070211625152,-0.4758566396472189
35789,心热证,保生丸,-1.1362325904424129,0.20740078074465,-0.400844588646811,-0.8280292617917352,0.1732987031913007,-0.3894275516667844
36165,心热证,保神丹,-0.8323126312396076,-0.186215739534963,-0.0874664074710418,-0.6065476553149426,-0.1555970332385094,-0.0849751496696627
36422,心热证,青金丹,-0.1346664932907775,-0.3438145391804305,-0.2015022704142779,-0.0981381787193998,-0.2872824951013122,-0.1957629915564905
36807,心热证,栀子汤,-1.1395017264450595,-0.462190156817676,-0.7508864886028449,-0.8304116439674782,-0.3861940852715584,-0.7294993998133422
37034,心热证,春雪膏,-0.3508970793834746,1.1374216403650794,-0.7380540677755576,-0.2557161729480425,0.9503999673929622,-0.7170324778034969
37432,心热证,栀子汤,-0.3593521709094572,1.0578299951230208,-0.1674888593606317,-0.2618778191228939,0.8838952567752486,-0.1627183658695802
37534,心热证,活心丹,-0.2574478509208689,0.1399156497104044,0.5504857700740821,-0.1876150673207432,0.1169098812643059,0.5348065852430454
37871,心热证,砂香散,-0.2803410474804334,-0.0402890190415502,1.061810793846257,-0.2042984795082851,-0.0336644574223975,1.0315678182829384
37990,心热证,枸杞根饮,0.0621615987680256,0.7740521880288078,0.163855461979048,0.0453002520545911,0.6467778949826423,0.1591884565565488
38208,心热证,柳青丸,-0.3890385731607902,-0.2302691705528,-0.2691673304211026,-0.2835117785324305,-0.19240693549205,-0.2615007847017078
38572,心热证,独活散,-0.6331651549676105,0.2085964032671086,1.3045762182317795,-0.4614189737824211,0.174297734303452,1.2674186879852152
38681,心热证,洗心汤,-0.8396453060308273,0.1265894960848429,-0.3668838249684971,-0.6118913405299288,0.1057748935677977,-0.3564340738288362
38682,心热证,洗心汤,-1.114767406529412,-0.0099431369276076,-0.8210673976078053,-0.8123865135206392,-0.0083082268495866,-0.797681384406958
38689,心热证,洗心散,-0.4598987365925936,0.3127188655809523,-0.5086167095017774,-0.3351511077599365,0.2612997582461207,-0.494130058202219
38690,心热证,洗心散,-1.371928906385786,0.0302149084597933,-0.3579601703107991,-0.9997929025632364,0.0252467923906845,-0.3477645867415869
38734,心热证,洗心散,-0.7097566282137543,0.5448983941482399,-0.2537381427231995,-0.5172349938341362,0.45530293925544,-0.246511058110448
38741,心热证,洗心散,-0.8059330456183398,0.9875647489860856,-0.3886481349236607,-0.5873235378304712,0.8251834429082581,-0.3775784828582027
38743,心热证,洗心散,-0.9819544985830484,0.6282421131838585,-0.4709908085479637,-0.7155991347319168,0.5249427852394113,-0.457575835187346
39218,心热证,茯苓汤,-0.2249406728201476,0.5966934391271095,0.0704140920171643,-0.1639254681030407,0.4985815329731,0.0684085259817368
39394,心热证,胜丸子,-0.4240510815470267,-0.3240474158177017,-0.7628664219078872,-0.3090271366698378,-0.2707656004575984,-0.7411381152363529
39537,心热证,茯苓散,0.1186902293633507,0.5293126265874717,-0.5643636241014179,0.0864954797356766,0.4422798768695389,-0.5482891639514144
39581,心热证,茯苓散,-0.2104978722735015,0.969921515661663,-0.0624758432955854,-0.1534002802361902,0.8104412155924003,-0.060696378052779
39866,心热证,茯神丸,0.4271742026885712,0.4607314186933127,0.7028568687112827,0.3113031105462009,0.3849752015993744,0.6828377812918116
39941,心热证,茯神散,-0.9995316517778275,0.7734497185029683,-0.3706343095538538,-0.7284084814331994,0.6462744871017008,-0.3600777354149138
40697,心热证,神圣光生散,-1.628213714198332,-0.3450087725070601,0.0727403299698269,-1.18656040246291,-0.2882803654375264,0.0706685069722696
40879,心热证,茯神散,-0.8256066549685162,0.6975794730635132,0.1503260792521812,-0.601660676514957,0.582879281460449,0.1460444238313648
40926,心热证,脉溢汤,-0.0314342493336976,-0.2138627451193081,1.1463097921139074,-0.0229077026039398,-0.1786981527120592,1.1136600778410708
41136,心热证,茵陈散,-0.5256500419722239,0.766983280652479,-0.6943364829014357,-0.3830673577542616,0.6408712996607786,-0.6745600769665857
41137,心热证,茵陈散,-0.373086460179449,0.7669823351623852,-0.1522033035907829,-0.2718866795455978,0.6408705096338243,-0.1478681802167979
41138,心热证,茵陈散,-0.6455610813673014,0.4820006941402274,0.1789675939085903,-0.4704525025443132,0.4027472554920113,0.1738701579053289
41228,心热证,茯神汤,-0.7108780172010651,0.2440560564137044,0.7336511390027788,-0.5180522058232614,0.2039268990725287,0.7127549552406134
41229,心热证,茯神汤,-0.8281016664473746,0.6153459202546316,0.2544371470946945,-0.6034789156064767,0.5141670615284605,0.2471901531230928
41407,心热证,茯神散,-1.0892164665325137,0.5719429625308292,0.0263692858451749,-0.7937662713609956,0.4779006778572127,0.0256182239120512
41412,心热证,茵陈散,-0.5770188395553155,0.6518937600512842,-0.1612289151693315,-0.4205023582107215,0.5447054867863734,-0.1566367202417364
41558,心热证,茯神汤,-0.4976705380436328,0.0861221153666803,0.7014504288289878,-0.3626773001391483,0.0719614017630562,0.6814714002667426
42290,心热证,凉心丸,-0.608103807985009,0.7230590548155063,0.2358248213203358,-0.4431555224291818,0.6041693578990404,0.2291079520346318
42304,心热证,香黄丸,0.4449098741973507,-0.4465220278190877,-0.8261146943691229,0.3242279774355385,-0.373102203808333,-0.8025849217777156
42489,心热证,除热饮子,-0.2957389205155561,1.2044817290900545,-0.5938540939021646,-0.215519676250645,1.0064336350108287,-0.5769396728450921
42569,心热证,香豉汤,0.2647348563157724,0.9559296603836342,0.1383567179045478,0.1929254709727498,0.7987499848929938,0.1344159792504876
43311,心热证,桂心汤,0.395567413689111,0.2018614427501818,0.498093834803537,0.2882696696970523,0.1686701762998734,0.483906900783365
43481,心热证,柴胡饮,-0.4679144607006642,0.8198016238411556,-0.2789504073801702,-0.3409925650212069,0.685004934772694,-0.2710052156353988
43785,心热证,凉补风,0.2492524513960488,-0.578094296430981,1.1393843275125897,0.1816426716372301,-0.4830405726250413,1.1069318674567157
44188,心热证,柴胡汤,-0.3715793213854556,0.702222848524223,0.0382814450766149,-0.2707883524658208,0.5867591653397775,0.0371910956332957
44638,心热证,消毒饮,-0.8186865756929382,0.3250040473434761,-0.8453116536966114,-0.5966176701953918,0.2715649369029744,-0.8212351046218646
45348,心热证,涤烦汤,-0.4504623913740299,0.4340179358583152,0.5976837685829592,-0.32827437316258,0.3626541094780876,0.5806602689984711
46085,心热证,破血红花散,-1.0606360950485232,-0.5928232856562263,-0.8177769647088873,-0.7729383316410062,-0.4953477332967086,-0.794484671106985
46216,心热证,莎根酒,0.772021883500821,-0.4495854688537936,-0.0464551942387681,0.5626107855552211,-0.375661935535048,-0.0451320363727013
46576,心热证,真珠散,-0.5986732533002723,0.5749947553446544,0.5535272985575225,-0.4362830076821364,0.4804506766332326,0.5377614835357466
46591,心热证,莲子六一汤,0.1495961623320981,-0.5216846854997317,0.1313644826228691,0.1090181718995516,-0.4359061675046136,0.1276228999785071
46872,心热证,通心饮,-0.4694916342934777,0.3295006339502343,-0.6305069946013341,-0.3421419299459239,0.2753221678301712,-0.6125486090389146
47357,心热证,铅霜散,-0.7154412914177949,0.8631177083818127,0.0707744357973631,-0.5213776909508802,0.7211987294694588,0.0687586062873108
47716,心热证,铁粉煎,-0.6978465537834451,0.6626061908784293,0.3768412985892803,-0.5085555295929515,0.553656515628721,0.3661079341795988
47724,心热证,逍遥饮,0.9342534287744588,-0.3331172171604916,1.0090446606338803,0.6808369901212756,-0.2783440907856719,0.9803045939565525
47756,心热证,调中丸,1.1602209806264605,0.1136171977442686,0.2917777144013298,0.84551079610324,0.0949355781526836,0.283467169492857
47854,心热证,铁刷散,0.2733715913064078,1.4367154180931658,-0.1406218952450288,0.1992194897843403,1.2004820710729924,-0.1366166387848287
47892,心热证,铁粉牛黄丸,-0.5759894865244481,0.7888750248566501,0.1959767303170904,-0.4197522174055363,0.6591634722724595,0.190394832392989
48225,心热证,铁粉丸,-0.7654586606932878,0.5274500939993588,0.3024320305836008,-0.55782783831184,0.44072359303583,0.2938180246199082
48489,心热证,清心丸,-0.7578433438644065,0.6274834922705856,0.1993616436263515,-0.5522781777712341,0.5243089013166412,0.1936833350694997
48490,心热证,清心丸,-0.9797221083504538,0.520810385853737,-0.2894717135001887,-0.7139722808184882,0.4351756254386315,-0.2812268491529858
48494,心热证,清心丹,-0.940002427334399,0.7460127371191845,-0.0168270502992671,-0.6850265716151277,0.623348858392773,-0.0163477746373951
48810,心热证,清心汤,-0.9330604653022484,0.6133108434225409,-0.4308680717625662,-0.6799676182413031,0.5124666042079541,-0.418595892349012
48814,心热证,清心饮,-1.019675721471035,0.6475257217835977,-0.5436305283612949,-0.7430884679939204,0.5410556675110447,-0.5281465976271293
49049,心热证,清心莲子饮,0.0959355468726943,-0.1485275875578266,0.7537585428260776,0.0699130096467776,-0.1241057927529894,0.7322896508884122
49313,心热证,救心神丹,0.5494139882783409,0.3886934273245385,0.2266775165724705,0.4003853286368348,0.3247821278805007,0.2202211849602985
49324,心热证,清净膏,-0.6157888134661224,0.8063760812033687,0.32965338244357,-0.4487559685604744,0.6737869002001408,0.3202640456169094
50262,心热证,羚羊角汤,0.3674038845831051,0.5419629772323085,0.6537903459045706,0.2677455037725246,0.4528501811557343,0.6351687933932212
50300,心热证,猪心丸,0.8560502283709959,0.594595521295501,-0.3109444182577338,0.6238464242419629,0.4968285673462864,-0.3020879586159412
50594,心热证,羚羊角汤,-0.0443180062129072,-0.4592408527852311,0.2713328782334462,-0.0322967377253865,-0.3837297234581434,0.2636046524012201
51331,心热证,菖蒲散,-0.2506859221705492,0.3740180716878904,0.5821480235867056,-0.1826873131632644,0.3125197820418249,0.565567020122056
51367,心热证,菊花汤,-0.9918095584974402,0.5409963034999734,-0.1439173200533588,-0.7227810075759705,0.4520424537034976,-0.1398182018123906
51409,心热证,黄芩汤,-0.4586965308960861,0.9359727575141088,0.2213803469436062,-0.3342750006109475,0.7820745154247203,0.2150748917140901
51563,心热证,黄芩汤,-0.2423553607051148,1.1609352842315128,-0.1239776396962775,-0.1766164182438989,0.9700473572182298,-0.1204464524551396
51612,心热证,黄柏汤,-1.0613973036666058,0.4351772757298818,-0.8087136886251001,-0.7734930622616576,0.363622823749939,-0.7856795393542915
51691,心热证,黄芩散,-0.0414812681691832,0.5083713392474538,-0.3927859111732454,-0.0302294654714488,0.4247818813164285,-0.3815984050920552
51775,心热证,犀角散,-0.7083638157690325,0.6111849107133076,0.3092419988932992,-0.5162199820573941,0.5106902300773489,0.3004340283302912
52192,心热证,黄芩散,-0.1066787821747906,0.1235933682147626,-0.7976353850129878,-0.0777421401181945,0.1032714069723471,-0.7749167729992554
52325,心热证,羚羊角散,-0.4903661998192656,0.4615585531913823,0.2495925090202764,-0.3573542651913081,0.3856663336933115,0.2424835022227992
52339,心热证,麻黄汤,0.0820945557772113,0.8452101755423922,-0.1209544529517355,0.0598263902911434,0.7062356603465513,-0.1175093734836287
52402,心热证,黄连饮,-0.1135743188285142,0.8676972178655358,-0.2232636689829175,-0.0827672610072348,0.7250252485979407,-0.2169045721227617
52427,心热证,麻黄止烦下气汤,0.0643673802424,0.8287585444454861,0.1144725242959171,0.0469077148410519,0.6924891048888566,0.1112120660532463
52591,心热证,黄连泻心汤,-0.5583495213147459,0.2583849544878649,-0.8230023594927915,-0.4068970964615627,0.2158997539745052,-0.7995612338318498
52629,心热证,黄连散,-0.4547359756465434,0.937193862952134,0.0944014904027528,-0.3313887468041567,0.7830948393989592,0.0917127044307723
52783,心热证,黄连散,-0.3890385731607902,-0.2302691705528,-0.2691673304211026,-0.2835117785324305,-0.19240693549205,-0.2615007847017078
52836,心热证,黄耆丸,-0.1345646163845604,0.0659880710294618,0.3832966143617025,-0.0980639359453779,0.0551379174873051,0.3723793867267739
52940,心热证,黄柏散,-0.7343673693286944,-0.3832938071417096,-0.4656897915289939,-0.5351700662558986,-0.3202703455619862,-0.4524258041341382
53001,心热证,黄柏煎,-0.7343673693286944,-0.3832938071417096,-0.4656897915289939,-0.5351700662558986,-0.3202703455619862,-0.4524258041341382
53051,心热证,黄连散,-0.8672893082217641,0.5631724017372455,-0.0937790505832661,-0.6320369013241477,0.4705722251564495,-0.0911079932239155
53105,心热证,黄连散,0.0053027963135764,0.9661493829519484,-0.1287633537598907,0.0038644117004714,0.8072893195170242,-0.1250958576449706
53151,心热证,黄连散,-0.7322408562625149,0.8730455968189741,-0.5218110268433493,-0.5336203703052715,0.7294942150766526,-0.5069485690260493
53285,心热证,黄连汤,-0.3890385731607902,-0.2302691705528,-0.2691673304211026,-0.2835117785324305,-0.19240693549205,-0.2615007847017078
53447,心热证,犀角汤,-0.1538562301040118,0.9044611556967236,-0.1669461932603552,-0.1121226953941531,0.7557442397583188,-0.1621911562307608
53448,心热证,犀角汤,-0.5413812060098591,0.5247818683617795,0.2129966783556275,-0.3945314402447452,0.4384940930254922,0.2069300105689464
53831,心热证,犀角汤,-0.9925582921352258,0.81138601015243,0.0501979457707269,-0.723326647057349,0.6779730666496385,0.0487681851617076
53980,心热证,犀角散,-0.5547670567729932,0.4916585501798675,0.7652669889345147,-0.4042863761787132,0.4108171090444844,0.7434703082265276
54227,心热证,犀角饼子,-0.3932248739732137,0.9884423483019316,0.2836990802027189,-0.286562544370787,0.8259167420926276,0.2756186346095569
54299,心热证,黄连散,-0.2002458773723223,1.2410963920849447,-0.6001585927968003,-0.145929141103831,1.037027895996824,-0.5830646041490473
54306,心热证,犀角散,-0.8715181120105628,0.7916743464540184,-0.3479468668210874,-0.6351186411976165,0.6615025126603383,-0.3380364866934889
54359,心热证,犀角散,-0.7553625002575967,0.5324293551525068,0.2694664891336329,-0.5504702635134959,0.4448841342719488,0.2617914226404006
54437,心热证,滋阴降火汤,-0.5303157712989647,1.0765993243257492,-0.5234911699974327,-0.3864675070217958,0.8995784205460163,-0.5085808575824527
54464,心热证,犀角散,-0.5845527904426829,0.7890772753602058,0.0183301299946138,-0.4259927233385279,0.659332467537859,0.0178080429366254
54494,心热证,琥珀导赤汤,-0.7679010194540612,0.6331297753274787,-0.638259611298124,-0.5596077067461069,0.5290267887233203,-0.6200804121984231
54607,心热证,滋阴补心汤,-0.2278795755830601,0.4077286270911003,0.3518823400269391,-0.1660671928746428,0.3406874461859025,0.3418598679704541
54694,心热证,犀角饮,0.7027380994392289,0.6867269600032049,0.1170441409283352,0.5121202424628774,0.5738112035440326,0.1137104367369293
54775,心热证,犀角散,-1.3878640490605512,0.3126123225220351,-0.6383692261334355,-1.0114056344427138,0.2612107336345541,-0.620186904934388
55112,心热证,滑石汤,-0.6378866071861594,-0.0935003886383227,0.0759992044076212,-0.4648597310956643,-0.0781264951883356,0.0738345606734908
55419,心热证,散瘀清火止痛汤,1.0164083618425723,-0.7175613063806818,-0.1807571592486729,0.740707380350491,-0.5995755821629687,-0.1756087520355098
55601,心热证,寒解汤,-0.4701798769772149,0.8101297571885939,-0.558609082489237,-0.3426434866572365,0.6769233743161219,-0.5426985257977064
55614,心热证,犀角散,-0.73764047211329,0.6099462694327267,0.2603873693542136,-0.5375553392231542,0.5096552536087301,0.2529708984593842
56005,心热证,硼砂散,-1.324084383385265,0.3317482833295427,-1.1323927924717467,-0.9649262164690858,0.2772002452475481,-1.1001394684809942
56148,心热证,痫症镇心丸,-0.8201663593367712,0.6404916132947165,0.4438846041500203,-0.5976960622152312,0.5351781492353018,0.431241681970246
56310,心热证,紫石英汤,-0.5732012165009825,0.5792176960210447,0.502816239801637,-0.4177202662111886,0.4839792561315579,0.4884948001051381
56848,心热证,解妄汤,-0.7227975412389316,0.5542606590815176,0.2973009542843756,-0.5267385564639699,0.4631258045602142,0.288833093957957
56917,心热证,雷丸丸,0.3997113158270465,-0.7841169014733986,-0.9969561480716675,0.2912895375102752,-0.6551877080107189,-0.9685603918799128
56975,心热证,摄真汤,-0.0970859208568423,-0.2837349350011405,1.182635088180916,-0.0707513444462639,-0.2370815389856435,1.1489507403861263
57537,心热证,煞疳保童丸,0.0351881754963545,-0.6765192036901595,-0.7148274551664776,0.0256433755070337,-0.565281867611968,-0.6944674160861822
58495,心热证,解明散,-1.2261267615069495,-0.1055418337165759,-0.2207269004376459,-0.8935396200863918,-0.0881880138051809,-0.2144400569672362
58503,心热证,瞿麦散,-1.1003982079354888,0.0150031391399417,-0.0384538774173969,-0.8019149630613865,0.0125362332167479,-0.0373586166781115
58778,心热证,獭肝丸,0.2592670294996052,0.861470288778152,0.6918613322809046,0.188940793328155,0.7198221884559618,0.6721554247061825
59688,心热证,磁石汤,-0.0679990153298861,0.1660031376443286,0.5306325408148826,-0.0495542681487837,0.1387079083124003,0.5155188246443819
59989,心热证,酸枣仁丸,-0.5347769671273319,0.2115312209437773,0.9263222700134324,-0.3897186025453214,0.1767499916944007,0.8999383399025933
60223,心热证,瞿麦散,-0.5806988748138733,-0.4006146106526767,-0.676806066254335,-0.4231841831329628,-0.3347431589038875,-0.6575289695799914
60226,心热证,瞿麦散,-0.1352156426822971,-0.0826424428251189,-0.8775081785215431,-0.0985383712232043,-0.0690538778047669,-0.8525145934558763
60584,心热证,碧雪,-1.0010343089530285,0.6489716732776365,-0.39845104476405,-0.729503542534222,0.5422638670071834,-0.3871021817841142
60611,心热证,镇心丸,-0.7503285575747094,0.846302656602246,-0.1519031444099174,-0.5468017788399574,0.7071485091326261,-0.1475765703055619
60663,心热证,蝉退散,-1.033238540449574,0.3056705791429069,-0.2670164050553207,-0.7529723694777194,0.2554103932444626,-0.2594111229656167
61387,心热证,瞿麦汤,-0.6985102447245407,0.5546910474417164,-0.842921673265586,-0.5090391942269674,0.4634854258905838,-0.8189131966950849
61747,心热证,熟艾汤,-0.0516385704204776,-1.0285850305708837,0.6964705010759188,-0.0376315973550801,-0.8594589243103251,0.6766333130696521
61920,心热证,镇心丸,-0.6075701878011541,0.6730867113657162,-0.0422207129178485,-0.4427666468322035,0.5624137662171498,-0.0410181634651206
61922,心热证,镇心丸,-1.365580439242559,-0.4420708421505975,0.646185239674526,-0.9951664584651416,-0.3693829087254337,0.6277802992405868
61948,心热证,橘皮桃仁丸,0.187743589089896,-0.7225256185973887,-1.0830627994322692,0.1368181011422207,-0.6037236324562376,-1.052214514628044
62030,心热证,麝香散,-0.0633021511939792,-0.078750911325118,-0.052113260733885,-0.0461314293956048,-0.0658022152027415,-0.0506289472572902
62090,心热证,镇心丸,-0.532359926015872,-0.1223328160592432,0.3686731575052963,-0.3879571843426775,-0.1022181223459721,0.358172441786542
62132,心热证,镇心丸,-0.4257686830943574,0.1820653493505996,1.319197025400359,-0.3102788384369336,0.1521290750461359,1.281623058707228
62704,心热证,大黄散,-0.3382042913800865,0.3611638619008797,-0.8447279269521464,-0.2464663063547667,0.3017791383536003,-0.8206680038467067
62917,心热证,挽流汤,0.4121064070321711,-0.4359187790397764,0.9235681715786178,0.3003224576243025,-0.364242404648118,0.8972626849457935
62989,心热证,清心流气饮,-0.2448119837080494,0.8317207672425873,0.0743460276437285,-0.1784066817416467,0.6949642612863312,0.0722284704383488
63142,心热证,黄芩散,0.2546365531990811,0.6697185150194387,-0.352324284971048,0.1855663346960767,0.5595993888709901,-0.3422892252386584
63272,心热证,香参丸,-0.3581671562395989,0.3353583156711853,-0.2029571768576704,-0.261014239930967,0.2802166944674552,-0.1971764586961299
63411,心热证,犀角正心汤,-0.9925582921352258,0.81138601015243,0.0501979457707269,-0.723326647057349,0.6779730666496385,0.0487681851617076
63593,心热证,磁石散,-0.530383327476413,0.4072655704695559,0.7347788207935302,-0.3865167385719313,0.34030052810522,0.713850517888257
63718,心热证,茯神煮散,-0.5375526605199578,0.8982791165062378,0.2825866217193017,-0.3917413885225844,0.7505786884477479,0.2745378616721184
64073,心热证,镇心丸,-0.547886028916484,0.6813187398132317,0.2751347435924917,-0.3992718285725975,0.5692922352830148,0.2672982313105375
64762,心热证,朱砂散,-1.1675598972589365,0.688924530309931,-0.8128963948360872,-0.8508590300587315,0.5756474361896378,-0.7897431118340522
64800,心热证,麦门冬饮,0.5791971335605387,0.918711686272662,0.3502827033351465,0.4220897895098079,0.7676516128151187,0.3403057928548487
64909,心热证,赤茯苓散,-0.8161615522167944,0.8771197535691226,-0.2754472221879468,-0.5947775598671499,0.7328984745922814,-0.2676018097492215
65110,心热证,连梅汤,-0.2557686030920075,0.709485128966886,-0.4850630142589891,-0.1863913158179315,0.5928273381711736,-0.4712472299667939
65132,心热证,如神散,-0.2512128895822076,-0.2084514862625394,-0.5500489316277665,-0.183071340553901,-0.1741766454200252,-0.5343821890270533
65461,心热证,火府散,-0.5530980623895688,-0.0029115927276986,-0.6958108487112703,-0.4030700968721117,-0.0024328512270772,-0.6759924492221857
65656,心热证,火府丹,-0.5281560949548425,0.1174601585046782,-0.7853683434841904,-0.3848936433393289,0.0981466563067914,-0.7629991268988523
65810,心热证,冰壶丸,-0.4645878277071299,0.5411752902924769,0.3623024652224278,-0.3385682819254231,0.452192010416437,0.3519832024443942
65905,心热证,生干地黄散,-0.6565075607221575,0.9767702331406424,-0.583539623518053,-0.4784297470765183,0.816163825957556,-0.5669189838743764
65969,心热证,龙齿散,-0.9258968884706718,0.4813161811127773,0.2768781686141723,-0.6747471631289137,0.4021752941929808,0.2689919993117464
66008,心热证,甘草丸,0.0241679052005019,1.0328663304222303,-0.0225140636634683,0.017612355842066,0.863036267218812,-0.0218728079132429
66292,心热证,七正散,-0.1415609853534357,-0.1543101854521203,-0.8811301163993006,-0.1031625383629205,-0.1289375812957319,-0.8560333696598558
66819,心热证,犀角散,-0.573952321093674,0.6293083711480199,0.3615120227694929,-0.418267633525457,0.5258337226881187,0.3512152737311262
69073,心热证,八宝金药墨,-1.3558322925292063,-0.1489955498278116,-0.862723956583048,-0.9880624985939042,-0.1244968098660382,-0.8381514624173796
69239,心热证,八味沉香散,-0.2612211920913074,-0.2375973437497534,-0.6253754355631128,-0.1903648889066828,-0.1985301665967431,-0.6075632093875578
11568,肝血虚证,加味补肝散,-0.0709785537348599,-0.3769934416601765,0.4149558642714805,-0.0517256061360086,-0.3150059238772617,0.4031369035529145
11776,肝血虚证,加减生熟二地汤,0.0430101329873137,0.4198505776428911,0.3556835420975088,0.0313436253867554,0.3508162330845439,0.3455528024833783
12225,肝血虚证,四斤丸,-0.3050805528309224,-0.2369728954745176,0.9403319191419914,-0.2223273888396764,-0.1980083938439122,0.9135489598644672
12381,肝血虚证,水木两滋汤,0.5880892485258753,-0.3191073571766183,0.4933165071262485,0.4285699164243581,-0.2666378158219044,0.4792656431150081
15007,肝血虚证,加味四物汤,-0.1939655371078223,-0.0049185895722858,0.8437738398750976,-0.1413523444543088,-0.0041098456396692,0.819741091509568
17682,肝血虚证,石决明丸,-1.2040322141836075,-0.1691283848722677,0.4118731032942195,-0.877438223362112,-0.1413192836881799,0.4001419471689419
20188,肝血虚证,地黄丸,-0.5849138123556222,-0.5074086879880195,0.6831200033109692,-0.4262558179818045,-0.423977514938026,0.6636630702239438
23197,肝血虚证,芎丸,-1.2323184937016325,0.2854600761499607,0.443361745490377,-0.8980518436236333,0.2385230221027229,0.4307337156075715
25666,肝血虚证,补血祛风汤,-0.6105967196394545,0.5915229327927376,0.8634280691955302,-0.4449722312741013,0.4942611922329546,0.8388355201757799
25672,肝血虚证,补血当归汤,-1.4327623770371651,-0.176983964339982,0.151902159256774,-1.0441252815315931,-0.1478832017683495,0.1475756132119961
26099,肝血虚证,补阴丸,-0.4879603321212437,-0.2833544338297092,0.6712922123033097,-0.3556009896113619,-0.236763602093916,0.6521721637125484
26115,肝血虚证,补肾明目丸,-1.3129387844046416,-0.3475175168107645,0.4266125141737676,-0.9568038635513976,-0.2903766069893159,0.4144615434773523
26207,肝血虚证,补肝散,0.1163987981948037,0.1010538769503969,1.158721956047354,0.0848255997525652,0.0844379937485302,1.1257187129041173
27714,肝血虚证,补肝四物汤,-0.418781273825799,0.1206678922504788,0.8963093528399023,-0.3051867653991163,0.1008269552735278,0.8707802642186424
29165,肝血虚证,补肝汤,-0.4511734646392559,0.1254399093912374,1.036780948258368,-0.3287925676553606,0.1048143287980195,1.0072508840845875
29191,肝血虚证,肝痹散,0.3354048170219784,0.1923344839284776,0.8097650638440977,0.2444261900039,0.160709697061413,0.7867009688284914
34506,肝血虚证,虎骨四斤丸,-0.2833119160926046,-0.4717542731810135,1.3475403104877737,-0.2064634993858249,-0.3941856123862887,1.3091590575217489
34695,肝血虚证,转筋丸,0.2573630014529418,-0.4773774147674767,0.8305794114851504,0.1875532332888011,-0.3988841633815952,0.8069224728002924
35598,肝血虚证,养肝活络汤,0.1844634074681182,0.2463009787620983,1.1804029853437474,0.1344276694738543,0.2058026978537339,1.1467822133121264
36222,肝血虚证,养肝丸,-1.192101574110172,-0.5606629530364271,0.3532573198519684,-0.8687437719128157,-0.4684753950287348,0.3431956849978462
36224,肝血虚证,养肝丸,-1.2181449565774836,-0.6708958115517427,0.5656691931015332,-0.8877228814194099,-0.5605831072619595,0.5495575471444202
42413,肝血虚证,香芎散,-0.6322266637788401,0.3760016468006027,1.0940967256277525,-0.4607350485255923,0.3141772058638635,1.0629341675441146
42495,肝血虚证,家秘补肝汤,0.005271321327053,-0.5921027024644254,0.1275664613529048,0.003841474310649,-0.4947456327056106,0.123933055669186
44409,肝血虚证,珠母补益方,-0.3308019447992562,0.6095199673219849,0.6417211323419729,-0.2410718478377258,0.5092990466422278,0.6234433406333555
44973,肝血虚证,桑仁粥,0.3213700080615266,-0.7433090191590142,1.026380409905281,0.2341983259198519,-0.6210897019199272,0.9971465785717396
46357,肝血虚证,秘传十子丸,-0.0150768785704885,-1.2171729904143929,0.9580187506034028,-0.0109872720936338,-1.0170381231977734,0.930732026987844
50653,肝血虚证,清魂汤,-0.141480874182824,-0.1797194714463977,0.6524747011578801,-0.1031041573641525,-0.1501689204257739,0.6338906214356139
52045,肝血虚证,雀目散,0.7016985808076837,-1.031701844396224,-0.4150673213080806,0.5113626934783319,-0.862063252954031,-0.4032451860197572
55819,肝血虚证,犀角汤,-0.8740174158263112,0.6440970548748768,-0.5886343419411557,-0.6369400083287438,0.5381907625342028,-0.5718685922216871
63476,肝血虚证,疏肝益肾汤,0.1521189533986464,-0.1241308717918091,0.4362335696595317,0.1108566553597693,-0.1037205309945827,0.423808567706667
67976,肝血虚证,滋肝养血汤,0.4323273678152144,-0.8127812527757066,1.2035476368235007,0.3150584785506021,-0.6791388951310112,1.169267648354092
1516,肾气虚证,二至丸,0.2071868682849995,-1.0791619263993462,1.199482754614498,0.1509873867745431,-0.9017196642508626,1.1653185439597689
2015,肾气虚证,八味地黄丸,0.0535107509831469,-0.660843173125957,1.049900612986441,0.0389959485471581,-0.5521833838058333,1.0199968685844416
2110,肾气虚证,十补丸,0.643658460162911,-0.7293358092579403,1.097843389111929,0.4690659677409705,-0.6094140508130139,1.0665741168633454
2137,肾气虚证,八仙丸,0.1441230928222854,-0.3693004797061723,1.309444873560759,0.105029673643063,-0.3085778847660187,1.272148672069756
2378,肾气虚证,八味地黄丸,0.4411023932571223,-0.5510772763272576,0.391482733703614,0.3214532764995304,-0.4604658526492615,0.3803323453128797
2494,肾气虚证,人参远志汤,0.10527185066373,-0.2474967666567495,1.0606134870168429,0.0767168390748215,-0.2068018671465924,1.0304046136884923
2573,肾气虚证,上下兼养丹,-0.0939024092285352,0.0163868640833582,0.977144213013316,-0.0684313610153485,0.0136924378241104,0.9493127493219804
2975,肾气虚证,十全丹,0.8732236285244468,-0.5564740188827813,-0.7813768258950728,0.6363615359991246,-0.4649752304971734,-0.7591212975201088
3097,肾气虚证,三花五子丸,-1.371007543961161,-0.0874145107363459,0.3407764327302571,-0.9991214598896836,-0.0730412937517428,0.3310702841514846
3646,肾气虚证,大菟丝丸,0.3876301490198717,-0.8658815766053873,1.552115669867422,0.2824853897353618,-0.7235081459394327,1.5079076089329413
3944,肾气虚证,三建汤,-0.1146581055418887,-0.2235127987770261,1.245166423459611,-0.0835570703471217,-0.1867614867969389,1.2097010298742386
3975,肾气虚证,大补肾汤,0.242784444947767,0.0617906066082232,1.1980483657631966,0.1769291132956677,0.0516306252857976,1.1639250100208771
4779,肾气虚证,小菟丝丸,0.4240387010864661,-0.831159795628984,0.8939121734743142,0.3090181144118029,-0.6944955279825531,0.8684513624006123
5123,肾气虚证,山茱萸散,0.288937822070466,-1.1143707349316674,1.0545613641421798,0.2105633771863239,-0.9311392297783152,1.0245248701164935
5530,肾气虚证,乌金散,-1.5007971428358722,-0.1100251396972332,-0.3298609388497275,-1.093705602827026,-0.0919341477862978,-0.3204656903075751
5722,肾气虚证,五补丸,0.1889690975139479,-0.6997023813562473,1.4881716669091192,0.1377111901490165,-0.5846531284672152,1.4457848880053883
5762,肾气虚证,五补鹿茸煎,0.1799626451638936,-0.6506871843035009,1.4981380959450814,0.1311477398893525,-0.5436973034437546,1.4554674486991424
6741,肾气虚证,乌头怀香丸,1.4577704542047882,-0.8838055927160524,0.1291174861738215,1.062349912518348,-0.7384849880554832,0.1254399034992217
7066,肾气虚证,乌头煮盐丸,-0.2359261958382024,-0.4343279448927723,0.3095364373953463,-0.1719311656966066,-0.3629131449718601,0.300720080501672
7585,肾气虚证,内补石斛秦艽散,-0.4838017459707826,0.1839037523075403,1.4394932114297616,-0.3525704208270931,0.1536651967870329,1.398492914324911
8506,肾气虚证,五味子丸,-0.0486273976719311,-0.5418081102039825,1.2461505051881123,-0.0354372058466166,-0.4527207782910024,1.210657082541593
8725,肾气虚证,升提汤,0.1625548930135061,-0.2005836053922595,1.23898584286902,0.1184618441636134,-0.1676024486075172,1.203696487377112
8773,肾气虚证,天雄丸,0.4108866625015366,-0.7299722830253497,1.4889869988070954,0.2994335690536248,-0.609945871754629,1.44657699725126
9545,肾气虚证,天麻丸,-0.0422063920546482,-0.3896612351993532,1.5241913005115983,-0.0307578993507792,-0.3255908029927232,1.48077859410256
10451,肾气虚证,巴豆方,-0.424816590281787,-0.4536814721280824,-0.3484608957657132,-0.3095850009996155,-0.3790844494385782,-0.338535874833085
10627,肾气虚证,加减草宝汤,0.5988690730432263,0.1955583918656981,1.0010275448935364,0.4364257112787119,0.1634035107622221,0.97251582533495
11049,肾气虚证,巴戟丸,0.1646351168813163,-0.7132173600078613,1.3427798412647705,0.1199778068706449,-0.595945893448975,1.3045341781375526
12789,肾气虚证,四君子汤,0.761500589018735,0.0148387488239892,0.5419388854678792,0.5549433944098017,0.0123988729403329,0.5265031368721736
13214,肾气虚证,北庭丸,0.5750216735158162,-0.2281226880416498,0.4648037060887646,0.419046923878638,-0.1906133904809388,0.4515649565804243
13722,肾气虚证,水中金丹,0.0145767264141539,-0.8431412832764773,1.3974507792306297,0.010622786314686,-0.7045069477282174,1.357647953706394
13910,肾气虚证,主肾丸,0.1421297488812618,-0.4602076639596673,1.148781229266835,0.1035770246644414,-0.3845375657534284,1.1160611224025352
13972,肾气虚证,加味六味地黄丸,0.2702120251330067,-0.6970080208355942,1.204708292874164,0.1969169565986615,-0.582401790827682,1.1703952460738538
14549,肾气虚证,石斛散,-0.0041574513478197,-0.7010206127236687,1.3512945046054752,-0.003029741797082,-0.5857546083442918,1.3128063229835922
14664,肾气虚证,牛膝煎丸,-0.028284985115262,-0.7245589800537158,1.3566526315481495,-0.0206126769657798,-0.605422656453329,1.3180118373298118
14836,肾气虚证,石斛散,-0.4806184834056124,0.0795758310945207,1.3541182171538986,-0.3502506189008865,0.0664914967269531,1.3155496092733123
15109,肾气虚证,牛膝煎丸,-0.4682391078152618,-0.4695822596820591,1.200547398872503,-0.341229151537827,-0.3923707343451774,1.166352864538202
15555,肾气虚证,石斛丸,0.2807530022259918,-1.0270491179937222,1.3494456476712786,0.2045986914426423,-0.8581755556707202,1.311010126029314
15705,肾气虚证,石英水煮粥,-0.9248719829952377,0.1749614649084228,0.7091298181829294,-0.6740002634788169,0.1461932537969101,0.6889320617777215
15706,肾气虚证,石刻安肾丸,0.4767757694337914,-0.7185567452135582,1.3651880221855854,0.3474502419005006,-0.6004073449857719,1.326304119108337
15707,肾气虚证,石刻安肾丸,0.4760272700644226,-1.0747067284326437,1.4678245711183495,0.3469047731421818,-0.8979970165958346,1.4260173274052113
16065,肾气虚证,石南丸,0.2809328915667977,-0.4703580332213867,1.141178001124458,0.2047297857619961,-0.3930189505565769,1.108674452845026
16795,肾气虚证,回津丸,0.9559061064526622,-0.4401501495648047,0.0650379864506435,0.6966163744344084,-0.3677780279089201,0.0631855450869714
17067,肾气虚证,石龙芮丸,0.4691953469736126,-0.8807319862599248,1.51424970559445,0.3419260106237624,-0.7359167623667713,1.4711201601910089
17576,肾气虚证,正元散,1.3929285960991271,-0.1328421988942218,0.5583228435498686,1.0150964220340366,-0.1109994895621594,0.5424204396453494
17600,肾气虚证,全蝎丸,-0.5884191399938676,-0.7323526360806996,-0.1083711254428931,-0.4288103247624139,-0.6119348329154718,-0.1052844500036025
17624,肾气虚证,正元丹,-0.076139183112764,-0.3821821304887984,1.3773324453992497,-0.0554864137119494,-0.3193414574371399,1.3381026393639504
17917,肾气虚证,玉霜丸,0.249238327294065,-0.7147182175167408,1.768362321288748,0.1816323787008741,-0.5971999709844109,1.7179950253639211
19409,肾气虚证,宁神汤,-1.0443003159149036,0.7159131657194981,0.1330240498198724,-0.7610336360262315,0.5981984386525417,0.1292351986315517
19646,肾气虚证,玉真丸,0.5512186348248612,1.038835063437085,-0.0628263078827358,0.4017004644288194,0.8680235854316735,-0.061036860548952
19694,肾气虚证,瓜蒌散,-0.2665611944719407,0.4770978971195217,-0.5954130962672538,-0.1942564145207124,0.3986506056980814,-0.5784542709992768
20245,肾气虚证,地黄金粉散,-0.0810428850826461,0.110833779236004,0.075729753935186,-0.0590599854932228,0.0926098259728266,0.0735727848113539
20686,肾气虚证,肉苁蓉散,0.4513825662702471,-0.4539633301833664,1.3185133344787396,0.3289449504250553,-0.3793199627056419,1.2809588409798494
20916,肾气虚证,甘草汤,-0.6556374228082998,-0.0427566016516923,1.3737550626643087,-0.4777956342544349,-0.0357263053326111,1.334627149263046
21011,肾气虚证,羊肾汤,0.0696638788466067,-0.206670318423574,1.269311171003637,0.0507675370871419,-0.1726883478564843,1.2331580757917713
21429,肾气虚证,助阳丹,1.101546708041606,-0.3334107712378628,0.442126016303236,0.8027519322726513,-0.2785893769448767,0.4295331830183801
21574,肾气虚证,肉苁蓉丸,0.1867019955824134,-0.842117877293862,1.483436403747198,0.1360590400922713,-0.703651816281804,1.4411844967518357
21617,肾气虚证,肉苁蓉丸,0.4078229511544868,-0.482264774358875,1.3260590766572078,0.2972008900525297,-0.4029679140607293,1.2882896619146902
22154,肾气虚证,羊肾馄饨,1.0572720540564091,0.377364592773418,0.6635270026685153,0.7704867874741093,0.3153160481033221,0.6446281262927946
22926,肾气虚证,助阳丹,1.1382394594047132,-0.8022234968708544,0.6526719723695665,0.8294917671267733,-0.6703171086345862,0.634082273879372
23561,肾气虚证,西川石刻安肾丸,0.4199261856189023,-0.8699620097810756,1.5539766294237063,0.3060211196280254,-0.726917649873153,1.5097155637969475
23699,肾气虚证,并提汤,0.1625548930135061,-0.2005836053922595,1.23898584286902,0.1184618441636134,-0.1676024486075172,1.203696487377112
24931,肾气虚证,补骨脂丸,0.2521898892973792,-0.5257692846497719,1.381340547107376,0.1837833288912618,-0.4393191524182517,1.3419965805053196
25098,肾气虚证,补肾腽肭脐丸,0.2473678848537552,-0.812420014345075,1.6538794483948305,0.1802692941651009,-0.6788370536849639,1.606772905466126
25483,肾气虚证,当归没药丸,0.4528732699108626,-0.9290008720391268,0.8252166773179882,0.3300313003902579,-0.7762489890825596,0.8017124824546379
25923,肾气虚证,补肾磁石丸,-0.9338679609976244,-0.5077552867397788,0.7164970101637943,-0.6805560805598166,-0.4242671238488119,0.6960894180624917
26122,肾气虚证,苁蓉丸,0.1334964544230116,-0.437705866197332,1.4693023299017622,0.0972855131401045,-0.3657356482404626,1.4274529959941804
26554,肾气虚证,补肾地黄汤,-0.2138956623206468,-0.2876318646764639,1.324677531804839,-0.1558764190198573,-0.2403377121626997,1.2869474668480383
26601,肾气虚证,补肾地黄丸,0.0535107509831469,-0.660843173125957,1.049900612986441,0.0389959485471581,-0.5521833838058333,1.0199968685844416
26603,肾气虚证,补肾石斛散,0.4040468773406862,-0.5229728568899732,1.4615645726984767,0.2944490770533136,-0.4369825300458513,1.4199356290933576
27692,肾气虚证,沉香饮,0.3461340446218805,-0.4194938569132397,1.5494516467586872,0.2522451123652832,-0.3505181665120456,1.5053194637360194
27720,肾气虚证,附子丸,-0.1945993738144176,-0.4077911075087424,0.50554399118719,-0.1418142528211989,-0.3407396531993639,0.4911448584412568
28320,肾气虚证,附子养气汤,1.0555106919343311,-0.0521175068493039,0.0818903026761434,0.7692031951973518,-0.0435480344775948,0.0795578660150541
28604,肾气虚证,沉香丸,0.8681120566643943,-0.7465829385427583,1.1418211952820825,0.632636479079021,-0.6238253038859306,1.109299327255569
28699,肾气虚证,补肾方,-0.3572730318208603,-0.0431182357935087,1.4611987668907382,-0.2603626469484864,-0.0360284774246421,1.4195802423321842
28850,肾气虚证,补肾散,0.4689254758336049,-0.731129289314314,1.0596157023203,0.3417293420871272,-0.6109126361454948,1.0294352483472338
29003,肾气虚证,沉香散,1.5484373144965564,-0.3984961803773458,-0.2166751305029717,1.1284233679251636,-0.3329730536121045,-0.21050369137751
29251,肾气虚证,苁蓉丸,0.7700590220387413,-0.7025145149014533,0.9236172822175136,0.5611803506767317,-0.5870028741857956,0.8973103967932468
29332,肾气虚证,补肾丸,0.2070035050911333,-0.5907828062812768,1.0629806255117875,0.1508537608855007,-0.4936427617517716,1.032704330273552
29461,肾气虚证,沉香紫桂丸,0.6978304743490926,-0.4267498015844027,0.826250277433157,0.5085438117085422,-0.356581045337408,0.8027166431035605
30114,肾气虚证,补肾丸,-0.5415294851436159,-0.5040238493055109,1.3528302532644376,-0.394639498632347,-0.4211492316881539,1.3142983297542317
30513,肾气虚证,乳香丸,-0.4294697222824062,-0.4267507113065917,0.7422311990738704,-0.3129759699683827,-0.3565818054776306,0.721090634157769
32244,肾气虚证,固脬丸,0.3411203528817425,-0.6913784889071861,1.2886032529673888,0.2485913855620224,-0.5776979002286958,1.2519006719462085
32615,肾气虚证,肾气丸,0.0740912300342469,-0.160416596888033,1.091983153603593,0.0539939683358418,-0.1340399400197286,1.0608807952348658
32619,肾气虚证,肾气丸,0.2393321222887559,-0.4384365182995169,1.5523502690049038,0.1744132338825496,-0.3663461621514422,1.508135526111619
32868,肾气虚证,旺肾汤,0.598074314360322,-0.2970981657504428,1.1125943808947687,0.4358465310553638,-0.2482475073633201,1.0809049642225188
32940,肾气虚证,肾沥汤,0.0517004215442807,-0.5951604582528112,1.308689031699852,0.0376766713485692,-0.4973006139882286,1.2714143584387956
35733,肾气虚证,青盐下气丸,1.310455921845368,-0.3506310264119883,-0.18184147979493,0.9549944779824754,-0.2929781747092083,-0.1766621884732484
35740,肾气虚证,青盐椒附丸,0.8324301457405312,-1.2702044441035143,1.0109025724741612,0.6066332939828246,-1.0613498279062976,0.982109587910982
36228,肾气虚证,养肾散,-0.5573397629631988,-0.1874165965373683,0.7893914047755982,-0.4061612352748192,-0.156600438146089,0.7669076015378821
36461,肾气虚证,保真丸,0.4037250124629659,-0.7699230421356458,1.3312674692767,0.2942145180912338,-0.6433276879679749,1.2933497067384845
38405,肾气虚证,独活散,-0.2334828922791143,-0.2089564200028699,1.297978137805218,-0.1701506087407662,-0.1745985549330109,1.2610085370713895
38522,肾气虚证,独活寄生汤,-0.423751582261921,-0.3735235494091962,1.2063752738758131,-0.3088088766286814,-0.3121065720756464,1.1720147473682054
38526,肾气虚证,独活续断汤,-0.1311535038283681,-0.3824243599914384,1.5065148112362607,-0.0955780883860391,-0.3195438581153411,1.4636055745944327
38639,肾气虚证,独活散,0.0328285247261387,-0.3611677928882266,1.4004570319850915,0.0239237805035254,-0.3017824229844828,1.360568581009394
38718,肾气虚证,祛风散,-0.90084503169216,0.6455036762263284,0.3368728433597012,-0.6564906277599127,0.5393660987851684,0.3272778785799889
38931,肾气虚证,栀子散,0.4003818471476275,1.020321322820512,-0.2521336318439522,0.2917781870694053,0.8525539848421636,-0.2449522476362008
39182,肾气虚证,胡黄连散,0.3938297128578968,0.2058878213904565,0.5832083354437296,0.2870033205810453,0.1720345136683804,0.5665971316969136
39978,肾气虚证,胜骏丸,-0.4584153066422364,-0.0649501052428899,1.00508001515448,-0.334070058494983,-0.0542706202470343,0.976452871303936
40289,肾气虚证,胡芦巴丸,0.62354521402885,-1.1076176153704247,1.052076257703262,0.4544084438425076,-0.9254964985491594,1.0221105456038284
40290,肾气虚证,胡芦巴丸,1.7164857853030313,-0.678849085447117,0.1850341460207594,1.250888655752311,-0.567228656267344,0.179763919734761
40438,肾气虚证,神效丸,-0.3065003992316102,0.8177255251897044,0.3823703742166547,-0.2233621016061544,0.6832702006858601,0.3714795281727165
40847,肾气虚证,贴脐散,1.103837570454146,-0.808853482730705,-0.3126758623617299,0.804421397774942,-0.6758569525424226,-0.3037700869453852
43355,肾气虚证,桂心汤,-0.466605847726439,0.1844695513302469,0.5444816486504738,-0.3400389135909158,0.15413796374842,0.5289734759230489
43748,肾气虚证,桃仁丸,1.5473286337311312,-0.7525238496019564,0.1172852712546574,1.12761541705007,-0.6287893747955838,0.1139446990801713
45542,肾气虚证,桑螵蛸散,0.5144873218382677,-0.7627181453215275,1.080496242084819,0.3749325277996759,-0.6373074634055076,1.049721059128485
45992,肾气虚证,秘精菟丝丸,-0.2202303048222569,-0.6566950268750564,1.1739659301507992,-0.1604927884132756,-0.5487173005859539,1.1405285012383366
46191,肾气虚证,烧肝散,1.4338359526738522,-0.6470279720871726,0.3686244168035764,1.044907649551487,-0.540639760798473,0.3581250893395466
46485,肾气虚证,秘真丸,0.0503969929728736,-0.5345137967972311,1.370039168542837,0.0367267980507436,-0.4466258395471735,1.3310170929196068
46590,肾气虚证,莲子丹,0.6565861873011349,-0.5165835671358341,0.5688673954670372,0.4784870461794445,-0.4316438055495871,0.5526646568627718
47503,肾气虚证,通经汤,-1.211533671879647,-0.4861873500592221,0.4497435695072028,-0.8829049090835582,-0.406245516389897,0.4369337696245925
48196,肾气虚证,起痿汤,-0.1400656531889215,-0.6931581607026258,1.454637480228051,-0.1020728153618983,-0.5791849477371406,1.413205837205599
48371,肾气虚证,续断丸,-0.1759268581044736,-0.5446911010050959,1.4115877007773676,-0.1282066609169047,-0.4551297304914308,1.3713822210558335
48522,肾气虚证,接真汤,1.4371894309808655,0.0870515763098519,-0.3351709666226398,1.047351496163834,0.0727380351756224,-0.3256244754663536
48579,肾气虚证,梅花饮子,-0.8838635637973999,-0.3096039071786725,-0.1953897522462345,-0.6441153865959859,-0.2586969799457122,-0.1898245728971899
49157,肾气虚证,羚羊角饮,0.0605203116492226,0.611335426581455,-0.1623487111114218,0.0441041644112666,0.5108159972256981,-0.1577246216490294
49169,肾气虚证,淋渫药丁香散,0.195901033451222,-0.8371453198386329,0.9607717332149822,0.1427628370083041,-0.6994968764814741,0.9334065979027908
49488,肾气虚证,减黄丹,0.1118983949933193,-0.2693401162255389,0.950768419205514,0.0815459318641099,-0.2250536024584572,0.9236882028100392
50288,肾气虚证,理中汤,1.2832181338834343,0.2549758313775317,-0.0854417477123307,0.935144945722379,0.2130511792877608,-0.0830081571864791
50442,肾气虚证,续断汤,-0.0485104651671429,-0.4303803982408112,1.4800326158833357,-0.0353519913082962,-0.3596146775643807,1.4378776571143297
50849,肾气虚证,鹿茸丸,0.3211582140680943,-0.3782324044558003,1.4291496595702409,0.2340439810915933,-0.3160411689954959,1.38844397219053
50856,肾气虚证,菟丝子丸,0.4691953469736126,-0.8807319862599248,1.51424970559445,0.3419260106237624,-0.7359167623667713,1.4711201601910089
51144,肾气虚证,鹿茸丸,0.4596939403316925,-0.6767332593952295,1.3566662881940337,0.3350018625277912,-0.565460726997001,1.3180251050009275
51174,肾气虚证,鹿茸天麻丸,-0.0578607653417008,-0.3550488158256357,1.436605246263129,-0.0421660205978941,-0.2966695647493448,1.3956872054891314
51181,肾气虚证,菟丝子汤,0.5399575816070648,-0.8376384817598062,0.4360111536861631,0.3934939742600251,-0.6999089497682563,0.4235924866857084
51332,肾气虚证,菖蒲散,0.0617780942721959,-0.5072861396453467,1.0830810629893597,0.0450207732337521,-0.4238751167272421,1.0522322579942358
51477,肾气虚证,猪肾粥,0.146013886221046,0.4921031893098776,0.8111595607268708,0.1064075889355357,0.4111886379478096,0.788055747019956
51970,肾气虚证,鹿茸丸,0.2308602052938453,-0.5553632600126575,1.454786587469321,0.1682393261507487,-0.4640471092477762,1.4133506975069432
53057,肾气虚证,黄耆丸,0.3338269689581031,-0.6361527225143901,1.6236310889869334,0.2432763335585384,-0.5315526848430293,1.5773860935200794
53265,肾气虚证,黄耆散,0.4668705730346995,-0.2808672397798225,1.1673626532120982,0.3402318321037453,-0.2346853673742446,1.1341133018217822
55815,肾气虚证,替灸膏,1.3677051375923688,-0.896172705757251,-0.2632810906923188,0.996714831941595,-0.7488186263598571,-0.2557821995167554
56382,肾气虚证,棘刺丸,-0.1945633148786762,-0.2047688879042345,1.3916403166914104,-0.1417879748793461,-0.1710995619221845,1.352002987390799
56856,肾气虚证,新加八味地黄汤,0.0966097404658578,1.1164855436632823,-0.0137143111555419,0.0704043280862834,0.9329063090022732,-0.0133236939386625
57396,肾气虚证,愈痛丸,-0.2908426133794627,-0.593843074469512,1.3262355410515771,-0.211951493452943,-0.4961998423304204,1.2884611001703183
57939,肾气虚证,葆真丸,0.1515900396368935,-0.5782773063442737,1.417799910934476,0.11047120956691,-0.4831934909531734,1.3774174922318505
58601,肾气虚证,凝真丹,0.2731381486019272,-0.0242670460650656,-0.2072697767931009,0.1990493684624492,-0.0202769131256894,-0.2013662252084898
59610,肾气虚证,磁石散,0.2346568453178356,-0.7555480666998846,1.3071533183717865,0.1710061267713237,-0.6313163320199406,1.2699223859927424
59652,肾气虚证,增损肾沥汤,0.2799360602469734,-0.7545995636939262,0.9393044466389427,0.2040033451469073,-0.6305237875545077,0.9125507522982432
59906,肾气虚证,增损肾沥汤,0.1481049957065886,-0.2319376411515173,1.46949194587444,0.1079314845342047,-0.1938010661700175,1.4276372112389115
59981,肾气虚证,磁石散,0.1491629126615372,-0.0636141623068677,1.2112266643273184,0.1087024412930687,-0.0531543410434604,1.176727958321326
60967,肾气虚证,豨莶杜术汤,-0.3810908404594531,-0.3170779753701768,1.3029139104064278,-0.2777198699945457,-0.2649421171168483,1.265803726763639
61208,肾气虚证,震灵丹,0.6377666983182517,-0.3257629726554429,0.6581009285152589,0.4647723475333452,-0.2721990751733835,0.6393566000391949
61248,肾气虚证,熟干地黄散,0.441071889278788,0.0052802098650955,1.2734707700611378,0.321431046731722,0.00441200615983,1.2371991992664484
61252,肾气虚证,薯蓣散,-0.3389316364649589,-0.2639028483073508,1.2607170247745765,-0.246996358932699,-0.2205103626705328,1.2248087119249724
61261,肾气虚证,熏草散,0.1964049453202034,-0.1764033110450023,1.2871179519391642,0.1431300626770541,-0.1473980229630313,1.2504576759340575
61424,肾气虚证,熟干地黄散,0.3767224006094778,-0.4855336832342694,1.2848360025527734,0.274536370370804,-0.4056993293761511,1.248240722062809
61452,肾气虚证,聚精丸,-0.7877441199381631,0.0984820698986786,0.8311265799320586,-0.5740683620588651,0.0822890586031523,0.8074540565478694
61885,肾气虚证,经进地仙丸,-0.0997679348855531,-0.8200821453635987,1.3228135874708524,-0.0727058616067371,-0.6852393312676448,1.2851366122201189
61971,肾气虚证,人参理中汤,1.1794992703318024,0.0121736947753177,0.1899276775035498,0.8595598456795296,0.0101720230272744,0.1845180714392424
62980,肾气虚证,起痿丹,-0.2757987247010219,-0.6708734618660412,1.506726616970411,-0.2009882627362144,-0.5605644324453319,1.4638113475818082
63000,肾气虚证,菟丝子丸,-0.5329280332205925,0.1441899002111283,0.7752278070510907,-0.3883711923488729,0.1204813339185859,0.7531474178136405
63752,肾气虚证,茴香煎丸,1.3545412799635006,-0.7847242385243447,0.5018027683396469,0.9871216734576274,-0.6556951830691593,0.4875101947959849
64603,肾气虚证,肾气丸,0.215605171677199,-0.6270557715924692,1.5981941722161015,0.1571222236046218,-0.5239515090321013,1.552673682524443
65259,肾气虚证,石斛饮,0.3424939115257389,-0.6908320975517119,1.3801022519419808,0.2495923661355274,-0.5772413498097502,1.340793555023228
65416,肾气虚证,加味寿胎丸,0.2447446020109961,-0.7042982784962355,1.13812535266554,0.1783575773440625,-0.5884933406954477,1.1057087513010209
65527,肾气虚证,羊肾羹,0.1151950933790771,-0.4393876567561953,1.4922294211781928,0.0839484001207599,-0.367140908731016,1.4497270674809934
65737,肾气虚证,未央丸,-0.643422612553982,-0.6593730202288379,0.9427223837389088,-0.4688940938454675,-0.5509549622461414,0.9158713381669068
65801,肾气虚证,杜仲散,0.4689254758336049,-0.731129289314314,1.0596157023203,0.3417293420871272,-0.6109126361454948,1.0294352483472338
65944,肾气虚证,天雄丸,-0.3264819016516956,-0.637641661822286,1.4952662183188317,-0.2379236173007103,-0.5327968038394114,1.45267736919114
66603,肾气虚证,大琥珀散,0.0603496369947353,-0.6977551707652705,1.2095338729138998,0.0439797852926333,-0.5830260898946261,1.175083381759034
66712,肾气虚证,小菟丝子丸,-0.2202303048222569,-0.6566950268750564,1.1739659301507992,-0.1604927884132756,-0.5487173005859539,1.1405285012383366
67646,肾气虚证,封髓丹,0.4520483499369422,-0.5660903075255637,1.125810650205356,0.3294301401324125,-0.4730103514129389,1.0937448017694484
67706,肾气虚证,锁阳丸,0.1846804966795305,-0.994432433147162,1.5713783262805197,0.1345858731911044,-0.8309219013401349,1.526621617648575
68011,肾气虚证,既济丸,-0.2396686514704359,-0.2668360010153827,1.4608337449008666,-0.1746584794530621,-0.2229612288569519,1.4192256170638222
68315,肾气虚证,多子锭,0.0844682263676702,-0.847957417571011,1.293366409879027,0.0615562022357112,-0.7085311844000428,1.2565281624670754
1474,风邪袭表证,二苓槐膏汤,-0.497074904445935,-0.3318771070643188,-0.6096856765487821,-0.3622432322798484,-0.2773078870129108,-0.5923203331900291
4617,风邪袭表证,大连翘饮,-1.2720839622087765,0.2145659288067501,-0.95041370484808,-0.9270309204515144,0.1792857147294318,-0.9233435915874628
4728,风邪袭表证,小柴胡汤,-0.2631250714244891,0.7733208734385615,-0.5500883759487115,-0.1917523405711181,0.6461668275138529,-0.5344205098769983
4859,风邪袭表证,干清散,-0.7076366003795004,1.272976260698854,-0.3879351819208723,-0.5156900239949137,1.063665885829184,-0.3768858365054937
4873,风邪袭表证,干葛防风汤,-0.6095979572964096,0.8514997927526893,0.389157184530121,-0.4442443834262458,0.711491101055119,0.3780730334833965
5894,风邪袭表证,川芎饮,0.0781378974527647,1.4819387838758296,0.1373713423945019,0.0569429763676984,1.23826954041589,0.1334586696516603
6974,风邪袭表证,不换金正气散,0.7668411789817404,0.778927533920339,-0.2002546279629374,0.5588353482243618,0.6508516073263368,-0.194550885022082
9735,风邪袭表证,天麻丸,-0.5683657306540609,0.0876751185586306,0.6828068930840817,-0.4141964069152042,0.0732590508762883,0.6633588781442397
11034,风邪袭表证,加味香苏饮,-0.3912341767249238,1.2641722140416674,0.385809044556911,-0.2851118241689395,1.0563094532109063,0.3748202567481373
11065,风邪袭表证,太乙保生丹,-0.7063654679800297,0.5701587107400139,0.189530281804969,-0.5147636865256079,0.4764098034236408,0.1841319945447939
11340,风邪袭表证,四物加荆防汤,-0.2589389245164945,0.1748161087949826,0.6842324629023676,-0.1887016868905817,0.1460717980055208,0.6647438442378053
11585,风邪袭表证,加味桂枝汤,-0.2141339978484335,-0.3222153650445621,1.4187281428438636,-0.1560501059857056,-0.2692347864364275,1.378319285819914
11690,风邪袭表证,加减三拗汤,-0.0442394973319537,1.314305723748157,0.1573910916261925,-0.0322395243948705,1.0981997112290758,0.1529082073255982
11799,风邪袭表证,加味荆防葛根汤,-0.6376858043061078,1.292957705048955,-0.6174645100875029,-0.4647133960389748,1.0803618615209292,-0.5998776064715119
14095,风邪袭表证,四季加减百解散,0.0045868226713232,0.9310586004622196,0.8469428685491442,0.0033426460589609,0.7779683734839178,0.8228198584747451
14798,风邪袭表证,加味小柴胡汤,0.2388795636629156,0.6023266931364317,0.3783732471111156,0.1740834318789598,0.5032885336461816,0.3675962490503368
15876,风邪袭表证,牛黄膏,-0.7694588056505438,0.7195852144740367,-0.1950593601177208,-0.5607429431098171,0.6012667071756012,-0.1895035911468028
17604,风邪袭表证,全蝎观音散,-0.4526436410833048,0.1519979467347451,0.286191207166274,-0.3298639584303738,0.1270055347057859,0.2780397796850992
18941,风邪袭表证,龙车散,0.3333459250496083,-0.1107374358043432,-0.6422213478014965,0.2429257729111931,-0.0925293239047636,-0.6239293087297835
19400,风邪袭表证,生犀丸,-0.8033195007839706,0.6884727982962822,0.4565960884838917,-0.585418917581003,0.5752699806570488,0.443591112054612
19763,风邪袭表证,白术汤,-0.2174368779368339,0.589726738166531,0.3400296968808106,-0.1584570791568588,0.492760338676458,0.3303448171704448
20987,风邪袭表证,芎苏饮,-0.0458874593020356,1.445388578349501,0.0509843339085593,-0.0334404763346634,1.2077291384157318,0.0495321750367105
21412,风邪袭表证,芎芷香苏散,-0.2177135940872675,1.3442639420937446,0.3107918934219711,-0.1586587359934051,1.123232020030286,0.3019397780615774
21961,风邪袭表证,红绵散,-0.4304530305091045,0.8166430785247527,0.1586749248408265,-0.3136925556321945,0.682365736379427,0.1541554738216015
22502,风邪袭表证,两治汤,0.2326681171826015,0.2230229534741777,1.0631065573880358,0.1695568415602023,0.1863521847902483,1.0328266753011093
22830,风邪袭表证,防风汤,-0.3520237031994173,0.6401999672088172,0.245875280491722,-0.2565371998174344,0.5349344573441928,0.2388721494794637
24367,风邪袭表证,红灵丹,0.0674374027937035,0.545735651724518,-0.4660435947940052,0.0491449931309221,0.4560025299304853,-0.4527695302144383
24887,风邪袭表证,早起避秽丹,1.0300967722394954,0.449675245452199,-0.2478509593342261,0.750682806554076,0.3757369505278784,-0.2407915561430626
28127,风邪袭表证,杏仁露,-0.1745164944930593,1.7040907637145677,-0.0513320053079369,-0.1271788587311192,1.4238939622681512,-0.0498699439019489
31158,风邪袭表证,杏仁丸,0.890820315094278,0.8255619105743712,-0.1756250868062004,0.6491851176433762,0.6898180806889832,-0.1706228536029139
31202,风邪袭表证,参苏饮,-0.3624684705127269,1.38138827673068,0.3946828350320972,-0.264148821804671,1.1542521493968276,0.3834412999070875
31674,风邪袭表证,参术散,0.9071931483654738,1.046670711986608,-0.0384547219012767,0.661116816453132,0.8745708497544965,-0.0373594371090193
32201,风邪袭表证,和解四物汤,-0.7822031785503529,0.6245027356125237,0.6251286893377611,-0.5700304021855321,0.5218182585065404,0.607323491099864
36176,风邪袭表证,养阴辟邪丹,-0.424895036804881,-0.007793041896143,0.6597074195665451,-0.3096421688868545,-0.0065116633103701,0.6409173342853249
36230,风邪袭表证,养津汤,-0.1186058719462054,1.049589158787364,-0.0922062877130615,-0.0864340042856384,0.877009428066921,-0.0895800264975495
37204,风邪袭表证,复正汤,0.8013470587090649,0.5479705671329747,0.4341937107882588,0.5839815008329274,0.457869967172704,0.421826809018924
37893,风邪袭表证,星风散,-0.7177356838020272,0.1762409710715342,0.5348365495745867,-0.5230497289193007,0.1472623758995192,0.5196030929240264
38764,风邪袭表证,神仙百解散,0.0187526528822975,1.0474823566647065,0.8217274466154038,0.0136659918518262,0.8752490389573604,0.7983226336000103
42445,风邪袭表证,柴胡羌活汤,0.0733989948540521,0.975179146701738,0.2591194673395496,0.0534895020935737,0.8148343554727421,0.2517391094037035
44882,风邪袭表证,桂枝瓜蒌首乌汤,-0.0577203491588726,0.7241881457134316,0.449532721833375,-0.0420636923341311,0.6051127969145206,0.4367289274096318
45281,风邪袭表证,消风散,-0.9756945355784798,-0.0968686949403807,0.0333552660419127,-0.7110371880062925,-0.0809409644106883,0.032405226259251
45499,风邪袭表证,消风百解散,-0.1869463372666285,1.100967893849162,0.4114816865985002,-0.1362371040433562,0.9199401640354676,0.3997616789806896
45913,风邪袭表证,秦艽鳖甲散,0.2809173176305511,0.2450951777379693,1.019582662510876,0.2047184362592253,0.2047951618500698,0.9905424476950104
46551,风邪袭表证,秘方洗心散,-1.3725660657206558,-0.1197026689034302,-0.1721019984077181,-1.000257232294784,-0.1000204397255491,-0.1672001114026058
46957,风邪袭表证,逐血补心汤,-0.6866261394272284,1.103654414495207,0.1932726011172657,-0.5003786549860033,0.9221849508794931,0.1877677234248141
48419,风邪袭表证,清热平喘汤,-0.0389180262851638,1.4960843845215277,0.1162940564340843,-0.0283615034864895,1.250089236749529,0.1129817164887018
49570,风邪袭表证,续命丹,-0.753763241071208,0.0049107191209618,0.8385689129685814,-0.5493048037170968,0.0041032692950523,0.8146844136867444
50090,风邪袭表证,清魂散,-0.6953996708747996,-0.5263957398425929,0.6926139756687943,-0.5067723641868724,-0.4398426020992682,0.6728866309644821
51799,风邪袭表证,麻杏石膏汤,-0.2007302784756241,1.4257135912994388,0.1616298598688964,-0.1462821483061873,1.1912892304807692,0.1570262450529168
52814,风邪袭表证,黄白茵陈汤,0.0427264429037931,0.4177794731961913,-1.0066561538864227,0.0311368862979359,0.3490856720254287,-0.9779841177392185
54872,风邪袭表证,滋阴退翳汤,-1.3029819844288075,-0.147667523116523,-0.2550702074598999,-0.949547847658923,-0.1233871452541529,-0.2478051823764787
55636,风邪袭表证,葱白粥,0.7403809632062517,0.1437768555362179,0.4193521912287479,0.539552471531926,0.1201362045209768,0.4074080123361837
56257,风邪袭表证,滋阴三宝散,-0.8459718684827371,0.1639857262455455,0.2345788167490315,-0.6165018215888239,0.1370222117689388,0.227897436729419
57754,风邪袭表证,解肌汤,-0.3172131133729027,1.2999650803377782,0.0900814788048698,-0.2311689897880419,1.0862170422293516,0.0875157373582842
57870,风邪袭表证,脾肾双益丹,0.6997057050453448,0.1434171413702805,0.7902916294363679,0.5099103856848284,0.1198356367109007,0.7677821855924581
58453,风邪袭表证,葛根汤,0.1053199933310004,0.9518589204202405,0.5325292545123917,0.0767519230334898,0.7953485803555937,0.517361515283982
58466,风邪袭表证,解毒防风汤,-1.252067022872471,0.0612085637079203,-0.8220606558914121,-0.9124435801117016,0.0511442853623796,-0.7986463522586222
58608,风邪袭表证,凝神辟秽丹,1.0988608776057318,0.4602840511900305,-0.2393990171240625,0.800794633906259,0.3846013929382383,-0.232580345975939
58672,风邪袭表证,蠲痹汤,-0.2051375569242681,-0.0076691421030194,1.206037156425249,-0.1494939515505569,-0.0064081358627062,1.1716862603318865
58989,风邪袭表证,越脾汤,-0.4967592678213343,0.9345674204500768,0.0319920676386762,-0.3620132121559222,0.7809002522909508,0.0310808550898644
59631,风邪袭表证,薏术定痉汤,0.510971692720602,0.8571631961918231,0.0152300456262254,0.3723705138181012,0.7162232938083344,0.0147962565741912
59715,风邪袭表证,雄鼠散,0.5479354983388433,0.0671373154760274,0.1729249920711447,0.3993078794037583,0.0560981962843499,0.1679996641880568
63460,风邪袭表证,黄耆汤,1.0994524232427745,0.3542041258355877,-0.148249636518093,0.8012257226650894,0.2959637637424807,-0.1440271232789436
67347,风邪袭表证,救苦丹,0.8586670993649521,0.7900712014666726,-0.4560990404527375,0.6257534684295321,0.6601629663657816,-0.4431082211704251
67497,风邪袭表证,珠珀保婴丹,-0.632438523498754,0.7221069877796213,0.4568128485876901,-0.4608894412520105,0.6033738354228102,0.4438016982990371
67940,风邪袭表证,清瘟解毒丸,-1.165283284852482,0.6974840450041306,-0.6081153016771927,-0.8491999492453846,0.5827995442536762,-0.590794686446221
68742,风邪袭表证,头痛丸,-1.4918479455665017,0.0396498121720277,-0.1005191341717637,-1.0871838771953926,0.0331303527716749,-0.0976561027013539
68887,风邪袭表证,存安曲,-0.1116073959603122,1.2291739229386147,0.1992602976804257,-0.0813338663798862,1.0270657905771674,0.1935848757046709
68921,风邪袭表证,小儿金丹,-0.6835429238399976,1.1413633551635254,0.1786329369963114,-0.4981317622739703,0.953693561855182,0.1735450328426778
68928,风邪袭表证,加味荆芥散,0.2800942908580662,-0.3808257557258178,0.2607199999898417,0.2041186556715288,-0.3182081059298698,0.2532940549587131
69023,风邪袭表证,加味当归散,-0.4271739379267898,-0.0251891252179608,0.4598345282784645,-0.3113029176011083,-0.0210473785061125,0.4467373131413678
