selected_formula_row_id,PC1,PC2,PC3,local_stability
0,0.22733532571693815,-0.3341870834275398,-0.5918547593130609,0.4251445098843442
1,-0.2670259081465777,0.36115277545741786,-0.38589382725441435,0.21629598629814437
2,0.13733461194837554,0.8221239592818512,0.6052177873851355,0.3403950339063428
3,0.5730357403085264,-0.4888792123514545,-0.39457895335654297,0.3003993294235902
4,0.2171460922327771,0.5686343240420946,0.036761001758839,0.3163719925906669
5,0.6525538099434789,-0.2837672314740295,-0.2627977454938051,0.24143207953714066
6,-0.851966316732817,-0.22792865426718928,-0.43275440499621287,0.39622212314070687
7,0.02045374724640095,-0.9974847438399042,-0.5082458685030018,0.43250072901413905
8,0.8601010753562262,-0.5053077551070568,-0.4020004102205622,0.4314408156467234
9,0.9897536980756778,-0.22054280909170987,-0.5318093321051962,0.43579175641903306
10,0.5084625524297706,-0.37500986555198057,0.21494834713838376,0.26532913830237653
11,-0.7068788674167185,-0.48977349599250825,0.6345886301080528,0.5291271200649844
12,-0.4308613919830792,0.3890723505207072,0.6840271315290449,0.3401920544673702
13,-0.2434871785466725,-0.5733324547724566,0.15010217928401987,0.41755746745735606
14,0.46044478576093395,0.6905165388959114,0.33884566036326047,0.2476119832055392
15,-0.349396584683518,-0.7062182164905288,-0.320300079336815,0.4303000025364743
16,-0.149550182611298,0.7327967060665879,-0.10389834018927681,0.4551022895998793
17,-0.4348461591926397,-0.7342750404582068,-0.3941394696782967,0.5426347306607179
18,0.18989177594320167,0.8873394005239836,0.09001761212860215,0.45077904234127186
19,0.12646969958825022,-0.701291736321535,1.2832914361625196,0.5009168458776987
20,0.3767994375327488,0.7116796400039306,0.47329643872823485,0.3868893705798909
21,0.16002343099515748,-0.7633566478508912,0.2385924291415759,0.21944233008504624
22,0.7589633965602303,0.02523941875164548,-0.5456051603915486,0.24264190569698385
23,0.8197129879332357,-0.0341214753033314,-0.6354926639869132,0.24694094013517073
24,-0.16127740284734168,0.13090309426521693,-0.1355365939858093,0.24683305288007687
25,0.6873202649799699,0.6175800786917223,-0.09538309841546225,0.3571140173508091
26,0.14124950308820564,0.4150859916011729,-0.7041743418172726,0.4061287812925435
27,-0.34624209250726956,0.6547280938031037,-0.18845921484643494,0.23164815992794788
28,-0.7580147893286753,-0.46781727250011945,-0.5334920955109673,0.3991775141002677
29,0.9182955074547509,0.12320895531221006,0.2506828295904333,0.2247241913790343
30,-0.5276534539073486,0.5685501615029264,-0.6390306043869184,0.39023010940820857
31,0.9922882814292511,0.15003620852747335,-0.2029972750118536,0.27496768925844084
32,-0.8132739583632802,-0.31303575550535573,-0.5686691586991204,0.31225848813611545
33,-0.1633572148398212,-0.0867210759518312,-0.0385057956230065,0.18814083546265045
34,-0.2041977357014147,0.9630371324014744,0.4736682470350712,0.15341391516025407
35,0.12909436317800166,-0.34455479955892987,0.7231582054766423,0.18926618888995383
36,-0.6742696677109938,-0.4837908918000654,-0.411699854422003,0.4154454969310982
37,-0.6540112636644548,0.4326933135708342,-0.17172704976187939,0.29343834552417797
38,0.08089661227596015,-0.2208946132902571,0.1860358939600759,0.17198508388455705
39,0.863150805748877,-0.41371758224949085,0.11084011368162444,0.30278795655394214
40,0.6628524769256137,0.48267120516474926,0.21433960791437437,0.30572668757943616
41,0.5210970931224543,0.47375236842501567,-0.2983784870796631,0.4282378075011864
42,-0.4917173877436465,0.5119752313323988,0.4278941843463835,0.5872597468732739
43,-0.12539322190282545,0.8750148266591669,0.1577676461676396,0.3971195362358383
44,-0.22860769528426986,0.32219852069353355,-0.6692763733020681,0.40055218702481094
45,-0.105126422401406,0.22389285338155357,0.8183274259801419,0.490083790473112
46,0.8876621028436957,-0.013803386738854756,-0.3206107120469254,0.12190712995833002
47,0.5411656215134251,-0.954586251467493,0.5526857888530673,0.3193078886467329
48,-0.38543861463690376,0.47845512028821363,-0.5804561892295794,0.22609868993558707
49,-0.7117593480825677,-0.48468255637945745,-0.3093173535336533,0.1969899755824605
50,-0.2512116772096231,0.2478186553143103,-0.38974066238129923,0.26805139584226007
51,0.7044564382530162,0.20722456575076234,0.13237095644071428,0.2765254432440922
52,-0.46110491153180133,-0.7096912685369755,0.8014494610584652,0.5718058512461315
53,0.27614077674982623,-0.5454585747801789,-0.15595307863523494,0.17562119128410536
54,0.6840933481506399,0.2641180392958975,0.4731264978801409,0.23352304030016877
55,0.448818008072414,-0.7062082690928714,-0.6707022260484857,0.495784899171378
56,0.9313162321875916,0.18359753516581356,-0.027313197747279847,0.3731132031428658
57,-0.2999976097565113,0.2487648228187157,0.9733587235256405,0.5829694513752487
58,-0.6012834836488069,0.051885796168806356,0.4426036266142826,0.28944422655408736
59,0.9516805779939204,-0.42688449922961813,-0.48542349225433157,0.1845758101708699
60,0.8195254474464213,-0.6738016621874836,-0.6807398563527187,0.5220114289794506
61,0.5008421257393645,-0.8593889507530281,-0.6006522608674961,0.5531535114277079
62,0.19003875388786318,0.26978791430470533,0.6053398418497432,0.21791946868175355
63,0.8289913624090484,0.4447867300607184,-0.05796271570985934,0.26933873017502613
64,0.24298503740620903,1.217169923562182,0.44003245704878236,0.49525971665219237
65,0.9701341389224936,-0.5532300106792238,-0.5312588859691398,0.39562042666726893
66,-0.06767896232150145,0.7198806523820693,-0.3960094195299917,0.2960694834494336
67,-0.5958221848301489,0.20729249136679206,0.22140496897035833,0.18654986084699107
68,-0.9474538784894939,0.034547290029197,-0.3365056496324151,0.5376664943881336
69,-0.9298900609159613,0.3132761582938707,-0.3122221310997771,0.4301308353663548
70,-0.11565749374929296,-0.21967287768745314,0.6284168679665727,0.1589614810560913
71,0.5590523532718192,0.2941093047252556,0.08311092328960268,0.17412503555511893
72,-0.11317884980381826,0.4080285647960137,-0.23150072280320474,0.1919974467710686
73,0.40204078328168974,0.19315718263306256,0.6471228238683708,0.31359494790976405
74,1.0643331281248716,-0.07333973903770336,-0.5572995832627072,0.4066973403878607
75,-0.5095300990585194,-0.5319748772554087,-0.49331026233599296,0.2760939242970839
76,0.43118859373604196,-0.2246404066113377,0.9171428787818586,0.2695114085820535
77,0.646206843300153,0.5243253284567748,0.6482436393628841,0.4267378089896937
78,-0.42204764999961997,0.698359293858668,0.3561140356643202,0.6081362357757498
79,0.1432242269792841,0.5887529483960741,0.0186496904609476,0.3352807729754289
80,-0.3605547534838349,-0.3494444113983779,0.729999444410564,0.5160325720106047
81,-0.4138331431602742,0.2606044988226562,0.19497986652401825,0.2953697619815384
82,-0.3836893970010484,0.26129147365987015,1.1164012431864698,0.33115128801323335
83,0.33154890641954415,-0.007473737988769158,0.02364959974670095,0.3002288520816006
84,0.5431736904026656,-0.15836218666264,0.6741333723244455,0.16708674382032343
85,0.1333677164902457,0.0820796516839383,1.2101366416545916,0.2921267445288325
86,0.2459848921190588,0.28753209798574514,-0.831200342781161,0.31372391952302825
87,0.458361572903583,-0.38916941949354494,-0.046385331172845906,0.1957680557350986
88,0.3882851853479616,0.010052160123990392,-0.06984708743118222,0.1765735211588935
89,0.055713216162936646,-0.7039124600800859,-0.026811047763113847,0.22739648358382314
90,0.9656264260914131,-0.15790684768277763,-0.0931154400678102,0.3779128996253325
91,-0.1906805480332647,0.0575701861936265,0.5244836903979846,0.15862340382347506
92,0.2667496918293217,0.6404024812788717,0.5767176036110714,0.37483143968810667
93,1.0725582974328676,-0.6963302262028155,0.2908826996401555,0.4256409210110855
94,1.0409032344620681,0.197439631761945,0.1559159522048394,0.34321698980169785
95,0.42377142310801486,0.09155076416412465,0.567056734159385,0.22292010838943888
96,0.8229013744781255,0.5047116919294471,-0.1646469864981593,0.2416815532429602
97,0.5979761577067233,0.6501235819355058,0.17967084830141955,0.45846595454925715
98,0.17145494121157584,1.2578229986755103,0.09451396550066546,0.4117472601417725
99,0.40406447136570917,0.25310632675141304,0.0823767242842491,0.13649390770300246
100,0.4669206713433929,0.7728654785964992,0.3668668460679839,0.23987485852366486
101,0.8700896936115401,-0.18503918695461505,0.1434332408990014,0.17975483259946784
102,0.2655514087951928,0.49194777047087557,0.5265425364189441,0.2453460080863805
103,-0.4538312794312498,-0.6636557446926604,-0.40285278502063054,0.4788610901728631
104,-0.48583122039113413,0.5053060426436627,0.9621311822960155,0.37631732820279273
105,0.06822785915804165,0.18655760054464396,0.4038795798613468,0.19769620178089164
106,1.1092851706980822,-0.2537123310308591,-0.09622612625693634,0.37125859164674996
107,0.509965261060301,0.5668574669876092,0.0948172859642565,0.23606599603458855
108,-0.6726947505957159,-0.293361125061252,0.2678772558245187,0.4918848776033626
109,0.9012476299964762,0.2655968521699354,-0.08576883658724299,0.324834876470681
110,0.7623079089632259,-0.47922458297612947,-0.7838325565348989,0.4507312143858925
111,0.544229957725735,0.7553189238940471,0.4545477821327524,0.4621964470388643
112,0.737902773927136,0.11509777171241155,0.0983237589768247,0.28875760454130034
113,0.2425547990857153,-1.1153520882660044,0.3360160258444606,0.3263850953575193
114,0.0691723027396486,0.6693236207782048,-0.07934876892289297,0.1816663572225212
115,0.29434277831989675,-0.4196383362934606,0.23433906843307556,0.22195318236126102
116,0.1211374629030355,-0.5935699316409796,1.3573763766876028,0.5466302923574288
117,0.8433670357665242,0.26483408823588517,-0.0934210142576231,0.20724862875727668
118,0.012226078922315198,0.8236538438582928,0.2061789712394013,0.5539569707752284
119,-0.8097540880047999,-0.7243856147232365,-0.38254223256860753,0.5322982458031601
120,-0.8451529111458376,0.37378462317671124,-0.03214294010581976,0.3763410442239497
121,0.10779880549509266,0.17286330779731424,-0.7562970806233746,0.29590682560103915
122,-0.6803168735879526,0.2823699022671957,-0.11539890021551559,0.40662203449745155
123,0.07911780298511664,0.5188458485278783,-0.7408955819109801,0.35334926497947144
124,0.8140086993848041,-0.6486453230937423,-0.5196852458675422,0.5215440246406483
125,0.07647465080690544,0.05335570045570165,0.6585400172193161,0.4233101779227103
126,0.6428044143060809,0.208519965610713,-0.19557086560212408,0.26033516064514084
127,0.9629971582538357,0.21565613740080997,-0.40566145070110243,0.24814653595543032
128,0.6370770824886246,-0.9402172229595608,-0.1783025680157617,0.48908908636195525
129,-0.4756560089344437,0.5613909942255231,-0.5798452951889628,0.26958598937830536
130,0.49993478600656727,-0.23812042737646733,0.4030385090172504,0.29292918592139955
131,-0.2845974602781736,0.5403344310055802,0.002189060528784356,0.18391397341756124
132,0.05781167370687,0.5752082317712427,0.7089920030728674,0.3515751402397421
133,0.7776533823101934,0.1653926893880003,-0.025833524040490503,0.2096901857029209
134,-1.1831994301307045,-0.12516049622454706,-0.2088421479415411,0.7490950917037874
135,0.3868111651467692,-0.1829713118562554,0.8895570437464791,0.30423410734577094
136,0.5187371847976548,-0.4245957352408698,0.7185454849428198,0.22915251243284945
137,0.5252174763588947,0.6708617906554801,0.06816180183023475,0.4342781260999034
138,0.4775294972018179,0.34447126030607056,-0.4486409847192558,0.23712459463538613
139,0.21844781112626394,-0.5485181676500656,1.1527549916715278,0.3320341990723024
140,0.29197134836058486,-0.08732326181565744,0.623699614099899,0.2612327066982566
141,0.6548433988469333,-0.6219292824138722,0.059569361102104035,0.22425037431362532
142,1.1641793043906787,-0.23550936770361525,-0.33363823870575127,0.4254394422587839
143,-0.09730460392839271,0.2385009782950805,1.1050920308749472,0.542763867015075
144,1.0876658699555537,-0.06384386194442454,-0.4622645124567051,0.34013910661921887
145,-0.42162126140308614,0.0533681409985948,-0.5763362363964661,0.19134933598797232
146,0.2803991993014761,0.29571417253340676,0.3939100346969276,0.31782055594301906
147,0.8647954695082587,-0.420423790367484,-0.30449817330897483,0.24977436913575118
148,-0.1989138270959544,0.6499572715199861,-0.053952220495417355,0.20065591882551664
149,-0.674609126346178,0.8560977472090749,-0.47778589668715526,0.3831258240836784
150,0.5990512826189756,0.4003649511325905,0.05142976391518385,0.5271507890065279
151,0.7722273974114654,0.33618862260474847,0.25771222993648135,0.31636297791539286
152,0.722210902528404,0.37741964152197904,-0.05683134514645716,0.2786951769056068
153,-0.12909252092812384,0.5376705053212534,0.4713537125949977,0.2386100412962044
154,-0.9180519890075235,0.1903687256033776,-0.6656909280270906,0.34085324656147725
155,0.4179624264738522,-0.4262220906871254,-0.014052230267687295,0.20713447592931467
156,-0.5789279438519688,0.2441455157710575,-0.5452814716122906,0.21873463407302746
157,-0.32513420335993326,0.24314973089896924,0.9311257875395477,0.3371241126105281
158,1.1399602999281937,-0.39410933494519784,-0.24895125428978065,0.4949323303346291
159,-0.14630763006476893,0.9722252036433767,0.12038356329065165,0.4148317918974526
160,0.06493031448885195,-0.0883651320996781,0.920909187352388,0.24353358591182758
161,-0.6871889227525074,-0.5786448561956347,-0.4992201683373819,0.34884719593473684
162,-0.07826521855362065,0.8331956898908097,0.25129477631194985,0.3528187554377877
163,0.6031935415400635,0.20797481359206374,0.6374335532273048,0.3117762686797272
164,-0.6186418063719926,-0.2659216189639002,-0.1812145023990103,0.32433448526093217
165,-0.3329628125477429,-0.6386825384489585,-0.48940290158985045,0.5824734220869489
166,0.44495389308429856,-0.17064561103942544,-0.6445311376227814,0.14231966198909174
167,-0.15746403096610007,-0.7708371916224881,0.8430806026884989,0.27581132429184363
168,-0.060495707860695705,0.6216665703825729,0.21986534897205495,0.323935678906707
169,-0.7036230253366911,0.23419261556571805,0.06407609998371669,0.24304084709873272
170,0.6529263354494148,0.8134954858205765,0.16762720384045116,0.5128677066974584
171,0.16785653428132374,0.40446908371473,-0.5164036226692019,0.14871691647383248
172,-0.2366738693404789,-0.11826615007857935,1.1630524434037772,0.6138141757798597
173,-0.059513706063717295,0.6231388104191713,-0.19923443534281315,0.34724207610442864
174,-0.6726003965601202,0.8449415014949553,-0.3705494912343756,0.29477632882105537
175,0.47541553061257535,0.39734182365968634,-0.47674507787606124,0.23776975126431554
176,0.4106020406511023,0.7786255255059082,0.7750366375342996,0.320417251098136
177,-0.0422969914985538,-0.24769441357673216,1.1045228201719772,0.3441704785989285
178,-0.008617496934815595,-0.452825902056462,-0.008437060788323195,0.34300568873194953
179,-0.2546468261036178,0.03956195261926055,-0.06408013408300414,0.23760541418396555
180,0.5450967239014326,1.0771072403506339,0.3748228740748913,0.47050010299052425
181,-0.660956341927305,-0.022382280607374502,0.09517450510291656,0.27785997920788214
182,0.9854999899213236,-0.113331192586202,-0.12233100176053455,0.40837670923445224
183,0.09025826250447065,-0.5580464398918549,0.38137914027875885,0.2059777208482741
184,0.47376890619263623,0.0399105994634248,-0.339443696153959,0.2812982862409604
185,-0.568147417000447,0.9200625613244474,-0.4977882397146294,0.45612613581962236
186,-0.17252084936696546,-0.7172448438356782,-0.4672605218776481,0.38329713462889753
187,0.7882227085688467,-0.03087759744810715,0.24041597625400568,0.36996784551605805
188,0.5340568611388596,0.0700926629052576,0.426158264087654,0.1545604419940005
189,1.1492193321571573,-0.0901470446986691,-0.2735911936191881,0.30934366235390615
190,0.4219739531201655,0.34457536171130293,0.14613242070091195,0.22683565989417803
191,0.848449838977998,0.1916972194480035,-0.4135467230085976,0.3957978935880308
192,0.44691600761485306,0.11151323641025565,0.5579448695893685,0.2667964804896181
193,0.5597725765932597,0.14130260429418334,0.49145939497497326,0.22097640357052542
194,0.4441587901534746,0.8071316696482838,-0.12118829191629805,0.3408398925251347
195,0.3974119721238128,0.5234188686973225,0.5631716492714798,0.40077076349724966
196,-0.26657077466910273,-0.3802471389395591,-0.7146151842310267,0.22982777416680011
197,0.10122088570527552,-0.041427558718732896,0.18141335311450268,0.2595924817364532
198,1.0544633831770696,0.01979166346629084,-0.20665339827154594,0.4245926110034379
199,0.03175627518774155,0.7901234580337425,0.09140097613051006,0.2929085507080666
200,-0.7584484257603039,-0.35730334662188135,-0.3614180284306927,0.42164594063246863
201,-0.4292922246701106,0.7022076775878685,-0.2322632594131856,0.266752994504963
202,0.06927192191988758,0.804240829972582,0.566423359376329,0.3091315797434434
203,-0.4036761724557373,0.1349320295577225,1.100716608636867,0.3316966533732439
204,-0.47548421982177147,0.22123025611552155,1.1468704347914063,0.5084166590428514
205,-0.10188634821794129,0.6925974589360092,-0.3195859165934217,0.3706160922759612
206,0.462233084428577,-0.26970614102972135,-0.2290743003939259,0.22822167222263195
207,-0.4841068745054977,0.9093437492744065,0.3058240354998476,0.1793736119895446
208,-0.46401239489950674,0.7453473754660104,-0.1691285811427067,0.29273396732992374
209,-0.21432737006135213,1.036965587393328,0.15406770594861063,0.27009042880381406
210,-0.0671537090685948,0.15512558677684116,0.26383583722552084,0.15696380779106564
211,0.49061726440928544,-0.3222428369796799,-0.0705545737755795,0.17982757305132463
212,0.19713745761586102,0.5891350543825489,0.5102165436673797,0.2110891170828768
213,0.34645491642794524,-0.7732406088129713,0.31217166600133467,0.26149583937758164
214,-0.3580024525880885,0.6208273122197006,-0.13680728580656631,0.1870152362978355
215,0.25743464308763053,0.7847318677702251,-0.16567160532735095,0.2759941637405342
216,0.2948011818597482,-0.9191794590620264,0.44426659396715784,0.41803543458468667
217,-0.2794529272386751,0.20924510256875045,0.9850170867772483,0.3073213181179913
218,0.01800931985676605,-0.2636497749949016,-0.3026279832482155,0.3570344792282748
219,-0.38281476615322696,0.11072127875282695,1.3235481580458082,0.5657422869083706
220,-0.20759439286328363,0.1691643868658289,1.0234464959177743,0.35076804583300547
221,0.46482230191903506,0.7636863977874166,-0.39035117491340177,0.16974325142922436
222,-0.6554023413150943,-0.5287296206153194,-0.4445383269387796,0.3668086817970131
223,-0.21816284894112759,0.5413260228606812,-0.13992372288329324,0.2056014011901817
224,1.069814077608893,-0.3883364949269027,0.0160611551930854,0.42680807503697127
225,0.010770288458329294,-0.12192155114531315,-0.10620083591624015,0.2513719701924461
226,0.39619999751062196,-0.8862990790120033,0.7306790947633802,0.17567754592677748
227,0.75941260812685,0.17554394573928775,-0.20549865677917178,0.3390172824093594
228,0.1982261749726526,-1.045922073144449,0.45003640156421887,0.30349424826076443
229,0.02795530751363679,-0.7749971429562931,1.1238349507127738,0.39030129975566824
230,1.1084124344211363,0.0442840326538564,-0.30894312194125545,0.3767947152386653
231,-0.2993529710010593,0.437917157971575,0.5435328344030925,0.22293991106467825
232,0.7958324507607087,-0.40573463193797615,0.325196578620342,0.14777235445361134
233,0.6825969676071338,-0.959316856044132,0.28822937857462877,0.3092706643423853
234,0.5891285117165439,0.9663409527713173,0.4337650634397791,0.4952781743586342
235,1.1408626884423358,-0.42680056334001676,-0.3113163168478512,0.32276064100567725
236,0.4845330868628803,1.0303161927667661,0.27973542356290404,0.4530417928885361
237,-0.27104910099858204,0.632494274957857,-0.7148158294495295,0.31643561158090744
238,0.2650927849564023,0.8414287857743047,-0.35719596555028976,0.22882339325790418
239,-0.8373040124257414,0.53382205863384,-0.06879282397745401,0.2620797692929401
240,1.1302984731190682,-0.1964660081808406,-0.11828561264700156,0.40852045970572726
241,-0.4878876669273905,0.812385582891564,-0.31929491744184013,0.31974566589161485
242,0.1957814350338979,0.4042543836166813,0.09458381688359994,0.18396399941269
243,-0.7089249158430515,-0.4069783588445888,0.12657316448765016,0.3774142335506813
244,-0.6347296651136692,-0.2136487777368073,-0.05294431739111935,0.33199941744504696
245,-0.1327032177854383,0.5354319505073903,-0.09791117871379185,0.292071591616838
246,0.238271752620153,0.36092992856660416,0.008931806681327557,0.20795670904351454
247,-0.7899006594979189,0.8161622446244893,-0.5675624731495721,0.4380720047151884
248,0.33457295546337507,1.115386740466452,0.3497593755152131,0.548115438956685
249,0.2096772862871731,-0.2853879773435049,0.9057650797174757,0.21875199672279946
250,0.48118048948882164,-0.3664533785114754,0.42547403563266906,0.20614301067927832
251,-0.353639652399116,0.17739021107571962,1.1127757253875719,0.4158259384819759
252,0.8112080610025386,-0.11124275533546929,-0.6501484124639454,0.39534032929904883
253,0.4289412664303079,1.1549727494189082,0.37761117850466863,0.42483318592081415
254,-0.0347612683733446,0.8164509961726947,0.42410326141172505,0.41567492615920004
255,0.4625135470078833,-1.2420236099342823,0.5297862348449982,0.3983844795166017
256,0.4463781918149471,-0.31763097159280096,-0.9748457589337567,0.5138464082473801
257,0.0307521085637577,-0.4035613710868386,1.1775454149148126,0.4525061119227477
258,0.8944540733439055,0.0026484379639233058,-0.3502350177226248,0.22728752938962427
259,-0.35266169584140594,-0.4976492284672461,-0.6311240806421958,0.18409639762203261
260,-0.826170897122268,0.5801895233604939,-0.6522522764895633,0.4321984163956727
261,0.2995706704126298,0.876000550808814,0.10090279892167045,0.3475200157545101
262,-0.5704427116464228,0.4146796215193993,0.10447245398314954,0.30405001097128165
263,0.2961616820176475,0.5769395952209981,-0.1230187203119259,0.18615116675460058
264,0.9254764597916434,0.1303654689009344,-0.1048518147455697,0.4632103614627407
265,0.3199995638081007,-0.3358842826029988,1.0309969167894888,0.2669329367508899
266,-0.1633510905293155,-0.6309712906015628,1.270367397220617,0.5524042374417188
267,-0.47293584575461367,0.6561057202371722,-0.5170904227741705,0.39272576350440636
268,0.207490973526346,0.38722217233133605,0.04043865905465806,0.1896992664861102
269,-0.6787312499442368,0.5796685315560919,-0.6586357899862889,0.3383490905428861
270,-0.6422658054299943,0.3579940989518767,-0.6712693737794907,0.34991858737516596
271,0.45042116200420484,0.8079001124131485,0.4233510820514035,0.47113300982516926
272,-0.4327156261231804,-0.09413876853936795,-0.2018470762967856,0.18449343495771636
273,0.7883148816449457,-0.44725207294953034,-0.5694824218115256,0.15422599609983595
274,1.103862468253546,-0.3444329691209104,-0.18713554279703165,0.39972311099365837
275,0.7091036223424101,0.6197772699596297,-0.08191714075929005,0.35563295404476963
276,-0.4506847276548859,0.194878296485738,-0.419505264280556,0.28645854292324235
277,0.6046287891279829,0.6893493439930487,0.12681298497856852,0.42102895484656205
278,0.44899311819159243,-0.28431019884268705,1.0763838825708882,0.4196849993630731
279,0.3885481561915072,-0.8409696944849462,-0.718813812597705,0.5990155988223625
280,0.2659287368179999,0.2844897808495118,0.7536175343799931,0.2682848468008221
281,0.23663237603530857,-0.6433082798259875,-0.8672256548254524,0.3255178822384215
282,-0.030099576221945902,-0.07622321889830276,0.3723389569195499,0.12175402629645446
283,-0.06501337682695285,0.5387433006795105,-0.4417819703145681,0.15595368887588992
284,0.6062928171641071,-0.8337636485221265,-0.0435129465055544,0.25077397839617305
285,0.5298867123720875,0.8439985889301631,-0.07213916938870629,0.5130384529618246
286,0.02631876314702765,-0.727868790450337,1.0293731600338916,0.33708377912322735
287,0.682076775722352,-0.17697734370636203,0.05914076454645335,0.16837694552665092
288,0.6792921971327432,-0.6807260331052416,-0.6582478664772199,0.48336266543163087
289,-0.1024409094909519,0.6911147678360492,0.6788977636875222,0.3906777590957543
290,-0.6166679278780928,0.6654355733748004,0.2217854742583206,0.24246089157864767
291,0.1071559071012592,0.7017719815704689,-0.08795057073956303,0.27028106175197725
292,0.15000396538090285,-0.4937618232376145,-0.5665805267541748,0.33706385890984614
293,-0.8598101265474212,0.15503533303056305,-0.06652407055906709,0.2526633803073856
294,0.24422290265221197,-0.9823015397211676,0.923179756468703,0.41040570375059987
295,-0.0583151173648105,-0.44677773318097785,1.2870802396054333,0.4485259374263891
296,0.01633364902171295,-0.888063671806592,0.01956357997642105,0.25555490598966646
297,-0.01895783621500865,-0.9175192761679138,-0.5157139400554606,0.505874550481924
298,0.6358274587867498,0.9862147200432105,0.32694320231238244,0.5003339133755647
299,0.3603580430536826,-1.2596036584060621,0.3427907127375971,0.2121396896255671
300,0.49307110269422294,0.281975487950075,-0.4943409005217397,0.306438096337549
301,0.014173218632487758,0.5600667689477401,-0.064504809578927,0.211833064155543
302,-0.27104233231367963,0.6332384284441378,0.43630099998750915,0.20742488790009764
303,-0.23007955104838612,0.2967336045103063,0.19410453056338178,0.19193048941043211
304,-0.0632964013176961,0.25001884968897886,0.156074363017842,0.20746369618035684
305,0.9660791844709514,0.29203476864795824,-0.22758027772802467,0.30993031026474144
306,-0.024743728997938343,0.3840805071349535,0.7136228947159149,0.4230524523838082
307,0.24688734672288254,-0.8721680073660102,0.7895369848766068,0.4544894639913796
308,0.30308076500568976,1.1861642628129658,0.24924964340257885,0.46688311263023896
309,-0.4189532209522355,0.5151347262947092,0.5104362925714754,0.6237009009955876
310,0.42901819481982467,-0.5641895245692915,-0.6750927955875686,0.3379472487835746
311,0.1906728898913959,-0.3910849608996758,1.168660844639503,0.27070915368915316
312,-0.3335438730293847,0.7008461180897632,0.7039781616613786,0.36867568673591333
313,1.0669753935998532,-0.26656059131159526,-0.18229147267429724,0.3310328907381551
314,-0.4157204662010208,1.1094657471812726,-0.2264068352534892,0.3814730739078779
315,0.6782255537296445,-0.568169025072932,-0.17883819890452232,0.35660156256934084
316,0.5235010777574846,0.2129571439918297,0.22651514834661834,0.23886295050442577
317,-0.0196603530092229,0.882797620219841,0.1916295435332583,0.3170487915044322
318,-0.6809081118805785,0.6577172238409759,-0.6910932061472495,0.40550709428722026
319,-0.36639938897886265,6.75352751089986e-05,0.9188910355729277,0.2685007979256491
320,0.3065167014683915,0.6698252718195664,-0.31069959420493654,0.19230792147666873
321,-0.545054580714392,0.3144447005024921,0.49652729755589825,0.3147862730819829
322,-0.5433173032810332,-0.5871511907236462,-0.36652246398432453,0.30740481806117553
323,-0.22744936897021145,0.12408220146638241,1.2272452355379873,0.2202240755487052
324,0.036504699031444654,-0.542424517761494,1.0899364214648333,0.534489542573189
325,-0.5718289206905094,0.3694036948110194,-0.23532182730030843,0.0650517235157203
326,0.29106836503930733,0.24871427996530143,0.8401410371978715,0.30091229628507793
327,0.6070019814788072,0.3307287100884593,0.1180621899572151,0.3403314709217419
328,0.0855405414485294,0.3416354083336225,-0.19430771210700595,0.1886574086813775
329,-0.0011813929898454503,0.8171264118819979,0.7680984954378082,0.4540482726020065
330,-0.5651864450503399,0.2504252953206081,-0.2917469930488018,0.27305042380143973
331,0.6318898796099343,-0.8637312038884604,-0.6423416743905657,0.5286657715776489
332,-0.3780922618565715,0.49645627106361456,0.7247258098309488,0.4684804697763274
333,0.5257139861077287,0.4920155386913727,-0.2436245476368769,0.5511441457401812
334,-0.6009336048738056,0.8960090738398603,-0.058490808272981004,0.22810509029091539
335,-0.059513706063717295,0.6231388104191713,-0.19923443534281315,0.34724207610442864
336,-0.055279384215999594,0.382867988614536,0.5943179195792487,0.2884225572317643
337,0.10525243339454335,-0.4714320560757219,0.8433216312897118,0.24868253595125142
338,-0.22265919710068968,-0.36498403455267603,1.0833825008318299,0.4064713107322542
339,0.7612934543787884,-0.4530860579843128,0.185169000641556,0.3389257363871859
340,0.9197389942229908,-0.6621189850793568,0.48210128785405193,0.45323245799824713
341,0.1271629693344978,0.46076985605083076,0.4605881075261682,0.30870617069734474
342,1.1838100106701792,-0.16547959375734564,-0.32979537409340154,0.4737992333542945
343,0.14780238590359956,-1.0609304045306946,0.7119547134133477,0.4374894155191101
344,0.16307490174942685,1.1308560267051615,-0.06027205739515824,0.051214557278283605
345,-0.3028180309835037,0.33466821953518805,0.6997853265721359,0.5255298076450939
346,-0.7415256560695167,-0.3859688505930588,-0.4324284271658705,0.2501241671129056
347,0.43800586281566495,-1.1594773340107973,0.7977604432868942,0.3816555547967357
348,-0.4027696643514349,0.9724982156383266,-0.35032247501698555,0.49354940220840604
349,-1.0012475308619537,0.11838350733556355,-0.25726422590142123,0.4962012983468922
350,-0.8149412908834902,-0.24529673187945525,-0.6367073588357739,0.40967770310867585
351,0.9391407658450288,-0.45530004650345446,-0.055995756721007206,0.374009673385523
352,1.2138682147513713,-0.4688904456076548,-0.03298127680556535,0.3774438578628419
353,-0.574791875331068,-0.2923230668970299,0.5962826884266312,0.5030353687625053
354,0.5290088431298618,0.60264085024009,-0.08524171899032384,0.30964847371966403
355,-0.1798136997962124,-0.0071571998332463985,-0.494661282893876,0.2951701797302938
356,0.5812571204747707,0.7414424552615161,0.005621817618470151,0.3829590560934755
357,0.36686272170747536,-0.018425640230882334,-0.3374112166103042,0.2010854421670361
358,-0.5690158574480813,-0.22133673104538487,0.1825977745562759,0.31286934618741213
359,-0.4691177346924456,-0.7364581039031121,-0.544081641465533,0.6725191716496067
360,0.2825503468441571,-0.5877428468263445,0.04778103061670827,0.3783627444837795
361,-0.45196810115422326,0.6414092082883833,-0.4150747069972222,0.32747607352796854
362,0.7158296133103739,-0.2845359544029423,-0.27131175089743514,0.27676111563473704
363,-0.45881415504396994,0.15500991679996595,0.9002142156176474,0.47539427138960694
364,0.05570948209591969,0.293855671268274,0.007543158080002776,0.22274470283214085
365,-0.6672599317095319,0.08331242700939576,-0.44132011893344236,0.37836123745594685
366,0.3710530939168524,-0.35653161743829676,0.7500052139496921,0.31127320267614145
367,-0.17041135209244884,0.9809006439315662,-0.41398254703109794,0.31078532414039556
368,0.5627322708095204,0.44089911077316263,0.05907726457378065,0.25924439303029906
369,-0.07242095205931594,0.06848989160560014,0.14281186243922073,0.17543351947454192
370,0.011861379536189251,-0.4127987197220732,0.9131705556137395,0.25017100151890437
371,0.7050338197423758,0.7816216061304981,0.016407381234562698,0.46000076560946634
372,0.0695629877625041,-0.20408426202573646,0.473622529598137,0.2531812659896151
373,-0.6397904384312381,0.18322099783328044,-0.4315476794363124,0.3087010195365885
374,-0.34980202835842156,0.6346716217970199,0.2152298580319213,0.18936098624331502
375,-0.46483247973001923,-0.4202653371369496,0.4503579708517321,0.5323625490075599
376,-0.018885479028477297,-1.0612263584984698,0.5275848741991218,0.3295660170738507
377,-0.5332492231984035,0.7274862563480136,-0.30430851412268217,0.23380995330455284
378,-0.6286065001625255,-0.6095088609655503,0.4139752559794959,0.5764209551715801
379,0.7377189564923915,-0.4325639627742693,0.019933205206760354,0.27141341872435126
380,-0.33524134244445686,0.2228400157768245,0.9561176472782532,0.5643704426446392
381,0.7954414862335744,-0.12740668472173905,-0.1810443496017419,0.28826452446550926
382,0.6414442445965902,-0.0544118716978102,0.03040543729325415,0.19870595867300153
383,-0.7651856740040532,-0.2498192910411621,0.5827009005466084,0.47145442609044136
384,-1.103372479353308,0.1106101669505746,-0.229607684621437,0.6084256055270549
385,0.11668318908709549,-0.08517852103501895,-0.3680186838566679,0.1989717624208877
386,0.799492607483577,0.4849027338420391,0.149209428166214,0.26648438406019453
387,0.02178006113956455,-0.6655137674753742,1.2887781503122069,0.5902870246898234
388,1.0191531642693183,-0.37859007247699117,-0.3059845304797325,0.07854207002813812
389,-0.5570992709977658,0.49880439835142154,-0.5281375246065927,0.1914324779466187
390,0.3312906995405555,-0.2084634511707936,0.3395705547998547,0.2664910483543388
391,0.26043876058495097,0.1280852483416933,-0.2277537651923049,0.1690189513485321
392,-0.6217880056700541,-0.47405961709620703,0.02887688810683095,0.286963284119529
393,0.12189428338572594,0.8956848642260806,0.3948258458849163,0.34934843787839487
394,-0.46123828050950294,0.047521271565517394,0.9586683284235542,0.4309680075345628
395,0.0063370311611748165,1.0570786210579912,0.40968645030405093,0.3600957085539083
396,1.001866306521961,-0.18504127716728735,-0.05281780492887525,0.20688359788856722
397,0.5465567771498892,-0.7265324646040112,-0.8120347680295412,0.4813238261575919
398,0.1247821381179619,-1.124414142348721,0.27424818660525296,0.3452784952236049
399,0.2641165907902046,-0.5545555580794803,0.33852663446584086,0.36614041487975496
400,-1.0194657684638324,0.19560079864256044,-0.38893682394218565,0.6372314320140411
401,0.5392357367176537,0.9909748646133996,0.3459550856526178,0.41807207465826274
402,1.107523396022701,0.2178704533026594,-0.1307881977204329,0.2915573110760938
403,0.14228719645697616,-0.7032346771419731,0.8992478121617115,0.28623272077364137
404,0.23542138725987,0.7639143568851279,0.13628263388504355,0.22221174258885382
405,0.36574772268725486,-0.9741517249618588,0.7502789957633338,0.41388945710537606
406,-0.9875570092348215,0.45744009689722287,-0.5441492956420254,0.38681240208863493
407,-0.3531627712857516,0.523580948320927,-0.2675476324683754,0.1871042072330397
408,1.133979448091677,-0.4626639161146784,-0.05960726467947265,0.24859234576257616
409,-1.0926734410793415,-0.1513724619718542,-0.033727295509882196,0.568543005664445
410,-0.22572421899344752,0.048466268047160595,-0.8984107259620953,0.5063278617101705
411,1.018617573488697,0.1116365715495663,0.04781530279822084,0.2776241347253438
412,-0.7501127104446921,-0.38042328972377404,-0.4490478706144678,0.3267923021545419
413,-0.16242755331702463,-0.14183020356304193,0.4879358388589425,0.21473772850664877
414,-0.6842964637724452,0.5732486825742091,-0.11541003461214801,0.29400718005158666
415,0.09892091796805505,0.7282125422934388,0.5598510274250362,0.3448142500052028
416,-0.22934639617922326,0.6926191921111445,-0.7228185781194637,0.1998191051371916
417,1.1394795635833956,-0.4553949623054068,-0.3520072236800243,0.4308763864616045
418,-0.3087337349162693,0.6804843491170917,-0.2582447239774597,0.2357782751302785
419,-0.6186598929148887,-0.29599295779649076,0.33492234690925254,0.31740280201807425
420,0.7384336943702496,0.04622352336422095,-0.3343709258069936,0.21069256249393714
421,0.1433827472114835,-1.241468973260841,1.0185541437730943,0.4327242938895714
422,0.3660654378171547,0.1370163115663958,0.14368311484576235,0.23505654041306343
423,0.00287696783404175,0.3892172299605141,-0.46800192008996133,0.3246469189350532
424,-0.4352054887921263,0.10762854467960539,1.109336214184193,0.5428449552187682
425,0.3151000052541296,0.9791805500019416,-0.0806871926348397,0.29974708352172064
426,1.0230014783160306,-0.43198781642734907,-0.30446493261344465,0.2617275602952498
427,0.28942999632210914,0.3125371484935938,0.41464580664775474,0.1987815530725265
428,-0.4614409335035362,-0.11134406139604341,1.0105116051781389,0.4580802850682963
429,0.5959559944057288,0.45468344006093553,-0.10854264115009614,0.35506866991479535
430,0.33089900802692224,0.8356645836228361,0.42863710859275295,0.4540981837298731
431,-0.10052922964875645,0.04818742926959555,1.0054955312353455,0.42900239979834576
432,1.1825314837475007,-0.09992097359185009,-0.3295774338222614,0.36689426856896884
433,0.27710784503247365,-0.8451385858850003,0.5457316799187653,0.36320286391353
434,-0.8360007679621015,-0.5219225408484218,-0.3467899110610395,0.34180387587695643
435,0.21431584016562952,1.2866121273937783,0.45585330426784815,0.48876763083659625
436,-0.35868328645922654,0.5436579447044563,0.511641746436329,0.5943379361736854
437,-0.1956582989419152,0.21623295425269884,0.6589963579219056,0.28938929429578936
438,1.218539521574591,-0.42123501953391884,-0.32688271201798724,0.4172071069685703
439,0.4957722320457191,0.4364569051787361,0.2114853449015004,0.20929275797929298
440,-0.25335276259826295,0.44949155954494613,0.8230247001046351,0.28386161343177385
441,0.049085727734964446,0.5150592582847594,0.5995141220604556,0.18465446306402483
442,-0.0156302262481119,-0.5468756886054549,0.9267200424395723,0.37557915595815367
443,-0.6531458633421794,-0.5998410481404184,0.3942959234939217,0.384084118704721
444,-0.578915122453716,0.38585265491510484,0.696527328641777,0.3387822425976658
445,1.0919073294888966,-0.08076476940496775,-0.47088324194744324,0.3956894054187343
446,-0.11368487646681914,0.7847857600005721,-0.2381527617740451,0.2642143366183149
447,0.49623688656796616,0.6726462278788135,0.051233039756408805,0.3972016150856838
448,0.01425254965730845,-0.2685522177181636,-0.5678808208096333,0.31717278804419935
449,0.43497166349821714,-0.31682400784529846,-0.13329391031588286,0.2547428712644965
450,-0.1932712057280367,0.3763882978511757,0.9386083846754304,0.24264580043877298
451,0.23363040094517054,0.5166981424154065,-0.5038246299183724,0.18733456995050257
452,0.5596353083243368,-0.9793565056156963,0.5607062847338775,0.3135667188078364
453,0.16836214513007713,-0.8419825158494783,0.18871125067477557,0.34406811653200164
454,-0.36112749217305407,0.4443050493645275,0.7903053712838033,0.3457633009542538
455,0.03234539172621076,0.19242330392714696,0.7488788029969726,0.29198590519838424
456,-0.3411528882347479,-0.7876878566047623,-0.35430161588355025,0.5034384111659547
457,0.252267245083561,0.928484884413002,0.431445293855096,0.3074015658796859
458,-0.2789209934204417,0.6339484837622458,-0.0013886627312697485,0.5218365903371787
459,-0.3965721705382552,1.1461419786275502,-0.26633158114479794,0.3952353935174353
460,0.41036534871724883,0.14602517855075128,0.17379749646765505,0.24257558000569487
461,-0.05179579433904424,0.31244366813889823,0.010161196672951844,0.06547376598976186
462,-0.14240816260440925,0.5553946714384628,0.6060041965371348,0.29623845223531153
463,0.6067141168551489,-0.7240924812834046,-0.550108543411232,0.5174270809120051
464,0.09538003384452605,0.1493405202735771,-0.1714296638751735,0.21391620633261674
465,0.44383966511036477,0.06361541177265195,0.16068978943612533,0.1896732979107501
466,0.6592241974592262,-1.1293970078932978,0.1386817289807601,0.389807258350738
467,0.3855295540389442,0.99105869976986,0.49439654424501184,0.28899404495128145
468,0.860896927303443,-0.5789713071217978,-0.0866104090443856,0.21349361366882647
469,-0.059005437859011495,0.18342139067741975,-0.3898285294440641,0.22886806809029756
470,-0.004933021962812895,-0.6595406951563829,0.46799174652958664,0.35870189014183435
471,0.5074855927247597,-0.20098319700697664,-0.8859226806020328,0.34803860476212484
472,0.21968829517590485,-0.20003177878760509,-0.625775585614156,0.4448672854356131
473,-0.6475582891716574,0.1361023975545217,-0.16024826398083164,0.23941138404812637
474,0.7339373049046364,0.20725164722609385,-0.3454910229351049,0.32903099082870363
475,-0.7801848594487262,0.5161188890806736,-0.579210267202346,0.3562244739862572
476,-0.867861127514203,0.2541454205782394,0.0935679868801765,0.26130932958379116
477,0.09119773559126525,-0.3051554742997271,-0.7760517327805849,0.3583524041534031
478,0.7042432109099085,-1.0388097090026065,0.24880640115897198,0.32302598382265707
479,0.37307008491312454,0.567703496306292,0.5521103539093404,0.3206851406982272
480,-0.4827714443668625,0.4347526263522228,-0.5611591212101156,0.2046833675837618
481,-0.10820387190806309,-0.6279491704600669,0.4925083031795598,0.342929436749731
482,0.7394491402999128,-0.281362067193135,0.7978607941560356,0.35020148214438174
483,-0.22014452601746987,0.49152076268687317,0.8244404923302376,0.4766465661484818
484,0.13781710517721235,0.375776633628379,0.704427663470605,0.26262398171454704
485,0.37760967500068565,1.180743208105754,0.45502062661106096,0.648883676709764
486,0.0411484616029413,0.9275203394062155,0.4970773056636606,0.4844986487898366
487,0.14367362580000181,0.8260236665463074,0.3145826302508217,0.4218681861952162
488,0.6739012838251122,0.3520574038883697,0.23869021542570612,0.23211675903337672
489,-0.18679565610145996,0.033026103129884396,1.0497840068352762,0.36235759694250247
490,0.06266735972712889,0.9488554927187819,0.3427722802243903,0.35849543694011393
491,-0.3429905779245262,-0.052615078925171296,1.1341480584240444,0.41263961419319234
492,0.18890007823916816,-0.00864382267360965,1.0852188849992603,0.30902928663177887
493,0.3703355141826804,-1.0280161529620657,0.2818768803071013,0.2787031276620291
494,-0.3942341819578914,0.18816692894218764,1.0731894976527618,0.5192473348360456
495,0.163532572795306,-0.5414147624619361,0.8092501232555099,0.3045397551108327
496,0.8374195371893799,-0.31667763314793224,-0.3635431933483453,0.13838810965379755
497,-0.385450180331204,0.5286073053990596,0.5724935978632358,0.6071165791039188
498,0.7148732295262703,0.9867000271324715,0.0863995832005354,0.3927721918971456
499,0.6884849854707342,-0.028723501077013547,0.32149541616107374,0.3211419236843274
500,-0.6670277806875596,-0.26032669570769534,-0.6043750774674232,0.5045603449801349
501,0.0518212292284261,0.1517454043904237,0.27504551113973774,0.282924940155923
502,-0.1006273094901588,-0.03174525606087389,0.8158029417528061,0.263927367675541
503,-0.6830630100126969,0.22988465262100832,-0.3241339855640569,0.29144105609204823
504,0.1843824189109896,-0.7346117661647352,1.1945586599295843,0.34287357369860083
505,-0.3504911399621945,0.6322724605817369,0.08886658681175365,0.41042359967156583
506,0.21339124001095763,1.1006688227252353,0.573094516162707,0.3798615575022184
507,0.67112492238593,0.5017603116361031,-0.3011743298350792,0.43676385228727327
508,0.4279242123183896,-0.22594538871131029,0.8760381341215506,0.37883060905184235
509,-0.16807624116697628,0.3500449131300059,0.9355309109219444,0.28959942598189886
510,0.6456203854945044,0.40600610775252827,-0.41101689766206495,0.26112063096693805
511,0.17600589872439193,0.47312992575614954,0.06856706278177585,0.298553738232539
512,-0.38910925758927095,0.1852510098623285,0.029401815562280546,0.30965813997832153
513,-0.40702011208149114,-0.31809122760910036,-0.47866687049583273,0.22392794208927486
514,-0.054763735996835546,-0.306150667364613,-0.6904527240018763,0.36020509967560793
515,-0.126927805724534,-0.208245023946534,-0.03382055314665115,0.32886481931666484
516,-0.4248677628080977,0.7568277300607688,0.13290833944265054,0.35263534014244685
517,0.43048611274040527,1.0997142754826768,0.38674314998637027,0.40883336066378945
518,0.38282046638827494,-0.044820531066125824,-0.06506907480115917,0.21319685482434825
519,0.41657308918483105,0.9280388380653817,-0.18948447658812248,0.24862132785032243
520,-0.44963879235205795,0.7626797463277608,-0.39981662016124975,0.2663305539187965
521,0.19052243673097075,0.2637314380930128,0.08083359299462195,0.15384751731833857
522,0.49549284893121415,-0.08447202600385734,0.4188999374382557,0.26629935569752505
523,0.5092064138273713,-0.8133142920834983,0.39482693389067874,0.14051877217755826
524,-0.6569215888884741,0.1336992699718184,-0.5090793939564869,0.45874380337981846
525,0.7261519403985626,0.32826421083970186,-0.21666358115768447,0.21814029657821235
526,0.24848340702883587,0.6902071622371199,0.14487999183402225,0.2941346622876573
527,1.1162663559570432,-0.37984626510978226,-0.18043420444820835,0.46761061471706156
528,0.24547502674704497,-0.28370780206884716,-0.7249068144259503,0.4127183107785374
529,1.072804547586939,-0.0747544510071526,-0.11591168298326765,0.38700758480637354
530,-0.7475740075009586,-0.6403620369228261,-0.4590246291157915,0.4255218898662229
531,-0.040576587587058,0.6272393291998832,-0.2044971545399428,0.1504553141141667
532,0.8997753281270086,-0.016063271795289713,-0.3197900448433585,0.2090648424614269
533,0.8410453052478621,0.4023891080478275,-0.008951263615544297,0.3381354257784861
534,0.033317427749933855,0.47901975472588276,0.007464574391079899,0.3068971972335186
535,-0.7904029410789559,0.5960610622138455,-0.04737605226406645,0.17310815076885847
536,0.8535692118133544,0.0667588240594458,0.061742659677279994,0.20796026640756074
537,-0.2266426893301403,0.22078409329520715,0.7665717831442304,0.27694529693191977
538,-0.24256049932076326,0.3836851925153866,0.7341499461846916,0.23547412229880188
539,-0.7902181983886675,0.5391085338648954,-0.2613639163934548,0.27929086024559163
540,-0.2282237693082382,0.616647037974732,0.673528865018953,0.27912832072900995
541,-0.46140046458843254,-0.5287743335382078,0.6145584440240253,0.5525236304529989
542,0.3764986193314742,1.2076777389680968,0.36075055102546383,0.38241795883932733
543,0.6394726351817626,0.5074267019078202,-0.5283293809993274,0.24956223910072406
544,0.03972796715959655,1.1782625537795353,0.07775706594744869,0.329226816913862
545,-0.14794150743734719,0.778470597935303,0.8172889032851048,0.38016794493446104
546,0.021492794076778357,0.9638235560319786,-0.08611243445895675,0.3223726713580364
547,-0.1663265746720327,0.6202719955975589,-0.7368067714765696,0.26297959803779636
548,0.702694200949863,0.5174085251162222,-0.0210262765543349,0.30947330556409636
549,0.45591975743324414,0.97453279843364,0.11469735551297604,0.39607563468709095
550,0.8916269329992719,-0.587272548975068,0.0348414487353445,0.3537529113830305
551,-0.15722588230551215,-0.4898105406050506,-0.30054060180339914,0.24233228304745683
552,0.4797604204978029,0.8402548921175763,0.5123507022950027,0.4744118367335254
553,0.12995475445315025,0.9078202108858378,0.14366349541717835,0.43916903303876476
554,-0.6870559778502635,0.20948957245782665,-0.04705152981805545,0.3210663874364283
555,0.6748939288145835,0.4745183306362874,-0.06742270679895085,0.3633995682011996
556,-0.04210165242929695,0.2765838032492381,0.6360867151331315,0.313160888243878
557,-0.8282049172265289,0.07941210275445204,-0.4749430577347855,0.44914034367974054
558,-0.6353810229867624,-0.49172222896854445,0.06296193969328184,0.2814495477628807
559,0.548198554993169,1.0300283981833986,0.5804885750634392,0.4499215642658975
560,0.38553475309390584,1.088147693319363,0.4468003898282256,0.5390896150449711
561,0.11267142975002785,-0.22870150095905512,0.3510713621001304,0.2626849050907736
562,-0.7130542652463112,0.4706013098632502,0.0738426684887136,0.30861404012872246
563,-0.7064683844035842,0.0120103053528735,-0.7017949721247272,0.3207340498967361
564,1.058755423346819,-0.19466002980492167,-0.509740562341289,0.369102333052401
565,0.6309281645915057,-0.43981627987574967,-0.9448629200345156,0.49074822710613286
566,0.9802020207360782,0.25664957090955826,0.0827041504339503,0.36215545799346244
567,0.41405042400386044,-0.3720847514251095,0.784788362532111,0.38938227119728713
568,-0.700871777976561,-0.24588261471401934,-0.3896222110526577,0.28044429729271997
569,0.7169669947028019,-0.35534677849623447,-0.5363465139532358,0.3182627988530698
570,0.42834394788696417,-0.6582155255054045,-0.4960909507254342,0.5163954762422196
571,-0.8041693336606975,0.0559146936863842,-0.1145727788531922,0.20756181329602544
572,-0.021918158283245642,-0.26490367594873865,-0.3727788009113927,0.24206780390347107
573,0.30385449893942584,-0.520085596475428,0.129867462246624,0.1581662691852203
574,-0.6041066806424313,0.7684392392048952,-0.06416041336532276,0.35471127224745996
575,0.14399213951355566,-0.5490288468991745,0.8057366841800739,0.2037057659980044
576,0.8027213527941011,0.07429801970229424,-0.6099286827765749,0.289346924871073
577,0.8287593215365454,-0.041884352033316,0.1923736900198672,0.255828194635852
578,0.1943515737550383,0.9558726136759643,0.0536617653467169,0.31373676624027413
579,0.9903337011224121,-0.2744281518102828,-0.37776224174628936,0.20647959719322123
580,0.635989973314088,0.6786912488436465,0.029216896972523648,0.3881475415037762
581,0.7939642496678718,0.39726019204068164,-0.3132384344563569,0.2924622623987206
582,0.6465520737675403,0.3431355325627684,0.45074289881246854,0.4284786396571458
583,0.4314234406662809,0.0556558535851856,0.7657883624755912,0.2818339827925643
584,1.0487039317742997,-0.44512416089923257,-0.1999225989874707,0.30536266941604756
585,-0.44179335232530487,-0.7977786478882631,-0.5480698466917927,0.3445718957040177
586,0.33743067880822236,0.38625604077758124,0.14132183854774455,0.17480158404123908
587,0.6265354037468223,-0.09515202746348056,0.4737814137642959,0.2920860898994688
588,1.1559042594028819,-0.2574459860084689,-0.11835593738309236,0.4117380470882214
589,-0.3753169358224029,0.007458325818221298,-0.1106348409061455,0.16040691118589842
590,0.21181917576694043,-0.9018587984278982,0.93383738049811,0.34828193263375407
591,-0.4546861714941324,0.6759941189977717,0.5143842839743646,0.468953277550484
592,0.6299859019693954,0.661815727958871,0.2963686295778972,0.21717643259904595
593,-0.6427090468953656,-0.3040214961500549,-0.26230677229610644,0.1485395329347616
594,-0.3206538957168709,-0.16051148246999075,0.5460128093037888,0.2848178825143062
595,-0.15770808363825461,0.7840434826690394,0.27776960203462164,0.3122936948171232
596,-0.36292276330211803,-0.13012650470758705,-0.3786099536645192,0.21979916487883713
597,0.846981061891555,-0.0787137513681449,0.357374723484042,0.21001818012520188
598,0.9799629963872076,-0.5268321859912536,-0.7715789834815856,0.3632986460844576
599,-0.7037346287792146,0.699991195923491,-0.5936951563848615,0.243654092768845
600,0.64833010099715,0.0684421472447547,-0.1257368342400896,0.26459721850279644
601,0.28992755937524545,0.5810266661274086,-0.30542444065623764,0.13340009178746404
602,-0.777385256471474,-0.4343517210433394,-0.6187998296041677,0.23647195935015247
603,-0.6566758233920683,-0.3502805846088122,-0.0010200972468028535,0.29992626938252803
604,0.21573843708697388,-0.1609468920275209,0.05337374761352298,0.18869837146743831
605,-0.4893932119067611,0.3223613243365878,0.7628450666794928,0.32235288651313726
606,-0.42002469991704644,0.622190647139413,-0.18183357061278915,0.2060225474790945
607,-0.1177446279277591,0.27744016715858855,-0.22215362290941104,0.21802570287750278
608,0.1399677391479917,0.43557707674339224,0.0602368950271128,0.18118302612793108
609,0.5152794827997748,0.1400808120289875,-0.18726346825377221,0.30524087974595815
610,0.27938513574765544,-1.2445004364011494,0.6412269065124973,0.5330834758987351
611,-0.0767990451252636,0.8243262123900856,0.34788055912305266,0.28407973070015863
612,-0.08875241461405886,0.5202908402498807,-0.1044009564616267,0.19287633181565317
613,0.6257594007340139,0.5997942072299298,-0.1317819638147935,0.5000637072467826
614,-0.22667396351827535,0.0817035298756112,-0.05989331128534395,0.14041115331426432
615,0.07661032397382281,-0.9757045263278403,0.4120324168066991,0.266095811122602
616,-0.021182337796920303,0.7540721749932093,0.6938372979792313,0.3363203841927479
617,1.2962813428938667,-0.2391875187206246,-0.37688222877386945,0.4680222361213586
618,0.6577068885165103,0.46282346481811953,0.2469380691859755,0.23709917493487356
619,0.7705108280783776,0.12741692172717647,-0.3752745236357524,0.20972460315475322
620,-0.0112479426832829,-0.4931575125340988,1.1425077295037942,0.5846283668639161
621,0.25957125090033417,0.7398936832211678,0.13133967534247176,0.2231214329069876
622,1.0777703940916705,0.06224360897328804,-0.20205870048252628,0.36085696536015327
623,0.3926772852958279,0.4963583836340075,-0.18787924419037422,0.31248577874712946
624,-0.4937502402635304,0.34113322214745023,0.6597672594593058,0.5624453897050933
625,1.0220504477961458,0.22028324811897224,-0.07245188626569915,0.23802396581255328
626,0.763448066122286,-0.3146556042202955,-0.49032092411422623,0.29945572480742294
627,-0.5373875387684827,0.28928290293168196,-0.7634525695333179,0.2453536054376034
628,0.34765399804572805,1.1548961922318732,0.2269931926446741,0.25644336130453593
629,-0.26975964174105327,0.09443769728270834,0.4964822442263774,0.34373240408959116
630,0.4601688393098783,0.021837673177267813,-0.6987185157272787,0.31555896816316886
631,0.45564264339781146,0.5021640752478577,-0.2751887251969305,0.23940660383767098
632,0.46019075905431395,-0.6170915229586693,-0.5643887462109847,0.237739413723795
633,-0.2734841147391776,0.5330909123143697,-0.235975725828426,0.15372042234775854
634,0.46137519630012336,0.3090445038512546,-0.6774101348217176,0.23223824926661046
635,0.2626829210934362,0.2370351662920317,-0.3546166853963797,0.2719046934110646
636,-0.8320115066541846,0.3753936336352792,0.28763562415725474,0.32637675280371964
637,0.25185145286599553,0.4414444799976469,-0.2730192982266749,0.32775295838096186
638,0.269276460078032,0.2309403894514471,-0.42280305213593616,0.32019733843183285
639,-0.01981367143272405,-0.608036872761804,1.0434578326552184,0.3398188021944264
640,0.7922191516221767,-0.010891585126127201,0.7563274317451595,0.29770737517071494
641,0.3400586854343739,-0.4984729233598592,0.5954613147258161,0.2295743503556105
642,-0.3088285130273226,0.34565933844819285,1.1125926013008254,0.5111968530725819
643,-0.16886930908635084,-0.0730714394649982,1.1605305308264249,0.3444510183659711
644,0.9795339421735112,-0.3644533849583964,-0.06833102205113555,0.2843787226441883
645,-0.20153284001791905,0.3193369628827085,0.23549391590003704,0.18667618035933475
646,0.2702650570744983,-0.6923084555549517,-0.7270772870121333,0.37521799018822166
647,0.44397219695209805,0.3906987878126398,0.02158445177028709,0.18607510156152093
648,0.0845530679766523,0.4788859433399251,0.1435870170900554,0.15187425500179833
649,0.16498060322916386,-0.39932426446297475,1.0108951484042685,0.3011360936321131
650,0.5907791896369616,0.524661235706534,0.08079067328679079,0.417673704561023
651,-1.010996640110731,0.30631144375320796,-0.5292428254215344,0.314031705889666
652,0.311695152971728,1.1010260224426387,0.45846768320505127,0.4670974321549033
653,-0.05746200421586081,0.7091713596138375,0.5246054905235829,0.2134134515887662
654,-0.18846557300359873,0.9243487312837195,0.4791010483797446,0.23642425806113007
655,0.2805953039095461,0.8881823102632111,0.0203692482434076,0.19425099079869707
656,-0.5738144089384973,-0.7417648516787606,-0.30303393656705974,0.42649541763619137
657,0.3761819836663758,1.1727397586000794,0.4130359254981131,0.42236336683071246
658,-0.4053050848409766,0.5192585396142394,0.33842506135645994,0.6742769129242563
659,-0.39570304716391,-0.24642427569975664,0.882908961160229,0.5435503752545234
660,0.2685335074135549,-1.1096580467471278,0.7506008476497465,0.49188165571140774
661,-0.32847957217505436,-0.46915848390377585,-0.4980594498782875,0.33539797803431326
662,0.6122413291163711,0.0223656816745112,0.5972791321455626,0.24304295699491518
663,0.7257902536004281,0.496193848640095,0.2687632598936037,0.2971656568458886
664,0.1170670599883924,-0.42205838704382426,1.182343774665585,0.3478606873379569
665,-0.4421250344079405,0.49540222466119543,-0.18553067777785254,0.2574432383772961
666,0.3781896036965281,0.004008549423129004,0.2631731286767177,0.23475157683941042
667,0.49661190145191314,0.3396023617187068,0.03833119189307405,0.2253980019799971
668,1.0475383300877792,0.23002594029476237,-0.025261939506766556,0.27485302843180504
669,0.2818699150185828,-0.030231712288622203,-0.4484890807459096,0.1914039031736026
670,0.4889221907451754,0.6318795509659074,0.2162284777623774,0.3663792067061495
671,0.46180087994005226,-0.3331615791309943,0.987594190919634,0.39514429413082225
672,0.30815377592932275,0.007389783211703943,0.9436656332778517,0.3499973924828702
673,-0.5704045558701791,0.044347651928115406,-0.37204136614864214,0.25185219986677326
674,0.01813263494163675,-0.696988592828032,1.2883112404107835,0.396773522005261
675,-0.03551875388345725,0.8317314329556227,0.5016858437337735,0.38872431006283426
676,0.80447482219948,0.3599336526204543,-0.12252280869846195,0.3410224363221521
677,0.037497299961128244,0.8345160747175984,-0.0222317162892436,0.4893416729432055
678,0.6514694324757866,0.6428502966011782,-0.0170804258381078,0.3966783143386777
679,0.11828113294897774,0.6380236177914672,0.9443094500902367,0.14090936707368673
680,-1.0736169219545846,-0.12886968564057635,-0.2148944272683973,0.4243971912758582
681,-0.43331957566458956,-0.6539225056925557,0.18996736039232867,0.2487012832278354
682,-0.5749635983540585,0.13489114449418596,-0.2855242712608053,0.18813493684827615
683,0.551777487497209,-0.6177237493338392,-0.43532888096883493,0.31170573019541026
684,0.609303554644546,0.2670102388690005,-0.5838953613142793,0.30747067547470336
685,0.2980255377139116,0.7908590366114097,-0.2128048768770289,0.3712515823553505
686,-0.12380528856242055,-0.7220058446375645,-0.4663138650198008,0.25790780653918344
687,0.4527539074698193,-0.8159617353076559,1.0743326102004298,0.4446184526322951
688,0.8691616623008924,-0.1618689559800707,-0.4239272446872961,0.272070465930383
689,0.7668485124259066,0.2829223479948237,0.37378807462035235,0.3232123452782574
690,0.24599779888315051,-0.4080488247489642,0.5684956147150604,0.2397892519999872
691,0.7856296138170613,0.6324478369799318,0.21291999353865876,0.3786702687444251
692,1.1518361310747844,-0.27126242398488315,-0.25116551557541006,0.32013316233073846
693,-0.9441594400353448,0.34945852662973753,-0.4608859102462505,0.29277232643710993
694,0.41553076953834045,0.2520749232703075,0.1414604250479613,0.22353424878852546
695,-0.6413418276198253,-0.4802740586122831,-0.2771148133199713,0.29609739516270994
696,-1.1666810632023337,0.0461303703922332,-0.2189468177696605,0.5569366069915799
697,1.049509917472713,-0.3846874746750588,-0.47833401844726486,0.43295166041427313
698,-0.5097391186918914,0.5943759730506614,0.19815562817468071,0.24759033125972202
699,0.371099042768065,-0.49910078043504524,0.8601920790806674,0.3835456252553713
700,-0.41584548584893244,-0.3894896879231893,0.21100470069357122,0.22934475129332535
701,-0.39521182458961335,-0.3621788935965403,0.8416938898896345,0.3544380587151421
702,0.9399882558635592,-0.3631007277516126,-0.32105954268376596,0.329462752641666
703,0.06921775041077495,-0.7249179641892678,1.216192962145708,0.6633912446472838
704,0.7143612988517027,-0.15240345307666456,0.045973513926841146,0.31858692502254343
705,-0.3131095162202253,1.0605376460145763,-0.2625410538485985,0.3550740738134138
706,0.05595308315524919,-0.012354327916291152,0.10034017277305426,0.2646401945434277
707,0.6744146684726773,-0.9432071840458449,0.38456301251783126,0.2783665043936079
708,-0.3347016761334628,0.5954529614259059,0.31901408478566085,0.6287344146281347
709,-0.0932393560089234,0.640108995273047,0.5552625538767737,0.25995326600029
710,0.1525159267871724,0.019657704128532703,-0.7371522203710739,0.23314265000234155
711,-0.27039197680075927,0.06003047353793275,-0.7834262923572655,0.09710676782311241
712,0.20868532422441274,0.3488275342355429,-0.21855461995223965,0.18018747075140426
713,-0.9697713065698762,0.14131569645458125,-0.19280119150478314,0.5691791367968335
714,0.966500087623903,0.021470664570275688,-0.07376045340393475,0.2125532547648165
715,0.8141413854357948,-0.571842939002205,-0.16994457133449026,0.252159696076321
716,-0.29410688221596054,0.0991108398983219,0.0770627345818138,0.20883307492765005
717,-0.6898175517231617,-0.32527506821018715,0.8459648070547536,0.36045975803477187
718,0.9153973867919551,-0.18835461681893903,-0.4344719845863778,0.3279919031952882
719,-0.6712300710695392,-0.013121549291823353,-0.32748450637404636,0.4164797246999693
720,-0.36005742312145306,0.564353644038998,0.22525783758374318,0.26746378245284075
721,0.9553965804978382,0.2614781510573026,0.0258286138846152,0.29604858329875966
722,0.8083501669260136,-0.7146905284002232,-0.4636372083501644,0.47466676646753253
723,0.028611520224599153,-0.5687278295800753,0.7504031414597963,0.41000482056840964
724,0.5589847435274244,0.20867580922331774,-0.37825187259921633,0.2452146269383286
725,0.19377824576615738,0.16746986656233398,0.8508643372114757,0.30567627405726394
726,-0.2163722343808878,-0.27807786460246997,1.3731504255289448,0.5515710439448572
727,-0.1802109414662414,-0.09642956922630755,0.7095676570307412,0.2897207995101807
728,1.1806887271821243,-0.18192057076001988,-0.28931920709983383,0.2725786353240012
729,-0.5510689620494322,0.7656058929693255,-0.64669934941777,0.397783686899989
730,-0.0657114711199656,0.4860752550097235,-0.2597298518430054,0.3104616588742016
731,0.5381497951274942,0.9577163827192499,0.34610311095607105,0.29387944556468765
732,-0.8949473006385475,0.037234050657387,-0.48643847446105704,0.2789167638715334
733,-0.4267524202316818,0.5613766523445965,0.3129642075494487,0.5586022020871265
734,0.11686154586188816,-0.3809090249288837,0.40125118401873827,0.1669634899336287
735,0.47572947863061743,0.6917757283396424,-0.23648369734991745,0.24184291245477607
736,-0.5260633141353823,0.3149275616651772,-0.1614824793486615,0.19900061729499544
737,-0.15878457991140238,0.19550240125142798,-0.06607851100448589,0.17490023244209466
738,0.501470175984706,0.41934016619658704,-0.33165606883114435,0.1491410332171748
739,-0.3640267253454921,0.8509556729354075,-0.48778551037445994,0.39901645139811004
740,0.7839978595755082,0.3018065065953261,-0.5340401395563796,0.3604860631971366
741,0.38265339718037183,0.5611745061142246,-0.2784652898749731,0.4318159960219037
742,-0.9660734126387484,-0.032770392051873154,-0.7108327392633471,0.3314967525654054
743,0.1565260765651166,-0.3267717864000086,-0.20931910423383454,0.165806464777802
744,-0.26662278311800763,0.13927314314949915,-0.7256811354100321,0.36766479610009456
745,-0.1233933928823395,0.2181826190102878,0.6042528534434761,0.41577664036510836
746,0.24877993490827244,-0.389407719477745,-0.6933640296025738,0.413179200635052
747,-0.35464992130371154,-0.0591209540093276,0.404371132386789,0.21239782635950377
748,0.9721008356709805,0.097047415945623,-0.2014005417760018,0.1731634469324897
749,0.4451930716424266,-0.922289065936338,0.494413648543392,0.273229165894582
750,0.3749475385614016,-1.1522629271972882,0.6941856859022882,0.22884182272355041
751,-0.21095567001554105,-0.06037950757510699,-0.5306654565405,0.14220003108880513
752,0.13709434291049924,0.8950383085616269,0.4487113518451814,0.31809602697081163
753,0.37656514961106774,-1.0498890449636982,-0.015205445726005351,0.2448336119244972
754,0.39395039011086874,0.46028011670337293,-0.24673432244455287,0.21032852339642022
755,0.9503067056904206,-0.32835993250678097,0.2869707254669819,0.46958545366158744
756,1.1655453781117362,-0.43409257244689714,-0.20431763358916255,0.2477336327642041
757,-0.21103922389564972,0.761206851525747,-0.1954744711175729,0.26741459441082116
758,0.6309429025905282,0.5186180531215211,-0.1913886209066326,0.24253903237940466
759,0.5036521268265398,0.39717993291072085,0.4531415700098361,0.2883575891704021
760,0.8994299875101517,0.0092161631965527,-0.1120739546059127,0.1636227496675007
761,-0.29649928463427017,0.8567765122953108,0.0647793967994318,0.2620305485540641
762,0.03027662221805125,-1.0540968697226853,0.30876690033262455,0.2382863018325806
763,0.4021025771340936,0.5572748743996242,0.5617063457187199,0.24816674882688675
764,0.40501671352975843,1.109126578696079,0.40609875836782405,0.47450519122500323
765,1.0532914809408924,0.12163850990702879,0.0645574789487841,0.36597442737736596
766,-0.23926042121377444,0.08512083872024785,-0.08422652483442385,0.27395533307985054
767,0.6939234833492003,0.38589920621781354,0.031313950364668455,0.19005493660775122
768,0.25530570718547946,-0.37039399602275336,0.5648687687013354,0.24028260320790756
769,0.11313436594055029,-0.7234393527815115,0.9786690959621648,0.5318446499701035
770,-0.5193491091606577,-0.2165842862646484,0.7725386893436081,0.35030789057303635
771,-0.21625838113544932,0.21219687949883645,-0.4707294233665543,0.3514036386889303
772,-0.21600543389363058,0.7188833439212259,-0.4228324989412432,0.37603485553371774
773,-0.1763456767930378,0.7641165031154997,-0.3128643017735737,0.2738778326130286
774,0.2282259860663124,0.1730627405287049,0.7908026605669013,0.3713937176180627
775,0.2578541803871599,-0.8080079472404131,-0.8176064596682482,0.4853634049229801
776,-0.21689579408570045,0.44315689302528266,-0.4808929797403153,0.12330064157188893
777,1.0129846177367303,-0.3044129829102701,-0.21739506721360474,0.32663661763969304
778,-0.24146391729184752,0.2592706724173873,1.0262199497753934,0.30272308980270624
779,0.30308076500568976,1.1861642628129658,0.24924964340257885,0.46688311263023896
780,-0.3989575894801969,0.2906824388238821,1.0825922977896076,0.4627804068565406
781,0.41140066836495115,-1.0582250649338416,0.7817117648352129,0.4793606989923884
782,-0.07617406873855614,0.2644093091726238,0.835735320357786,0.3138234443017535
783,-0.36942916028763545,0.502618557996023,0.27496980995958775,0.5507381097482822
784,0.30861484508633674,1.1933800798904466,0.3203202992880599,0.5075045139213057
785,0.8349965132185422,-0.12107058905064,-0.47058476099000274,0.3862533255012916
786,0.9238458951643612,-0.2404471079490083,-0.3261128560965145,0.2589894248050139
787,0.8342237045403501,0.300969231616164,-0.2036491317629237,0.30706038374462147
788,0.41463529565714785,-0.2349025323757574,-0.8159602363001563,0.09712532204958717
789,0.7036719096712666,-0.709070047257442,-0.28881873151414617,0.3567785410493723
790,0.41391809043117234,1.0982653299848968,0.3000058045813916,0.5478558943293242
791,0.9637837576456123,0.09489636360412905,-0.5515485826223946,0.2688715364295347
792,-0.6321826128401457,-0.2479220106647183,0.5574021878580705,0.3806913354249902
793,0.45657303190710696,0.6937115926569368,0.40413747961684787,0.2283524393324947
794,1.009150975599359,-0.024558632706771506,-0.1887263414559981,0.3412836291004481
795,-0.42866664314975494,0.2554711757405989,0.17510511689957808,0.18697288426634529
796,-0.7188579747059367,0.25838880413594156,0.38770981484628797,0.3343022308034268
797,0.6014794836148809,0.5771147701529113,-0.35864773261577326,0.5681827923373818
798,0.6244230233099408,0.5923291008121659,-0.2714254898894309,0.29694604420370885
799,0.151389411639913,-0.0031659733624304492,1.0007467393315101,0.41053586278774734
800,1.1829773688001408,-0.2431809141018792,-0.2112271060273202,0.43421952834880767
801,-1.0507090927175449,0.11500167229605425,-0.3883777302798107,0.6166536728922206
802,-0.35622034432063276,0.6733635233914189,0.4471650554478822,0.6634865939213769
803,0.20308430355739832,1.073567981447373,0.49111362109173495,0.5361243365441268
804,-0.11360719355343615,-0.5734432864106611,0.7032664645933817,0.30127338069750487
805,-0.40170335139674485,0.9423269023113673,-0.3762507544684114,0.32864256268728925
806,0.6850875352326846,-0.0030746697879501517,0.285469517724066,0.2645889557719696
807,-0.39899938018893494,0.6880993968149893,-0.5561466645332334,0.3627564405800208
808,-0.537676328647685,-0.07546175819926215,-0.6932121044343103,0.2324481363563315
809,-1.075200562907849,0.09397538568075374,-0.28231827152791783,0.43709218901887903
810,0.0260994982361215,0.26571433219543494,0.12912575317552144,0.3633151697575494
811,-0.3155026896848216,0.44188382759140155,0.5826299117031043,0.4903440200941451
812,-0.04349104754678955,0.0032304834954037,1.1530764761793715,0.5652119932313172
813,-1.014994272778332,-0.04290828237453595,0.19789700779198635,0.41111445981795736
814,-0.30891350435800863,0.1391855430919,1.4166022670874978,0.44557173652093934
815,0.57070253221514,1.000147523684754,0.32027943548722115,0.17661300878008046
816,-0.742590999708875,-0.3755391804321442,-0.5419525978779876,0.5232575816283963
817,-0.054788296574803094,0.6463122931854182,-0.16399480475835498,0.33122948086487825
818,0.3152108569265236,-0.1599178463314929,0.15373996187514766,0.14377547592201873
819,0.9195300627091945,-0.49986277627889664,-0.047168356203026056,0.41802566270617186
820,0.08231251486329405,0.1664828454734984,-0.4693538167044322,0.32951318118671824
821,-0.7587122998294996,-0.30933596260262,-0.6840970464967316,0.4234774877365408
822,0.8922418974876338,-0.1190381720178545,-0.5476389681500302,0.27817548687106003
823,-0.4477160893016997,0.7164962706828433,-0.19927166068282334,0.3378747570732857
824,0.33907994130795666,0.6324520174052765,-0.2244156363440497,0.1919880216344238
825,-0.487976249130783,-0.24906769589410205,0.34371987672357773,0.4001549268512561
826,0.6016637196176096,0.8538777650680536,0.2854892431272371,0.443039907720417
827,0.9062807117374063,0.3634079260562335,0.30860756400822675,0.3361876667383148
828,0.7033649230996986,0.480072743430323,-0.16150876811126885,0.27647374673045894
829,0.3590494012660359,0.3915460668518511,0.6856338475710144,0.12160639538597999
830,-0.829154890311506,-0.38286377671008476,-0.48812875499754954,0.40047629762127346
831,0.1829636717136052,-0.44431162220196696,1.1058478133712348,0.23882791377247814
832,-0.867072765730914,0.46101282438652635,-0.28249422466759444,0.3237030002491991
833,0.1348725565130114,-0.906852165402407,0.32961641127544744,0.2917015403118336
834,0.33236574734817903,-0.3050164499737313,0.3503391412870717,0.24491708503537188
835,0.23957098213562855,-0.07763554789938915,0.9712491792621467,0.33916975676774147
836,0.174838892632135,0.48097475833993597,-0.47478697836270223,0.19036925033129964
837,-0.8585562510760226,0.26341730808913816,-0.4455480881308405,0.33733622696486293
838,0.6289812947475335,0.6826807093365872,0.15976699805532396,0.3068408491237052
839,0.0101548475735118,0.8471574794936286,0.01617361542506185,0.24155696981339747
840,0.38946200025047983,0.7967454280627119,0.46358170592634196,0.28895353896662546
841,0.586981654495701,0.7413072713865146,-0.1330320541757915,0.4528089017840917
842,0.5030121584085957,-0.8680645421409288,-0.32979032263807656,0.41209436416892753
843,0.5575970805103401,0.8572370642152116,0.2078069457835707,0.31633197059636164
844,-0.8030891418728472,0.012567013351523,-0.7753294099939745,0.2298257043292328
845,0.42811241370202124,0.5206990235281893,-0.43704027164310516,0.24145942811116783
846,0.23381469753010742,-0.37511462801844964,-0.22212895909047464,0.24660346697786148
847,0.5619331364081117,0.4903293666469246,-0.4172143197836016,0.4062438558735855
848,-0.5986605604206741,-0.3689973184334243,-0.5552413589593261,0.35413169308797715
849,0.13587605673270456,0.5764929192912477,-0.1666317774775572,0.27107214212349184
850,0.7571026415715334,0.28991540632298896,-0.3079805406354327,0.15749339222324335
851,0.012408756310050034,-0.13089745320933013,-0.6485417246818657,0.26604536337027784
852,1.2491605453852714,-0.29767645411688537,-0.3008801938357154,0.22183569839088926
853,-0.1442268790480618,0.0939014444074698,1.222282798866281,0.625457912994145
854,-0.16955155837817246,0.3661957157288604,0.6598451225210354,0.20664584586807533
855,-0.5520632592809465,-0.03451076796982275,0.6412922716379053,0.49185824836300657
856,0.404509315505862,-0.10996782319057216,0.803268338224084,0.1820149069862756
857,-0.4214765910898111,0.3285643326411791,0.5137534384514575,0.5300914215257044
858,-0.32039797443937496,-0.3881452656506688,-0.5812141759972815,0.21613886361536253
859,-1.1314518702443657,0.0273367551457888,-0.0934664561606305,0.5993145877203852
860,0.0783432002474397,0.49364055312769095,0.28712370331614556,0.28679893062067885
861,-0.2788050721187129,-0.41047668231774265,-0.22332769416649745,0.33841482408226864
862,0.15534094400078075,0.5167426160970854,0.3718264355557796,0.3264228813833677
863,0.5493851291386873,-0.6456504009002723,-0.8210955669784543,0.47867614151139054
864,0.575160518068203,-0.354875677927742,0.390871616111325,0.2438885560242165
865,-0.7048419834262499,0.30156168099234626,-0.24606945201416994,0.26719879189461826
866,-1.105846480498642,0.09564222011007205,-0.2120453004905182,0.7267308536873758
867,-0.29825663680844994,0.2856134086689631,0.8109722526879535,0.6300635560538944
868,1.2031808963809623,-0.5152365926833793,-0.1259436047897348,0.4278283985477161
869,0.7541544249299973,-0.4970407373383856,-0.8265819985292423,0.3600594984008654
870,-0.4104422853679759,0.15398010616164978,0.5562668538451057,0.23463349302907305
871,-0.5516964174876382,0.5166931938998629,0.708732209904741,0.42468911456304836
872,0.4090003241698888,0.11447046552158935,-0.34509301064533093,0.18504395146260713
873,1.1923770839315826,-0.2352074767763521,-0.2266139237268962,0.4568513480687502
874,-0.20232516718211113,0.3687077987950201,0.09311469824569951,0.15468932703694177
875,0.528819562281429,0.964259730531797,0.45365290445822937,0.39475594187028695
876,-0.2639353343306266,0.7317591295326955,0.18318898558355629,0.3935994688775919
877,0.7825250950782683,-0.21160033783880772,-0.2274485018612811,0.10209575478226231
878,-1.0570085408797176,0.06371401377797675,-0.20270269391922335,0.6553976279580149
879,0.07359745028210925,-0.5586379448948419,1.0628848679084701,0.21659248458214395
880,0.45949893226611715,-0.5794686770046739,-0.9058449421664179,0.2743394273874037
881,-0.13332697770894164,0.6275757527069891,0.7464734059458017,0.379336040029403
882,-0.5402987011284703,-0.7368935480876594,-0.2874180018098763,0.3741630970959855
883,-0.5824544452085145,0.728060309334351,-0.554702379273609,0.37551825677339123
884,-0.3123971796008029,0.8211873173550761,0.35624055519153675,0.5317349215948303
885,1.2789759359758412,-0.0570737008736434,-0.1892508026232638,0.31889088059415294
886,0.5286302814329962,0.45287599161074255,0.28550611428152534,0.317021998266591
887,0.115210116171341,-0.1790568849615947,-0.30948457436734156,0.3092125661443786
888,0.35664446383809434,-1.0060959163842402,0.7268745788216655,0.5127893006420409
889,-0.06071173024659265,0.11468424013390659,-0.5327449040212184,0.43869225640307824
890,-0.3226733843523646,0.5400481726026104,-0.0393209309531196,0.3495805647270238
891,0.8498273902737798,-0.23656730177568855,-0.64759948343182,0.2967010132226386
892,0.23315458828166052,-0.11033073006998591,-0.4083897805794758,0.4721798600439388
893,0.2228781219251087,-0.10681968588989091,0.9853460036361437,0.34933675717327856
894,0.46538609096385525,0.8631254451460452,0.5757680147896438,0.5130149373827536
895,-0.6102805584093447,-0.05015751137566765,-0.4715541034744913,0.24619556751773372
896,0.2327391595573445,-0.9395023198590502,0.6140463465586039,0.4921032301823628
897,-0.8679387828902185,0.3755299129831873,-0.8745896452032991,0.37091414069174405
898,-0.49783762271890086,0.8078197021834765,-0.4111078945076395,0.3107578808524668
899,-0.15991019458674835,0.9888085228698729,0.030649207103790294,0.2532711923686415
900,0.8930694945119679,-0.6045879211193023,0.12696234556182096,0.29111617732998063
901,-0.1647699203388021,0.7771430106889448,0.4973693433661971,0.3049418304708496
902,0.8932895951819741,0.2069407186473513,-0.18677115271130185,0.11268186258032788
903,0.9803176336192924,-0.5238148506739475,-0.33793182030259444,0.36897471630755524
904,1.3113933213953337,-0.3154527181553707,-0.060342360936331496,0.47577406197579974
905,-0.8353853628758617,0.25603667270578634,-0.6696647772292659,0.2572470064880927
906,-0.4107675512440116,0.1740559441140593,0.35931436928927674,0.1358550256931212
907,-0.9614173505021109,0.15730898390027537,-0.0830437212713491,0.4737527806789951
908,0.9496403895193661,0.061219137191436096,-0.19359402978174145,0.2617226959368192
909,-0.05527584015681761,0.2472460566626939,-0.2046610548365643,0.15342787690901807
910,0.8687473681161125,0.021464009887159255,-0.003226262073967298,0.17821865360886469
911,0.7978121892063874,-0.6264149291752842,-0.37241207938474374,0.2671576681893155
912,0.1649983097563901,0.6602572855370026,0.16718692182031442,0.2595484147895323
913,-0.187822987158885,0.7012900742247112,0.9326174575696122,0.3608239786141159
914,0.3727592210802292,-1.0595232632863611,0.34681071034002803,0.45661602903433585
915,0.08716115682497676,0.7185637176653543,0.29964937671964964,0.20300290811270208
916,-0.2013774356388388,0.828173765070874,-0.3175181545771894,0.23562813507041183
917,0.6300623677311401,0.17488645423323215,0.08700095365824555,0.3311825351328212
918,0.952763038860843,0.027393389206313054,-0.35695844117542824,0.4573021703116871
919,0.35279496017711154,1.175284882136433,0.3993212878755294,0.5239578528467418
920,-0.1041430024300074,0.7074184014970153,-0.1791118676786043,0.21648786270760456
921,0.8411262430780697,-0.7100550410918183,-0.18041081938929135,0.2765814689925491
922,0.20781665246289255,-0.8321026345796021,0.6849628164846269,0.1098108148176393
923,0.08125151386677175,0.44080215512510834,-0.0681739182580423,0.16587162689057805
924,-0.27357279607709273,0.31898317550045097,0.8529017622358682,0.5984341325470762
925,-0.010743009942201297,-0.14428302721119446,1.1196515826866578,0.3685542305737585
926,1.1239672137900967,-0.051246109245393454,-0.12203315665061745,0.2976378536949602
927,-0.4535409033996863,-0.42287432548459314,-0.21893074495726284,0.21233725575458706
928,-0.7371371469943568,-0.6214008363570483,-0.477927867309191,0.45410229900651355
929,-0.14176605728675634,-0.6339083919721933,0.5077940211229113,0.27053897875462024
930,1.0866659330711999,0.04009345214941605,-0.207373092888393,0.3248491086607513
931,-0.5170270041337994,0.2427927326478476,0.2568140741147265,0.2155102070809926
932,1.1965157519799643,-0.1586629569337114,-0.3736772181371295,0.4428000128976523
933,-0.20522578135352332,0.19172075952385254,0.6602488645034927,0.4928191674596965
934,0.9739456630463841,-0.035946655934222,-0.1009803369946658,0.2442140646678004
935,0.8154371837952947,0.3075882426091213,-0.14552430319448095,0.35218847884591226
936,0.7246929445850134,-0.2669392975545669,-0.6617349955951309,0.38117708380963855
937,0.5308623282535703,0.7592814886383845,-0.11414879572457255,0.2849349344623688
938,-0.62123767689041,0.5386755828255837,0.02539514249795155,0.2595011054912035
939,1.0642690211336077,0.2636235025326074,-0.02784682924882785,0.15111736041360857
940,-0.2723988010009943,-0.11316398501614675,0.4095225500074295,0.24439919636652385
941,0.07803685116592665,0.7736688253946636,0.26089673802307717,0.21256220800629155
942,0.3802369160880239,-0.7668954534550183,-0.7725066426284275,0.30153500848485104
943,-0.295788616779311,0.6070744935175454,-0.30068505929574885,0.19107049720956618
944,-0.32651607251492054,0.08577949495324444,-0.4999864069929436,0.31527968063326894
945,0.24775913571439034,-0.5955814969136122,0.15390202527892366,0.3251302912199188
946,1.1803690734215608,-0.12102377017552594,0.22216942725285438,0.27064931791752445
947,0.915480747910492,-0.11665152689532049,-0.20863861314929286,0.34271412869055856
948,-0.048323056938573944,0.21947221097508723,0.6253840165792861,0.45665998141711894
949,-0.008484417099471453,0.7251285468201847,-0.0636134078708654,0.29797411414713143
950,0.2959098087331566,1.0125000258128674,0.5634635174146767,0.30180747884260134
951,0.4549513232971746,-0.39871384681279587,-0.226321539840708,0.3026592559574015
952,0.6238788849304842,0.4594640240149822,-0.12525765954643658,0.22501042502196175
953,0.42801640742438263,0.5980712927723619,-0.28238712674973226,0.29366507290998556
954,0.01698504820085711,0.5703121352358533,-0.24327629394829714,0.3271324991984113
955,-0.770606151429305,0.8692372521832523,-0.7769413541155811,0.419144837365082
956,0.2807528562032821,0.7343397111346234,0.0564879945487803,0.2620628888151033
957,0.29073588988049115,0.4203428009222522,0.8691534879966964,0.31043649750673535
958,-0.2996022172207019,0.22702079998331856,1.1322764059139812,0.6184459001983573
959,0.2728346404220134,-0.40249242247539696,1.0297901064499186,0.26924946157453483
960,0.0746433780121612,0.8156915690239346,0.49603612653897,0.4594148253683538
961,0.7355405524634764,-0.31307446536263245,-0.16175243194721775,0.17474884111423272
962,0.8298767879048833,-0.5553741659484813,-0.2608600072311406,0.30351566375245553
963,-0.28067294276314125,0.9076240079107751,-0.22612229348675664,0.3219797659403758
964,0.837846564652837,-0.7833560545326916,-0.3546054662200775,0.45538984642432917
965,0.023904197278581105,0.43405992231762375,0.13242189489231315,0.40048715883906755
966,0.22838460956363954,-0.3751813007660403,-0.0810353403488322,0.15499042062842452
967,-0.3934363473202231,-0.27133167172338635,-0.16965901927669264,0.2933093093914487
968,0.43692036182338345,1.031206975931176,-0.01258114050246425,0.3812104430254589
969,-0.15898370812241086,0.512279621700719,0.3389498616424049,0.16908638276360227
970,-0.0746926884874968,-0.7718039023918026,0.058577876993855305,0.192784177806924
971,1.0526534070938243,-0.16529914292718118,-0.3775201392692592,0.3568993279091646
972,0.0612421825544609,0.36202586736396836,0.4301936350702069,0.36295371597188436
973,0.04909850920403459,0.2739045031692912,0.10569034926454485,0.23709225464087824
974,-0.7605200729233548,0.5100398958640937,0.11736962483470084,0.34473513240109394
975,0.8815890999609741,0.18835042380195177,-0.3500351284561774,0.2677396687891283
976,0.18834714993204327,0.5952288679624742,0.11490002837858145,0.14277228702303685
977,0.030304289011059346,0.8157261204912412,0.06182979198290661,0.37685386179391855
978,-0.7156383497714894,0.5661063880978959,-0.6981419291930371,0.48153867985285603
979,0.7438044503249575,0.056229245510286095,-0.40930480049054646,0.3002258562049034
980,-0.39330844175620994,-0.885502733167127,-0.4457968811368117,0.41012177768249275
981,0.1000046414232721,-0.1624842623354908,1.1198676012852826,0.4191538943942849
982,-0.173465560061036,-0.2809598019868504,-0.6989408080214681,0.43376088333179685
983,-0.05446303069876729,-0.00997252742824915,0.20758064764998388,0.22278082598155005
984,0.5898829254333253,0.003918959885998302,-0.20320211682401118,0.21582783363302022
985,-0.051389508020698846,0.8970979235424381,0.47072128451825446,0.28346496918257835
986,0.4351364250747336,-1.0024193582100205,0.52469142884886,0.32419681383599186
987,0.5114527360191959,0.8812047018805215,0.6570982541548679,0.31414746008739336
988,0.803195303931576,-0.1336548466567098,0.0026745301129191,0.1361502697947503
989,0.8238456638504752,0.10019872004441929,0.5081885857061137,0.28855987264233185
990,1.0852465910666798,-0.4209039474749199,-0.5512015511740542,0.4154734118667205
991,-0.028819468654379947,0.7799909632299356,0.056565341867518645,0.3486758417978293
992,-0.3480469452633139,0.21651188746758349,-0.22668397292906015,0.2503650004275245
993,0.19568150743514423,-0.1634197647186102,0.6218104121981893,0.23322509642276693
994,-0.8020532522016399,-0.5607222646784429,-0.41112431350368883,0.40857949513739905
995,0.6136582258026675,-0.7541072049429349,0.595313148122913,0.21949164384986325
996,-0.4273845460073956,0.4688368681683728,0.4472371181672037,0.3420486234162289
997,-0.5178726877010297,-0.6060486775778454,-0.3865427873667666,0.2302666128557413
998,-0.9908524170043023,0.09802270791937259,-0.07645875714925755,0.34421924608253635
999,-1.0321406238623625,-0.08105094281435,-0.27138436468461025,0.6069736954761114
1000,-1.0266442975123955,-0.1612955420195957,-0.1977110506512746,0.6612371203675556
1001,0.48498300338610484,0.715511276848467,-0.3075562749079137,0.18233230903470315
1002,-0.8035940890710467,0.5000006799487007,-0.458734230486871,0.35325047187057995
1003,-0.2121506045057962,-0.06498325764832741,0.020427470681635904,0.1664575984276466
1004,-0.8503123343283135,-0.19273325350567697,0.0901930283303701,0.4039788824586748
1005,-0.8453439323558889,-0.3037118550667687,0.3119303194763601,0.4388593445125394
1006,0.000781014813671696,0.1925507124628402,0.3473974704346444,0.2914345212053632
1007,0.7345218020497274,0.4163924374795984,0.3370087039330589,0.2384192540327305
1008,0.3670620481875291,0.69014087983045,0.4002392538801252,0.2503855098579084
1009,-0.3863683863091699,-0.43806442982347676,0.9863524230962203,0.5587078282863724
1010,0.07648567676880494,0.563992742378669,-0.06294822658169331,0.29870054632390414
1011,-0.114083039261787,1.0102546589203554,0.3102562106618799,0.2780238531087331
1012,0.6626486783770974,0.1088375501317363,0.28789836341890634,0.24282583140100933
1013,0.9714311709560521,0.0480988250284987,-0.47919693418627707,0.32687935922212213
1014,0.42204861931495175,0.5326483916266785,0.7543613629428403,0.3769352107573951
1015,-0.432972296417069,0.8643286521467567,-0.22228003646204036,0.27014746336932094
1016,0.11434001246671695,0.6968436126550843,0.5064166623476134,0.3361647936262432
1017,-0.7581475194394538,-0.1345799231597528,-0.4288456383205464,0.3702499476736647
1018,1.164278042375162,-0.37527835714723545,-0.3914108077462166,0.31079937298829763
1019,0.6305232110817416,-0.057637148548997,-0.8459496032339714,0.26344712444154816
1020,-0.3914726025775196,-0.045300404861603,1.3202212342439106,0.5519255051622204
1021,-0.2504699692341516,0.22484294947845165,-0.43563502035644647,0.20189571802802186
1022,0.03507285230839695,0.4655080533879602,-0.7358403397607438,0.24857826394428423
1023,-0.3367719133833037,0.2627911697731676,0.9088891540294561,0.507166793756832
1024,0.3284586024697934,-1.0428577710002283,0.4662414137269928,0.1415984008097019
1025,-0.22226180259827177,0.5092826596611468,-0.49585399154837123,0.19636989985697578
1026,0.6945426996070858,-0.03631408636124145,-0.47645603572185735,0.3862623459385294
1027,0.5476887171585225,-1.1136479857224875,0.21174785101906007,0.34704244867597633
1028,0.2453102872004223,-0.506077079286904,0.2368593772616743,0.17475013752347468
1029,-0.45100228857552827,0.39569128596380887,0.479101302718754,0.5921506226820239
1030,0.6664044888993017,-0.031537670240896744,-0.25815420048504145,0.30992835431790844
1031,0.22404260765981615,-0.6136325231853693,-0.6574774170980586,0.40091615371250683
1032,0.040011420297000444,-0.2019844623915085,0.36284764680744347,0.1816585436379703
1033,-0.03586510787543373,0.26314035491005316,-0.22319685794109412,0.1759854123320505
1034,0.48941026304464363,0.7669403552525458,0.37050986380372125,0.3413795136140952
1035,0.1002103063168628,-0.8145379227285143,-0.40212573576742916,0.34086828122430496
1036,0.742646955639394,0.7341377160039626,-0.015947077082410548,0.36607354386368124
1037,1.1087452179984676,-0.31297519914816024,-0.20936470863120904,0.3729316640230001
1038,0.3890257202315826,0.7244146762343675,0.033624641459711495,0.3369684240492037
1039,0.6991889143811478,-0.2996007404188051,-0.5158077346301382,0.1945606673924802
1040,-0.46041240181689347,0.6753764737447379,0.5647200934204137,0.3092776366006606
1041,-0.7957471289816141,-0.3212878238463449,-0.5908612263627921,0.25133774606609355
1042,-0.03876523876604834,-0.14720330299939471,0.6496785635339692,0.27409953134105597
1043,0.28662533197673246,0.29244079875538154,-0.8472369825197321,0.2505120445568936
1044,-0.057574420010721945,1.234583762351583,0.24090865211007273,0.25143207405442747
1045,0.1464231768583014,0.37339079437097167,-0.5262892783503639,0.2625291398634329
1046,0.2458802941827972,0.10268705527262695,0.6507328552475874,0.31276705612888883
1047,0.37193911421982284,1.0760925554229963,0.013478568632053448,0.3941750219824622
1048,-0.35181449771896967,0.6803970134839872,0.09333017990641568,0.18647971291911566
1049,-0.43392868020117253,0.6116909170790472,0.32618695352791094,0.4653562983979494
1050,-0.0945545792273741,-0.06557782871628859,1.0319475794867339,0.40639819127027127
1051,-0.3358284831768164,0.6805572295444863,0.5910794774927215,0.4924043216363721
1052,1.029842024732301,-0.045144476255410695,-0.06144489228206015,0.35801334371968424
1053,-0.3406929040500087,0.1118358028146753,0.9043778299807025,0.4198163848436118
1054,0.9784513491272253,-0.5680178624034655,0.1577284002454993,0.40011986214804146
1055,0.1494924863191605,0.6940666014285268,0.542449675211911,0.3371025873744945
1056,-0.2507185435420302,0.5010985452673833,0.658800403845131,0.37476202004690434
1057,-0.4313959473586873,0.04555739713924925,1.2833753115158317,0.6218804991751856
1058,0.6092180566263001,-0.1938397755786502,0.0803754224641595,0.19762973517753232
1059,-0.0219017535850623,0.33609836571055973,0.0863230624835775,0.18970514252297355
1060,0.8262335501405342,0.3473992799544726,-0.16799109231313475,0.21751115368296173
1061,-0.32314245862207636,-0.5749653767603307,-0.636793297161051,0.4350436663557269
1062,0.14434160798178305,0.8532630158928187,0.4532872497424252,0.37684485836819237
1063,0.7707976793269162,-0.4207330033349217,-0.592009708289547,0.22938241022059652
1064,0.3800247241499297,-1.1972529669561554,0.8298527699298494,0.4351813863135082
1065,-0.4541065649854883,-0.7362311773200945,0.2939441076462162,0.4160632190195901
1066,0.024929501585766844,0.6216626417900804,0.7092493941503497,0.39082234533418486
1067,0.17208078020631654,0.38364882785154486,0.3689749420121189,0.44674450773551744
1068,0.4932069830798298,-0.6229891965217451,-0.610872789179356,0.25697628624300967
1069,0.8160495707860695,0.1392694711117246,0.25557516054019563,0.3055518897746645
1070,-0.5380808856193589,0.6570349834613811,-0.6846203066186753,0.37774180447586625
1071,0.49237829006827394,-0.07513236712455085,0.2626178924893182,0.16137785224805432
1072,0.480746853057193,0.6411818535895173,0.006773973330915811,0.25507753748246087
1073,-0.8402970819312683,0.29097746730592583,0.04513924665124544,0.26855652320075385
1074,0.5062958462745191,-0.4142208198378207,-0.279119032973696,0.2663480499645593
1075,0.5088699071979704,-1.2173454006935174,0.4582058341299325,0.3700651203475694
1076,1.0871592705153112,-0.2451091101088275,-0.7335627056719465,0.3267937677134534
1077,1.0206205755023394,-0.10167546474115935,0.08126891540407596,0.29738999722314524
1078,0.1984921033294549,-0.4237281018113884,-0.7240392358050998,0.1658141846047568
1079,-0.9444132684729196,0.5813409283435307,-0.5392149775607996,0.23837668612826812
1080,0.033113676014942,-0.6036496674622738,0.4722487174390254,0.24999051083734866
1081,0.07200518737911779,-0.9710610307347389,1.16892038346862,0.48987263253463487
1082,-1.0843951797270341,-0.13356172516382858,-0.04998939971528726,0.5061234722834033
1083,0.3768181188827804,1.072208486978655,0.23612834336399285,0.4906347179144113
1084,-0.5883542270354603,-0.2571750957052979,0.747735549149855,0.31106856235975744
1085,0.3143944318121361,-0.03592425854993936,0.28779630282642416,0.35264032110470067
1086,-0.266515357094116,0.4141334212465031,-0.7277345272722351,0.2980177970668494
1087,0.40076798413142684,0.23979986289212193,0.603505718473507,0.3242449954043083
1088,0.6918045600338292,-0.6398260610637247,-0.6629410429176732,0.5536482064218198
1089,0.9669583094171298,0.20557979502719773,0.33725976479519687,0.32592643762971
1090,0.6019285685096103,0.3715557009694406,0.1662187945110929,0.2912236419611123
1091,-0.03473500323233615,-0.7934992018661419,1.0568262866261597,0.4837385453425819
1092,0.12076681544555509,-0.2516125990767102,-0.4695754025013733,0.42744797163039644
1093,0.9972130642117434,-0.30215093209130706,0.052026259541881156,0.32684925958563343
1094,-0.034955388914094755,0.5438737150921262,0.7384497166974294,0.3796156097663945
1095,-0.6069745102011076,0.6595493582064949,0.6630896616788149,0.44911479901468787
1096,0.053092451864406455,0.7244631792416799,0.2554558826097737,0.2611059103072742
1097,0.00381963387858425,-0.6626156750135321,1.2555793359389327,0.21598507121526428
1098,0.38069643764499106,1.1508545771552647,0.4719746954163193,0.6157568822303126
1099,0.6641121682890032,-0.7386490497162876,0.13072038811454592,0.24928187212533648
1100,0.2826646434412104,1.3208804338415203,0.2031818544829313,0.44446500880069045
1101,-0.427229808032606,0.9412497628364116,-0.49130592964270847,0.24876065487492863
1102,-0.7899503809684627,0.561629492528094,-0.7104938466633067,0.4755334746139343
1103,0.1563640948858372,0.052042920981046153,0.5006509383046474,0.35747756884088466
1104,-0.7999422816779685,-0.12109664430709925,-0.43889326556084207,0.3606893736136104
1105,0.2024359114587722,-0.5394303007000096,0.8906952108134095,0.28283408450951186
1106,0.20989040898828482,-1.248513040333197,0.7535790726697983,0.42625395793730964
1107,0.6296582513573444,0.09904966340272821,0.10558515888925295,0.2658775484965806
1108,-0.9211216123943708,0.0443719475025207,-0.1366599740653338,0.4657923823216445
1109,0.6726649882090501,0.21698768786667805,-0.06447723499132785,0.23758501132298343
1110,0.43416541344107706,-0.3715050447912429,-0.8450094249558906,0.4689196103520661
1111,0.3569369327095789,0.5784942979250132,0.33261617739659827,0.29389048800995266
1112,0.7206256754227784,-0.5023164341233716,-0.7781586771342053,0.4936230867065449
1113,0.5296480405015194,0.03618331270906215,0.06504479249073684,0.2121226849362457
1114,0.41522944189576927,-0.9127722269060334,0.509869738298159,0.23106088906869718
1115,0.702204894976336,0.013472251721642698,-0.10951768506737805,0.23770683983229518
1116,0.9875641909802344,0.022953997844008603,-0.15133226164294744,0.28286283361384973
1117,0.01367336997785885,-0.0573834458379811,0.7728141950105356,0.25706651848760975
1118,-0.12153119218185499,-0.48276319970561743,1.1991060153379989,0.3123468601780513
1119,0.5784447181291598,0.1942363304750136,0.1693255949653537,0.2907147543561776
1120,0.27743437211993555,-1.1067611630829761,0.5863504109920572,0.3916420874337079
1121,-0.41474117132725596,-0.0342089179653981,-0.3354003558824458,0.1192423213595689
1122,-0.3240989745855434,1.055255401575436,-0.32705157192529144,0.4139774488730117
1123,-0.3418344601073318,0.7469120633426107,-0.2527805188301016,0.20143017788239911
1124,-0.4733312823502107,0.6362188828402555,0.9364069392498842,0.43714466732592067
1125,0.13597651855638543,-0.009899473865768754,-0.42137736188388564,0.22269047512564263
1126,0.12041965736245105,0.3664946287326476,0.7362103182397073,0.31799721532212977
1127,0.2197804214384794,-0.4412914222859684,0.8349533409435332,0.40684025532869905
1128,-0.5808959844239838,-0.18216680033115012,0.291199175082509,0.17380225964216198
1129,-0.405203527030074,0.36564270337731525,0.7703694319326921,0.3782724671453614
1130,1.0753736738141555,0.0937760536825039,-0.10337849951401465,0.38323654813959945
1131,-0.5230040007388826,1.1438432483536805,-0.28877986710052,0.4661865529395206
1132,0.2537225123375667,0.7077751227319996,-0.2614332025785906,0.1238406954126518
1133,0.2249026581600434,0.15019114554181054,-0.0009352327973430885,0.20284011881429484
1134,0.4138642218331008,0.4731006753703794,0.5166308039243491,0.22501688994415123
1135,-0.03823362988875016,0.2098933140342066,1.0449957076053185,0.41556717053071013
1136,0.2317605696401846,0.222215482895286,0.037765951704639394,0.290206384235698
1137,-0.12469564462388526,0.31867055019786755,-0.1083047847215279,0.16941086432741528
1138,0.6015832884749619,0.11869787658064782,0.3200560057324621,0.16349182252507927
1139,0.38976954307686906,0.2200962338951002,-0.15257571092981204,0.23234699858072227
1140,-0.4445929553025569,0.3016939561979062,0.5151128521966497,0.3017252883654186
1141,0.1543054343452434,0.7469201471771627,-0.13261699410741726,0.2601209813304588
1142,0.9734020093245932,0.296841817086849,-0.18299594934041702,0.3590181909327364
1143,-0.19023045251715215,0.6179559644067505,-0.11476494610471605,0.3493781119661727
1144,-0.20015886857989684,-0.21021201795225744,-0.3340542172205483,0.15356651967391338
1145,0.045311084407208005,-0.19458581781132162,1.1926225748704806,0.38821173905217904
1146,0.643700766629293,-0.0222218190098446,-0.06159858369344435,0.1899241147268137
1147,-0.00861284656189905,0.399033359743884,0.5378078893812954,0.3193024312441675
1148,-0.2817078851489105,-0.26549207396391306,0.8792400926901782,0.43966343621268833
1149,0.15935649798707346,-0.9962025872400625,0.7235513288054585,0.3090111710400776
1150,-0.0713790261971788,-0.4052734252526601,-0.5221928589405899,0.23857329371144173
1151,0.5504950612833096,0.5046051666330134,-0.12409514658433166,0.45403354309669963
1152,-0.53568414331195,0.4795690021762891,-0.7524991774959036,0.3086985207274273
1153,0.5071272765003927,0.6080357646972548,0.1265732916571549,0.376853527250337
1154,-0.7954958780416261,-0.3731765349804142,-0.5419416613005845,0.37997678427167975
1155,0.9331809745870855,-0.6929992834348027,-0.35344861230093094,0.385726127334741
1156,1.0173010670289262,-0.2934021706682319,0.033549773946314504,0.21408836559129682
1157,0.34896200096645147,-0.5122497543244611,0.9961312210685844,0.24706745969587035
1158,0.38552977433788327,1.1344692237337957,0.42469047366458024,0.5881890761184453
1159,-0.2645326143216561,0.6913009352719561,0.305954476086792,0.18116193680682066
1160,-0.7263870434263182,0.3936332071633955,-0.6881882025020063,0.29974416674155674
1161,0.0121193826386592,0.38685879011741403,0.18237356765454385,0.10039729008070165
1162,0.3563271672761787,0.33639986000108085,0.07859983238494085,0.29830365981717893
1163,0.39312142998684924,1.2613689059660662,0.4340232457941795,0.4946089321368348
1164,0.648999969488597,-0.6449775790693457,-0.7138683883797367,0.41367427681545765
1165,-0.569312952597286,0.5931084983060967,0.0741325584396155,0.2667349314360881
1166,0.2235173082818192,0.5550391023387767,-0.16433792927691246,0.26166034005936006
1167,-0.9052390722638899,0.28378497624636984,-0.04257241497884939,0.41215233495544945
1168,0.1900742550618913,-0.19354930212331856,-0.6989431535923323,0.30994875887857914
1169,0.2384417683263658,-0.2639973861764616,0.4698375977601437,0.25811635844415065
1170,-0.2762098129298514,0.8774842996067529,0.0801362307557921,0.37760418134973744
1171,-0.10980774181140579,-0.23886469418753153,-0.5335645821286378,0.3191328026300798
1172,0.5220801991678647,-0.39368677201103486,0.9890924737639419,0.3713598365168373
1173,0.8911569252128061,0.0802485277977383,-0.04220469729108035,0.2737047474030966
1174,0.7014816755893245,-0.31922834107778114,0.014357486533738549,0.18779749721852568
1175,-0.23617602265245866,0.6979565375783219,0.0636668755826129,0.31018726017126563
1176,-0.456581843864669,0.07643503551019501,0.7082993249107934,0.34877268673898193
1177,0.4632339961357363,-0.6924203197078498,0.8407697349691439,0.4456011325038638
1178,0.9248157392136407,-0.8242820660911144,0.37490089963098794,0.33167538216234305
1179,-0.08275368827237499,0.8737904405155945,-0.5250224369396099,0.3179728548460692
1180,0.0014904049347843548,0.684061987347011,-0.36363314457799256,0.2048186141646826
1181,0.6021354457358001,-0.4120896465520884,-0.7826693229456008,0.35694060935134897
1182,-0.6549332367542784,-0.19316000945682726,0.0431770989086539,0.17243476061834032
1183,0.23705723355421604,1.2020416190052008,0.3388717725015558,0.4989397484661682
1184,-0.0769802038271874,0.03147206148710625,0.7815428837329912,0.4564869067647785
1185,-0.14987328955773116,0.128716140002747,0.07671409938472001,0.1414061813192369
1186,0.5943330521217376,-0.24023472786110955,-0.6525271039191324,0.29479307734485977
1187,0.5714240553003208,0.17234992134504523,-0.11969987883854785,0.2076234768834389
1188,-0.5351522755833984,-0.5128025652097246,-0.4473978886810154,0.1701290665435553
1189,-0.0807040159284945,0.6851004704791709,0.35914888643881926,0.24859456591948031
1190,-0.5898563353513817,0.24490007310204032,-0.8561235027274468,0.32678423829703035
1191,0.19604633900063365,1.2055414912503948,0.2123552055084629,0.5323481456814793
1192,0.7966760414880181,0.6490617538979571,0.0081542993946562,0.38312794681846724
1193,-0.19045301502780232,0.3703218207273446,0.45721701351630967,0.2086073341506795
1194,0.19470068148375294,0.3542435019191426,-0.763184891855901,0.37237841510490133
1195,0.6592761439490546,0.4703725889711615,0.03625132757897921,0.353490772857971
1196,0.10304595777331967,0.5894831629339917,-0.34058163007679737,0.2600895227179334
1197,0.08009719492810155,1.1668662106242338,0.4109136360242608,0.464753614851254
1198,0.4157167872087386,0.4372830995124063,0.5119264365674836,0.4275514909293181
1199,0.4796467903050402,1.1222376013746853,0.37195412786842824,0.5637157832326914
1200,0.49578840198784546,0.4471280326782338,-0.093408127747815,0.3088436429279923
1201,1.0882766267341795,-0.2348350663546827,0.0940560987640198,0.2865041702497263
1202,1.084708444818365,-0.005310487493502075,0.0826358886698245,0.28476492619621874
1203,-0.1702976888548453,0.640433003420545,0.7948688348294779,0.2952482906387658
1204,0.008410374626056302,-0.35466287916772665,0.7009723267288651,0.4029686946075524
1205,-0.16002744043584824,0.02460755438620045,0.1108167992724322,0.19735989695375825
1206,-0.18351291552097448,-0.6937161004649892,-0.4570228398126007,0.4237614316786558
1207,-1.169189607221311,-0.1784549351910673,-0.13544667101605204,0.7732647384821296
1208,0.5557599856276972,0.6125808440117598,-0.4122247818774526,0.36672625891634664
1209,-0.9581120733401605,-0.29846374657072905,0.006509213487134201,0.5224049703543291
1210,-0.3711862150582476,-0.0417676621333899,-0.841924094953004,0.2818959457060386
1211,-0.4263952936215857,0.8186148447709856,0.29341217173806405,0.20757923101875958
1212,-0.4593031525989822,0.4076753377418521,-0.35296815178228624,0.2815989757184403
1213,-0.30574020829044385,-0.10691554606503861,1.1193713576181117,0.4550914448529081
1214,0.830472498265972,-0.47778426275353336,0.3527168295161664,0.417820839774281
1215,0.6071716997814525,-0.30536799604360515,-0.6422567251614361,0.27264785083930554
1216,-0.3534484824872808,-0.6667505437952691,0.3253154679772775,0.2905813400861409
1217,-0.3943162212827941,-0.39132946541576924,1.3619380881201018,0.5052315974869751
1218,-0.1402419135694563,0.7026482843458836,-0.4552175768489556,0.24981841574242714
1219,-0.5560243884143465,-0.6093348444647567,-0.34288589204688136,0.3495560215520666
1220,0.9914296442844046,-0.12036271208670266,-0.20402578664088306,0.24638325070068398
1221,1.1221666224416547,-0.5001741298255771,-0.06969073252517205,0.2823823813371155
1222,-0.7671169907429285,-0.4372552530947865,-0.5230849388860098,0.3761637894897799
1223,0.6731628638113061,-0.6403401274646944,0.5064390441804381,0.26297302696460806
1224,0.26903703368359766,0.5944587001425727,-0.11482521031999185,0.2817585122480904
1225,1.0812561842042796,-0.10355001248083615,-0.2758013854806676,0.40189064670282
1226,0.0061983708783308,-0.8524287440204177,1.3330818014730297,0.5416887621851809
1227,-1.0215288239682603,-0.1325942840792429,0.3451166783031473,0.37580392551108005
1228,-0.17535483137052485,0.43770140017554765,0.9860043177720628,0.32928338478332303
1229,-0.464847173669254,0.4491124881443389,-0.3165007490849024,0.3098596057137501
1230,0.053725591015239896,1.2531106016140776,0.269084680816695,0.45276657641449297
1231,0.5858527766423203,-0.8386634595920842,-0.6378413434389946,0.6975257270909447
1232,0.5501904759701772,-0.6898555028424626,-0.5550491917078022,0.45005038106589473
1233,0.2035928333670941,-0.8896740673458464,1.013550984599999,0.3597007846521104
1234,0.8875684317348111,-0.2799266954860825,0.32474948596673203,0.3303317645451608
1235,0.8687056434970561,-0.21807124278354073,0.42318377643804544,0.3164996680445947
1236,0.4276957623185934,0.18166549555996014,0.9970021626163368,0.3748539359860581
1237,0.18859654760720648,-0.14873803535823907,-0.5808341935172829,0.37761661819823744
1238,0.6334226315082778,-1.3957522546972996,0.4950709382583011,0.3984529306368385
1239,-0.13924240076056,0.5511470507930242,0.40191568707055214,0.24058082423695631
1240,-0.09685162524991539,0.3489042677055746,0.3398274230693733,0.20560345303168145
1241,0.3009870383814725,0.5396444089908559,-0.8313767692739938,0.3256085446754092
1242,-0.42889573063960595,0.49867012107468767,0.796885064936423,0.4554950427747361
1243,0.3169391709467997,-0.6302555816359253,-0.8298382160865354,0.589968971804721
1244,0.42163333378494616,0.5392580470291807,0.19306975936873277,0.16762598685248656
1245,-0.05812195374757685,0.24095126787515875,0.43867019611967967,0.2386523976327729
1246,0.4167866910361353,0.6220871312455618,0.08161739517177521,0.3779683908926276
1247,-0.4657857572990821,-0.1608518566049637,1.099951500376902,0.4689658009494864
1248,0.1534949765783675,-0.7357195788810754,0.2106108991273967,0.2722363278155117
1249,-0.3285064954591431,0.37443782722846003,0.6843659676093055,0.24776224203600797
1250,-0.5070774228504854,-0.20832806582951044,0.1814740694880173,0.223284588131781
1251,0.7342475298706085,-0.15378358839552203,-0.07675480069119169,0.26067288718346177
1252,1.1132250850436518,0.14267653822905796,-0.0291409838431992,0.3568742545259664
1253,-0.43396681394752235,0.08438609748681394,0.9600887552711054,0.5149030795957333
1254,-0.19783601453664573,-0.47954175386169307,1.024869437895529,0.3927293668432334
1255,0.4069926848635793,-0.02829581334431054,0.3830731016659148,0.2931941962149819
1256,0.7880582994706327,0.0736658846165334,-0.5812473813679494,0.28541015940922887
1257,-0.6869831855733275,0.7051987215554164,-0.5329133612250911,0.41536309079258027
1258,-0.04818997021888795,-0.6135519870392712,1.1062604642839924,0.5922243752262079
1259,0.14924894033456582,0.0359314357862239,0.16654725921174918,0.2759612348394632
1260,-0.3461284499226916,0.35187060687033256,0.6663089718198595,0.3051836750292551
1261,0.2659481892143181,0.07336564004654066,0.48348342255074783,0.2528476393322591
1262,0.504979185605491,-0.9077361490798104,0.3008556359913662,0.29058436669318766
1263,0.20298028665958845,0.9725271008664611,0.06833810115356301,0.2944661173683981
1264,-0.0344097304719585,-0.8985651269219945,0.18319167733807212,0.2597081238011248
1265,0.2611335228565106,-0.07379820704075296,-0.49951805583713393,0.23897427646691535
1266,-0.049978675062699845,0.9443647337504726,0.0027631178028771977,0.20626825163427576
1267,0.8991813140677505,-0.06894893882420955,-0.26980818345371005,0.31070347316248714
1268,-0.3257273141935412,0.8786215264002171,-0.4647117058850825,0.23508822895941475
1269,0.9259901969175112,-0.1217998655111837,-0.5613342760079016,0.3256874432737955
1270,0.8997727726593154,0.09695803417059529,-0.10128165100607185,0.25267210180039984
1271,-0.7754213795494072,0.5154081412222223,-0.7973726893371649,0.38504904234298554
1272,-0.028424538746342654,0.14300106892972403,1.0137092682434972,0.2908241464942084
1273,0.09075859994737055,0.5904643540923014,-0.06249578574391415,0.20865422695359864
1274,-0.3953317112722451,0.50067322476349,0.9884114669364094,0.290114232779649
1275,1.0358831944183298,-0.3072108458969805,-0.0884752791808656,0.2840639145138698
1276,-0.17860266971472274,0.3748183592596094,0.6816070393351104,0.5631940399356694
1277,-0.6579803015297668,0.007733654675410352,0.8945954995220969,0.3678995819899656
1278,-0.4682203689941139,-0.09860215012874446,0.9506399762933435,0.492373997508097
1279,-0.6324769762825061,0.010016223575997296,0.22289553686471555,0.28166994266436646
1280,0.4862568379413813,0.2699230446652257,-0.8834751480549763,0.16213313752179886
1281,0.07227234390250534,0.0828020782909051,0.5195384639992457,0.4780145397386777
1282,0.13432742678832896,-0.7293673470199789,1.195742749317651,0.3788033355373973
1283,0.25180277781541216,-0.3714694608092427,0.7224665729304958,0.2427551369410287
1284,0.4986628184847993,0.45154972648685765,0.4982531714237576,0.1467786435311985
1285,0.2239844411671306,-0.052813214717373796,0.7586552271385827,0.1930800960744218
1286,0.7353046122997524,0.18843058849459304,0.13084572779135792,0.2268477952769408
1287,0.24237192342893532,0.09576154166330264,0.7712948868081195,0.17835204215903555
1288,0.37722983556997336,-0.30989983524591147,-0.9934775608843787,0.42745053053667564
1289,0.9068155535016351,-0.16646276809936555,-0.1405873781384091,0.3049818192484833
1290,0.2713033865564555,-0.4235248034457181,0.44110246126120156,0.23892177809384288
1291,-0.335442409286129,-0.062496401938125744,0.7234317894710546,0.31686725855809883
1292,-0.26047040652754566,0.4514140641294372,0.9349347685438711,0.29336714418541
1293,-0.02813619497249185,0.0926601413920584,0.6333789655195996,0.23423214269497247
1294,0.034183395341977146,-0.0834624060644574,-0.3900973163221607,0.2862350378530302
1295,0.7617183229126427,0.1090777073832204,-0.5831348028965935,0.15951210649929892
1296,0.948458882249446,-0.1611526961300695,-0.1404408082192872,0.46638229657386737
1297,-0.6554701272986405,-0.7994469398002131,-0.4885780024677666,0.46267851640982277
1298,0.42246595362509065,0.32824664549826865,-0.14705221653338074,0.22600752993564172
1299,0.5578290993529489,-0.8574133975782443,-0.7046520187367592,0.44379844837746796
1300,0.10069485589860874,-0.8691011365266981,-0.6101135872363868,0.36599358044883445
1301,0.1716098389030963,-0.5653054274160051,-0.37947950341269254,0.2922718686988355
1302,-0.052170606823341,-0.43544249726723583,-0.5586155898169669,0.23643356497290055
1303,-1.0227270739575482,-0.041192576632359104,-0.17701290674388928,0.5369162374326458
1304,0.9788492971307274,-0.45094100870843035,-0.19685873943595855,0.38358183954772745
1305,0.6653173356649773,0.4481193601088401,-0.37576590660185505,0.28082077208412215
1306,-0.18465866827308652,0.802488979920309,0.5337378435137985,0.29580700469805177
1307,-0.3859266428765842,0.8377190863967499,-0.3740985942909031,0.347662822764788
1308,0.890229907277278,0.0032599794182046476,-0.04467569261175135,0.3213150120992531
1309,0.6918132618419217,-0.19824188308720275,0.8058490455024356,0.35982915590751463
1310,-0.2510834907644627,0.4723176137084508,0.09576444443515005,0.5055307022923214
1311,0.05831063290453249,-0.247181064899391,0.2668392488724728,0.2786143497935135
1312,-0.8563841035369766,-0.08881362122596355,-0.5796564060846708,0.2540169909043094
1313,0.3218868482965329,-0.3917257370001741,0.8385051852093841,0.20886288170479636
1314,-1.14956335098038,-0.06489564814699625,-0.26230631307289504,0.7247313716878937
1315,0.7598085514100068,0.4873442281597581,-0.12123754183947345,0.2443243093557072
1316,-0.9587841172836302,0.16980375899817665,-0.2551296221805319,0.28312137948948407
1317,0.33089764768097363,-0.44438603880975935,-0.5871167344272887,0.26422839529777514
1318,-0.7402873557331091,0.0026990878462997553,0.5101067539950017,0.3960033826155057
1319,-0.725420129352928,0.4535736567525277,-0.7106976569894818,0.4795697335160937
1320,-0.6975283890981545,0.744648413385037,-0.5803347564825503,0.3388044087797627
1321,-0.2797123457618284,-0.36872511859942253,1.0176495164365453,0.4149322248498562
1322,-0.16793301931922555,-0.18975659863771527,0.8259338014339181,0.2914797835475859
1323,-0.4589097207237305,-0.6744091837598635,-0.3557401573205464,0.25422973309586605
1324,0.8253034039600717,0.5254269586765962,0.228459287474352,0.3708231011036597
1325,0.024293184622737544,0.34489129861589135,0.9371090279553048,0.32505796357061756
1326,0.9634855610017126,-0.20533282254915386,-0.6070866421660956,0.38701716237867506
1327,0.2545091833264985,0.33992651467009466,-0.1416114600296921,0.18740621720718859
1328,0.7025358060126851,0.07421382883193024,0.0501450763839391,0.15897954213471624
1329,0.1845054476072396,0.27383356185485774,0.8219880990821131,0.2539557756571615
1330,0.2818714130513683,-0.9761108586346862,0.3484206762693396,0.3998374397818223
1331,0.13452572887831593,1.1800265925418492,-0.1705552110360974,0.3716372832903909
1332,0.8649177354194321,-0.040264914120716304,-0.0722903527348593,0.21268395144178467
1333,0.7387160515204316,0.6384783775557699,-0.2511290179275655,0.4200256852924698
1334,-0.44211227909936945,0.44767586986466856,0.4922810724696052,0.25033406681308856
1335,0.5675011039730583,0.11312225946046625,-0.22009794906109625,0.2546057734262494
1336,0.255280978629571,-0.3261060032972979,0.6167672511508981,0.17618098345191435
1337,0.5380485677650001,0.6736590240600603,0.6833572308382545,0.4223236961612934
1338,0.25169924282153155,-0.04558051224716042,0.3890308940507901,0.33216924709032863
1339,0.6240384254221452,0.1610018325121148,0.4916860251622668,0.24079086344784623
1340,0.458361572903583,-0.38916941949354494,-0.046385331172845906,0.1957680557350986
1341,0.059654441287193494,-0.6483811000653305,-0.33563785199741747,0.3308360342649776
1342,0.2796973709414464,-0.1742748781519337,1.0358357447026414,0.35973016555762827
1343,1.068158134543832,-0.22929964805351585,0.11815596333697528,0.2620600293090424
1344,0.4498055806788137,0.22149395973867606,-0.31405268666490965,0.18988140652970623
1345,-0.4221602888471569,0.13216797827931576,1.144941358185005,0.38354483838151554
1346,0.5865400873022666,-0.6009753536727983,-0.31202771012203134,0.33030057100447596
1347,-0.7094271533643007,-0.21875512322458462,0.6189915729573426,0.5252792163136992
1348,-0.8629054367905618,-0.5430791572604997,-0.5479770129533726,0.47725262589163964
1349,-0.07543859866523074,0.1349263066561588,-0.04399137937709665,0.2455844139654037
1350,0.49873399707200683,-1.0190088977079634,-0.4142740760556156,0.6127301889687365
1351,-0.014975015897322199,0.579062949096673,0.0627926205627663,0.2032172176467351
1352,0.43641517229635096,0.6459678362103306,-0.06110462907735805,0.23770594890793803
1353,0.22087275720534497,-0.12808602902353472,1.1841635420177368,0.29137181131881124
1354,-0.6064591869228788,1.0754398046703812,-0.46465688169861835,0.48698548516123585
1355,0.5146925623663543,-0.7202338731404095,0.1304406434641289,0.2937248720842692
1356,-0.43990860678214516,0.26626929625158385,0.5896439881238378,0.31702603231353405
1357,0.9500091258835502,0.13338256182912034,-0.08296618319835375,0.2340154737786092
1358,0.6113922749753733,-0.7969176313669704,0.4145810914998151,0.18483522776763392
1359,0.6414415128897459,-0.1077570423923839,-0.3307626889307876,0.239217390008029
1360,-0.45475706369271907,0.4766284129206572,0.05077807672345335,0.23963607615959173
1361,-0.20417825576772913,0.7591856662381646,-0.3828400352886897,0.22533297479861197
1362,0.858849006336128,0.2098401332316667,-0.4629556645847229,0.3619483952125886
1363,-0.0134924783883987,0.4953694989820664,0.4214182963344492,0.22307987476584393
1364,0.7919605647275183,-0.05586020335301339,-0.4976020352998806,0.3338245467735751
1365,0.6608520964693461,0.5765451746080561,0.23971214250038192,0.3410722887469018
1366,0.07695187338362534,-0.47460056665413713,0.8506359690409515,0.31510818792984174
1367,0.47642238488361555,-0.09943504321628027,0.5702276916287594,0.3465025022352367
1368,0.4426014528935329,0.3871241338020177,-0.5209394763024149,0.39825337029020136
1369,0.3217596421816512,0.6515697320886276,-0.0802114091279783,0.1770465590648777
1370,0.16267020709091615,-0.7591977290317797,0.5492019944021679,0.2080154072712023
1371,-0.6086481212410806,-0.6531203928753666,-0.3845680145183489,0.4380230641063665
1372,-0.06767896232150145,0.7198806523820693,-0.3960094195299917,0.2960694834494336
1373,0.7158849744337574,-0.04188728903395355,0.3324924767934022,0.35654150369513116
1374,-0.18228738288495344,0.29613657807203714,0.08299230946659406,0.16928208610404893
1375,0.6621912056002633,-0.8131168299441751,-0.5964384286800354,0.5532938130039583
1376,-0.020624573928083208,-0.9445792701571676,0.3234018636606132,0.27378798188439146
1377,-0.06423295544354825,-0.9483601123154375,1.109138225395343,0.4341924033192472
1378,0.2673832495481393,0.4293478022723281,0.2330366124960372,0.21117859980820883
1379,0.12132677128883584,-1.049550908993198,0.37353069767281505,0.2657567683671489
1380,1.0459196616032056,-0.4291224748279213,-0.0580051196746993,0.3227064351673395
1381,-0.3807436256777359,0.9834375073503714,-0.0262290847848131,0.33086052953807255
1382,0.7243912672178767,-0.8078974681682016,0.3988642689355816,0.2843670229570093
1383,0.6056919518078447,0.6320354103180654,0.26466652256006795,0.35232381524994233
1384,0.045921003361431345,-1.0008439926204917,0.5923083093515198,0.3379152057611057
1385,0.8552796568359367,0.4180481251573011,0.07353544109533974,0.29337738813336245
1386,0.5259778367701621,-0.0784636750501991,-0.5143509655641372,0.20520632430815866
1387,0.6256749381207818,-0.3854342849979292,0.111390446778121,0.3306140781200215
1388,0.41555070383858783,0.8663710165771997,0.5057593938276218,0.46876252313033917
1389,0.5283787881641752,-1.0032295548617616,0.3281792192481954,0.3944057167787237
1390,0.0999468666496376,-0.8358622975950114,0.9755306656260998,0.287213538639501
1391,0.25333614104331154,-0.7705841247894236,0.5260667246521928,0.25251899381896287
1392,-0.23188322107450138,0.3882737759550899,0.6151210419127515,0.40701570912916846
1393,0.17445892652953282,0.6312780230154074,0.304696070253182,0.32439697210066626
1394,0.14651743175937448,0.13691776937137334,-0.26330498225815846,0.301367497757459
1395,0.1269956192454475,-0.4989835018758273,0.8795282870476842,0.3892061309834143
1396,-0.8461371186859432,0.5732609720173911,-0.6064230716906496,0.4274439609998366
1397,0.5568490554627913,-0.72161837461134,-0.7507175892550473,0.5468179268294268
1398,-0.4010786937550648,0.5939354418425018,0.3809597635121979,0.6153840148043052
1399,-0.044550335719060696,0.5458820317209667,0.04703790855110923,0.21051434161052573
1400,1.000863153273097,-0.0040205524064417,0.09255188840779881,0.35578293063770744
1401,1.0167537122849595,-0.40930397857124046,-0.0703640667925889,0.2989755501668788
1402,0.8051826647205458,0.48986705189705937,0.5210239451134157,0.3562565810106651
1403,0.2410848929672097,-1.0812746711201462,0.7074782620687675,0.5369638109867996
1404,0.6483201710224724,-0.33619007064364803,0.17069604419756346,0.3181995833751235
1405,-0.42850897382220754,0.019655862600801752,1.2978925300124269,0.48523030131360395
1406,-0.19183651990241196,0.6276796589417611,-0.44308872881984834,0.3916023245352128
1407,0.15800756490034276,1.0065933366336868,0.3843713539443261,0.3401556157340725
1408,0.8690378102373577,-0.42355756060395355,-0.865492984454065,0.3334499416882166
1409,0.5829511091666059,-0.6870545423116714,-0.8856716762596748,0.6038081367549971
1410,-0.5225734264625068,1.0333570240891723,-0.4118139961174302,0.3802906405267052
1411,-0.34515926677022923,0.614006545337292,-0.2925471930270869,0.36845310422742145
1412,-0.33034806241024883,0.49770351103851385,0.26296596955358587,0.4575142475239201
1413,0.6341432513678085,-0.2763873925120724,0.013425009075663658,0.23837249263239538
1414,0.12856295807722207,0.7341405113486208,-0.11278026816487789,0.15266346164500397
1415,1.0825959982918019,-0.26260356689000375,-0.3479679245727712,0.30260552865255264
1416,0.11161512387464415,-0.5636854307492647,1.1750210154671465,0.2310351749750455
1417,0.1117402123659742,-0.11790355799023075,0.7744082788817064,0.21986759273786138
1418,0.4671397586382794,0.596480867578278,-0.042691466830152,0.26291586349820995
1419,-0.644507016686433,0.8964157838959841,-0.5253445996848118,0.4528381962864721
1420,0.32889399578546097,-0.7361264652201959,0.9881938375240584,0.3767149714931199
1421,-0.6625195831988133,0.8661964208608464,-0.15913078315333004,0.3118585776614668
1422,0.6281625096807615,-0.4380559839791998,0.02576298735522531,0.2862900051990825
1423,0.5485788570516534,0.40270856431652385,-0.3388926283003242,0.4990837546071758
1424,0.5659393387044418,0.789655577777846,0.04037120976236769,0.3374462640313587
1425,0.40245683985798203,0.6957587922781399,-0.15614751374292576,0.35403022124942635
1426,-0.6287718565461775,0.32758887068025444,-0.1207225406703619,0.12142140393247283
1427,0.1238084333297755,0.8212781030982542,0.176838204104342,0.3469167835976999
1428,0.34368000345428734,0.40051375916489,-0.3630928084175586,0.2869416896818441
1429,0.2071190538424926,-0.39430217595168515,0.896540656005868,0.32416192926273124
1430,-0.32823204704087305,0.24048675588365906,0.6890909364259299,0.4652892376943792
1431,0.04910690397048085,0.08723985477504555,0.954577822395748,0.54656950008758
1432,0.49370886812277653,-0.4536835880882859,-0.6438239903970633,0.5171722580248427
1433,-0.31643149204175586,0.22209347617427014,0.8942929208806165,0.5099745853568943
1434,-0.1593551211187044,0.7913051836921707,-0.2838676482532194,0.2978683122080421
1435,0.44819255184707996,0.00459004407024545,0.2780884725026466,0.28439223119831825
1436,-0.8009457653752412,0.7398744431912683,-0.2754820345945138,0.4157831172155727
1437,-0.8067885999264421,-0.48259056828551034,-0.010455954389894152,0.3704847008505393
1438,0.469174065131161,0.36825393303734244,0.5719828568725311,0.3122440966638951
1439,-0.46833957275003457,-0.7199946319309248,-0.37690480842592355,0.4032466196357843
1440,0.35480602513192316,-0.7085007539120093,-0.7995173606438417,0.5928922392690513
1441,-0.8191680785074923,-0.492840505339889,-0.4870734459278939,0.39191519998407814
1442,-0.15005638000597665,1.1511837730595158,0.19733235399626775,0.3621161898383503
1443,0.8541456900770639,0.07324849369957015,-0.25251611223494413,0.2397512768078733
1444,-0.2000417631713706,0.0110902780985149,0.9977565038582379,0.49947526761394984
1445,0.061229977993237504,0.34186730231964746,0.6423939551869361,0.5016855430648534
1446,0.3440283181068214,0.11348251579911176,0.2069312141844752,0.19640143828193607
1447,0.2554145073240034,0.4654888259497032,0.2664934749892343,0.2127530214738491
1448,0.5652852711543984,0.49096801475982266,-0.3326670522634448,0.3093174839326337
1449,-0.10171808388829384,-0.011572254698307,-0.826181668928494,0.39691586449959954
1450,0.2073600718967617,-0.9813183339000412,0.33189545129376885,0.513287346965508
1451,0.07915144814058334,-0.5815688622579565,0.9905338411899312,0.37877869897397765
1452,0.882295973166708,-0.21313139343801157,-0.2425572846337809,0.29146398296325243
1453,0.23683574500089385,0.20332322157276767,0.10917041340997341,0.17813664640611446
1454,0.14646185033705186,-0.3787293486358391,0.07412513315353635,0.2381562082100807
1455,-0.3534843857068727,0.3953253980130086,0.5276972637813733,0.45452736316906395
1456,0.29259450246200586,0.2535462850398341,-0.5367990678305747,0.221962821034411
1457,-0.4226526900207775,0.2099277395850873,-0.5757193795190743,0.3237035470035827
1458,-0.4398896610733868,-0.2734589478957325,1.3280919527080917,0.5222865192013949
1459,-0.39786741815040755,0.7590872751428535,0.383954831426648,0.6135888373569537
1460,-0.3915728606246818,0.20946344794733304,1.1427271958089906,0.4961133054419743
1461,-1.1289790146535144,0.0028021945117663455,-0.0482776063375855,0.6815100519448349
1462,0.6779304192409974,0.5311717193318835,-0.11743913709895609,0.3041488827678275
1463,0.7277047395003597,-0.27116093534549124,0.38946412522838936,0.28229916656272747
1464,0.9439547382611784,-0.3293778912614957,0.2540041438041801,0.3077446898180903
1465,-0.050518176149489544,0.8464192566710145,0.3564265052672761,0.4133438423854062
1466,0.3718800300443693,-0.7123782243356259,0.7623559445045845,0.23935922127078607
1467,-0.4230077348058996,0.3645552450512452,0.8664539902710242,0.5063440603670489
1468,0.2998889528122977,0.5326896166645655,0.35289676730032304,0.2920797171824095
1469,0.4340279469031091,0.8758859416778283,-0.2593733603965111,0.30085301257065705
1470,-0.5650332932279114,0.7407740656887862,-0.1283537989572213,0.28319574697976263
1471,-0.06314406460134209,0.1080575041682114,-0.3229888100444239,0.19544870071507278
1472,1.02717499765657,-0.0560973637935577,-0.1276325147215657,0.3519025360948486
1473,0.5631286987503432,0.023109174099555305,0.9671720966820573,0.4278490348370461
1474,-0.10787166936918385,-0.26085864224116323,1.261080632191824,0.37342144482176615
1475,0.5248272167883653,0.16232251166854927,0.7482298146247304,0.22875156103097707
1476,-0.2854286461099118,0.5559903883459009,0.11421896503126876,0.13910686854687235
1477,-0.3735530793220476,0.9068885048829635,-0.3703667133312809,0.33521226789309705
1478,0.6015980485038783,0.29447666589824073,0.6582449274486672,0.24549668769499075
1479,0.9409241738762248,0.10482166607679015,-0.24944950440913627,0.41250723468249106
1480,0.49219708868343076,-0.7175673409860637,-0.7655015528526918,0.5108931845296995
1481,-1.0099646277008512,-0.34741060928490597,0.19197491471306521,0.6648896353244182
1482,-0.4444060536826657,0.7609235899337171,0.5959278007288904,0.4367962533628087
1483,-0.15104487236044695,-0.44025041452946617,1.050486039020917,0.44330067700173903
1484,0.4513560446118569,0.36767794093804407,0.8491118849171373,0.4989701774073029
1485,-0.20717368247190385,0.41520214950419904,1.0668162142361908,0.3942148999830373
1486,-0.37796019815008375,0.5641714681537967,0.4995442244952091,0.34072724682479905
1487,-0.5068316573540798,-0.391198474557755,-0.4924356752624397,0.25907593192921496
1488,0.36818790794544476,-0.04219184938944889,-0.3835377578411162,0.31653961552498056
1489,-0.05006086446625475,0.3558855906228325,0.1740431667557889,0.20796629956543902
1490,-0.8507058543231408,-0.4993741449959881,-0.6018841659893241,0.3793597764084216
1491,0.4280464782295631,-0.2528675892076325,0.6496447364457232,0.20191872039458686
1492,-0.8165300868319283,0.1461437036825871,-0.36439215576670464,0.45207295906097045
1493,0.9796854197240028,0.425174516389005,-0.3637501687821926,0.16670557997166735
1494,0.2995873911021038,0.4073838789904867,0.18673177961965692,0.18540122005444673
1495,-0.4938398138121486,0.4626760292748639,-0.17886205025162322,0.26421269800914576
1496,0.5958738669612504,0.0006052613725323897,0.5289181192862389,0.27873383910229504
1497,-0.03766045060165295,-0.20873664259665056,0.7949399367125417,0.2697428193148698
1498,-0.5086287018896031,0.2598355964628364,0.7672911103825083,0.29030449784446605
1499,0.5685400998593061,-0.1851273788194166,-0.2570617508550453,0.16237762138252426
1500,0.6184844908996161,-0.5759158946772558,-0.7583874081617161,0.37186965326321314
1501,-0.27599608440665724,-0.9269437680913573,-0.4629096292240269,0.6303625521016828
1502,0.791560083286217,-0.6299476404243907,-0.11582652180496365,0.306025557801678
1503,-0.6662883252687399,-0.7165387045184203,0.2018753856415229,0.5186858097202925
1504,0.4945590898481512,-0.4598300032551914,0.8125282139676089,0.3371013566088704
1505,0.5025011750194661,0.07846273067700377,-0.37638296836344887,0.10865393553898495
1506,0.1131379457983099,0.3623865738538369,0.7536516440671385,0.3800578397785169
1507,-0.46015982908327113,0.4495918519782906,0.8052909691960982,0.3040838773555591
1508,0.02935802245573175,0.4030864583985475,0.3971732607069234,0.17096810719434638
1509,-0.5546200487675761,-0.37953429457261423,-0.4531588438675558,0.2632670434348177
1510,0.4384351593581943,-0.34643014844186726,0.9607584016228863,0.42509438802727645
1511,-0.45448810071803136,0.32119324801874277,-0.5133737385703582,0.1699073862727779
1512,0.6867580841174048,-0.7619047559087416,-0.7179519424746202,0.5876985208386177
1513,-0.6438412292328322,0.3204522298514705,-0.1372910456673604,0.2753329855716677
1514,-0.30045458686073245,-0.09362558670129137,0.5290902290808849,0.25875462681936107
1515,0.6880812876649227,-0.9622593970043676,0.10395493061886166,0.13325890206428262
1516,-0.4350483054991131,0.4915544075559123,0.5126354489459372,0.4790922551555678
1517,-0.4741677574217886,-0.7890933357522718,-0.5350686299904917,0.522206477297104
1518,-0.19593105931956487,-0.760269605200127,1.1849051380492797,0.30657562702747254
1519,0.3150571571104842,-0.11904893472437064,0.8561103053588495,0.33978966429474244
1520,0.15197827621147064,-0.9817615093531478,0.2775649156518587,0.4578300343965896
1521,-0.21733530010718646,0.7165661291160128,-0.013741427998237299,0.33134828419967316
1522,0.33310695414356417,-1.104888533994841,-0.009214999038315935,0.21520010008807908
1523,0.18800205164401934,-0.9457476990410054,1.2716660522024599,0.32577237916823654
1524,0.9322243925339366,-0.5731819468684056,-0.5927604040056472,0.3924101345767394
1525,-0.2366738693404789,-0.11826615007857935,1.1630524434037772,0.6138141757798597
1526,0.5985980616116652,0.00390861899950935,-0.7226366126882044,0.13902471064648736
1527,-0.4671857157507023,-0.4212648365436062,-0.06425711164369069,0.27539638739883016
1528,-0.19768975531727287,0.17731810503434525,-0.0044976250671101975,0.26964047088768106
1529,-0.31118438988153757,0.8185465980680693,0.45391433669997167,0.5882556591735338
1530,0.1191400234376041,-0.35647834219843727,0.41546161315025365,0.3439292428768753
1531,-0.22187116851954594,0.4275681120982567,0.25530745460288895,0.2198172192700378
1532,0.23712748688587953,-0.5861161828848451,1.1147290489795325,0.29248802823471853
1533,-0.18973280822878213,0.7377751141696827,0.3836354098907693,0.2420404693747624
1534,0.6914523460900739,0.48933135305409536,-0.11575993443931615,0.4444578411010248
1535,0.3254585770252659,-0.842240443056588,0.6538055248197853,0.23331712042770808
1536,0.27857152770595106,0.6714012669912255,0.18984011317294638,0.1738528606405347
1537,0.5737894931284906,0.7701425610665705,0.0420352439260877,0.14389992107287203
1538,0.262483189814082,-0.0550297687836961,-0.48209586195518533,0.2521995104540478
1539,0.6166288688761989,0.637941268448834,0.1260671852883987,0.3851485325579999
1540,0.6665652630650214,-0.9038583009069155,-0.018056783840271456,0.33780258139240893
1541,0.4910356726767522,-0.6028830882605145,-0.9178456739845275,0.47215361365404623
1542,0.25434642647032746,-1.1255105218535766,0.43081481571075797,0.3600557331863723
1543,-0.6364406168238114,-0.47488788275508564,-0.37706600283808417,0.25488649338632857
1544,-0.3294391750774047,0.6028024765645608,0.2521875486246731,0.4650843098500991
1545,0.6460956143658261,0.31639890454724,-0.13733234749649306,0.340829906950942
1546,-0.31599704050405275,0.8433010622964467,0.027559256608900247,0.2543407299112621
1547,0.54255870388441,0.6025607170265551,-0.22400215176453903,0.26998724098188276
1548,1.0070595455915814,0.03738685338830275,-0.27356667109970134,0.43598562942525354
1549,-0.1743609045166019,-0.4074787884966178,1.2334117695998303,0.4842897531020135
1550,0.5522731601100745,0.24013199894492104,0.44492184190501954,0.361591255628494
1551,0.6407128961787276,-0.32069810213474176,0.060594587518929155,0.21940653770590937
1552,0.03027433799342695,0.852468911360326,-0.25271956931249506,0.30841778118272695
1553,1.2234187024766998,-0.1691896897716425,-0.24499161981224016,0.30584698207464855
1554,-0.10510366552100206,0.79981967760459,0.39038101735716785,0.3669834258952159
1555,-0.2123407362588812,-0.8540252635695221,-0.4809387607620019,0.6075193226884054
1556,0.5424643939086021,-0.43611308408160004,-0.7634627430936927,0.33653834646731623
1557,0.33536532668735486,-0.9369101539459261,0.47404549537071916,0.47776055106174964
1558,0.21178913249912734,-0.8242597033338489,0.1665095251937201,0.2906266716847828
1559,0.7641716820473878,-0.6474010673381403,-0.8093055974194425,0.4505136827037705
1560,0.0625339136447986,0.05095309227825575,0.7466787988258128,0.2528081494553816
1561,-0.8381170256603103,0.022067703600187352,0.07311602193894384,0.24546285281864963
1562,0.07820013673955149,-0.24598463849822194,0.3394081946672344,0.18329587138290987
1563,-0.4468515481452867,0.11885520915499051,-0.7799001928511409,0.19793235098149045
1564,1.0184223445689096,0.0613007090001385,-0.3276275861967619,0.3805443347947363
1565,0.49054559978754364,0.17226570843930672,0.012304108801480557,0.10378591655925375
1566,-0.6225995429017314,-0.3323406166248263,-0.2996319191726453,0.2686920785025434
1567,-0.3802246894969066,0.09968132315398086,0.14949518510821358,0.2817667447837537
1568,0.02451694638573705,0.1382522820211641,0.7396365472948192,0.2612992583987952
1569,-0.8045973084095925,-0.06845101805696956,-0.5817845170958487,0.37087580023194744
1570,-0.022147467448904154,0.4280396817054362,-0.45035526496727135,0.2025750372497302
1571,-0.31914436883417685,0.1624902748448344,-0.6640302921151346,0.2999769331546833
1572,0.9826777842729248,-0.5756734300072643,0.20966411510004473,0.3516560895322337
1573,0.7918806402724305,-0.6595493078399244,-0.34817458914782917,0.29043213549593194
1574,0.4533224990315108,-1.1349843730160294,0.03230462906605415,0.4197936506427421
1575,0.49655936015494945,-0.7005197175301705,1.0220852452797364,0.27014294385910514
1576,0.42377501398072137,0.9262928305352773,0.477903252945062,0.4368444882682925
1577,0.6840657226636829,0.46183159594688117,-0.0598665986243877,0.2462391944714351
1578,-0.23153288655606996,0.6752010217966873,-0.12737246014945755,0.34097391338843364
1579,-0.2189003712367571,0.18479716299211477,0.27682965690063266,0.23832532185168015
1580,-0.3586130110976692,-0.15486016754238185,-0.1446137624759643,0.17153467698253724
1581,0.46455336097424116,-0.09377557834799563,0.1871860785451989,0.2016783837548452
1582,-0.6679737002720583,-0.4104712175448523,-0.6044538660405481,0.40616000017564563
1583,-0.7085122078106327,0.3318527912070444,-0.6935550664585005,0.37543539424271094
1584,0.9658276030825549,-0.3871895977519183,0.3117287487464619,0.25647271926979953
1585,0.30611635220645356,1.0787141354132446,0.5164220198575464,0.49288285717404484
1586,0.49579756642371,0.6095109763615079,-0.3898347819447111,0.5259075591642642
1587,0.795633146310549,-0.07111979467160964,-0.5931660464657023,0.4193818146222052
1588,0.9904677750567188,0.0808067940121602,-0.2150384961872604,0.3271987586850871
1589,0.2916911941997932,-1.049152383504767,1.3604525222262622,0.475013998530251
1590,0.18355508073790888,0.4660051336630564,0.8709715597554525,0.4741872388998826
1591,0.43700061672687984,1.1039400307407328,0.360634205058622,0.5755802142342208
1592,-0.8663502072407194,-0.5019509616967772,-0.5665186093353382,0.4061911044731461
1593,-1.0023799114684655,-0.22804860540255,0.0859689024780023,0.5215253780519534
1594,0.730360333061154,0.2558395001742432,-0.10257249919332145,0.3666154458293872
1595,-0.6379683679362385,-0.4276271920853568,-0.3043401016146513,0.2745299055887437
1596,0.488825457481038,0.9094611033834801,0.5494309277704907,0.5803504421861911
1597,0.6590778088142266,-0.3993458465383988,-0.4484313528557551,0.20639639119647674
1598,0.029539803502158346,0.5785519298732137,-0.18860452013548248,0.26037485204279104
1599,0.250466874034058,-0.100323984852959,0.7933258165794105,0.44233386877065023
1600,0.016201643143696702,-0.7258128270458812,0.2376056008501931,0.255894459967881
1601,-0.49279154334056685,0.5865459104636499,-0.48010334189589154,0.2934530129896078
1602,-0.40582758986461853,0.41682069183621856,0.7646607363476048,0.4305062429113843
1603,0.2698276480235384,-0.0705993254203758,0.7696704800750538,0.2512800421540708
1604,0.4969838321507135,0.798384356264108,-0.21740950801735898,0.3522290459875432
1605,-0.5538478789563074,0.49753317129736074,-0.45965267690959566,0.3441771486123599
1606,0.700852942417272,0.4142570837685215,0.021058740102892007,0.23624571525289106
1607,-0.19986940678893042,-0.22041436174550189,0.2174528728184566,0.11907486451074038
1608,0.8079237562995858,-0.3665445420039317,-0.6463583938457647,0.4780192023103899
1609,0.6135195696504285,0.16401974074915943,0.6916097404153898,0.35732264811743103
1610,0.18666493071102697,-0.13613604871938206,0.7192958415402408,0.23125434107534773
1611,-0.7974851554313658,-0.3021687429697711,-0.5068817918759712,0.4465565426484967
1612,0.6464351831504798,0.5488815876389155,-0.041528007161734354,0.2116205688726354
1613,0.5257534416477126,-0.5096865995558978,-0.597776280129211,0.31012996745110144
1614,0.3063505244711916,-1.2134366526296714,0.4866504518954219,0.5078152498842156
1615,-0.519872715678995,-0.5308803990885866,0.49696943766379786,0.5823675234569788
1616,-0.1716431866549952,-0.112735500862049,0.9467209512776324,0.2878734074100022
1617,-0.3771355255941654,0.7534146394164045,-0.29558462958151455,0.19593475768109658
1618,-0.5285071122961725,0.289296111564774,-0.28448591812510776,0.24723641044544947
1619,0.9911063335614528,0.001649618505967343,-0.36493527552629657,0.3535729382825285
1620,-0.5321555270855893,0.9094722847621128,-0.1069986903236611,0.28389940194232555
1621,0.46025550491250106,0.2721729949156457,0.4837401636507618,0.32659809719752864
1622,0.3982699483718421,0.054331322960069504,-0.6025622620481943,0.15265156616283293
1623,0.742556853373322,0.5971452278253745,0.2034342506248685,0.270883118974317
1624,1.0911818850826007,-0.1799703456743351,-0.3547294140973104,0.3378500431591375
1625,0.6734808653298267,-0.5481280533788943,0.21538739278833605,0.24330542622479578
1626,0.748505563594631,-0.29072958193379317,0.05853608768162136,0.3009823497718544
1627,0.7397199317557946,0.7244781632963792,0.14170894252000554,0.3272069515784755
1628,0.6187582343612812,1.036274054381491,0.419067292506421,0.4748738532646577
1629,0.8289304497524005,-0.5012789835059052,-0.0385831923965523,0.221154385259822
1630,-0.515287105143066,0.4822653765236077,0.1913568497253789,0.394444699022625
1631,0.19506907087710806,-0.4146027243580138,-0.37320202808795677,0.2712384654364487
1632,0.08847145636213971,1.1371623242540372,0.5559032621012664,0.42833257173330014
1633,0.7751447942314282,0.031513831113535846,-0.31144803619481487,0.3811984218238081
1634,0.45075934290554254,0.6703894277748166,-0.23634902484445613,0.30738439441573645
1635,1.2553133625736117,-0.502170207377806,-0.14462111004734612,0.25665023355558225
1636,0.2052016379666716,-0.5367902109951331,-0.6479653077069637,0.28080004712736567
1637,-0.6977974842522057,-0.3826356916959477,-0.4787146791646218,0.3694319281645069
1638,0.7278043146208111,0.1078583169738515,0.0320120473606365,0.2770564249789534
1639,0.1645137264413692,0.9848123132564965,0.06504356318552491,0.2832302030368873
1640,0.45358366342375617,0.865162722552876,0.5051012492510423,0.3819189469442837
1641,-0.9190698141657285,0.1923040421842188,-0.40310077968471114,0.26742714116666294
1642,-0.10181057639785461,0.2768223645100221,0.25370548622242756,0.22206174474708137
1643,0.5484377280438235,-0.8251169675456456,0.7802581891367739,0.13809087988975963
1644,0.7543763100214098,-0.5696891007597846,-0.3624161041582676,0.45949962793492644
1645,-0.1722703557045804,-0.26942369159863944,0.3009750905461003,0.2916790833415696
1646,0.10828223774815705,-0.44288614752600164,0.7179346191620932,0.22092001508809456
1647,0.8266471393687091,0.6455946451068197,-0.045929562733027535,0.3200796316320465
1648,0.7161270609378809,0.645342736704875,-0.05111244774110505,0.2984948403939731
1649,0.501551686592155,-0.7330902676222683,0.9267606519014017,0.3668804342318123
1650,0.17885964291965264,-1.1180870937728333,0.7397243790327217,0.25067091413867426
1651,-0.16105422900713584,-0.4249077624404296,1.0409155729571165,0.4492421417004285
1652,-0.48249137832564654,0.210132360073231,-0.1152268398756768,0.19283904006098485
1653,0.22051765183801464,1.0515710869493722,0.6918999694849708,0.5055128439036486
1654,0.3777364570401097,0.902200636341324,0.23231225499735175,0.36213101409572424
1655,-0.13633971715598914,0.4160026065203857,-0.577646110554611,0.37330302735829574
1656,0.6677579835509391,0.09018894653734615,0.5047214151354658,0.2921047633014223
1657,0.6837807880159139,-0.055091917983681155,0.18738059136758706,0.21021521259866588
1658,0.26827031627107034,0.016519224617729096,0.9274101772115526,0.25692315105388464
1659,-0.1990691929227203,0.0327167107315396,1.2546177084043952,0.6398012079171503
1660,-0.1072878035182401,0.2049214095145171,0.8635128987463404,0.294839858893237
1661,0.5755322339755378,0.6143224192836675,0.5086022539749089,0.23716136186419068
1662,-0.14751940640891464,-0.1584022091986583,-0.35286030497734094,0.27658861804482454
1663,-0.41315158230263715,0.6577148817954513,0.022652308231071644,0.1882946402654116
1664,-0.6208822465821446,-0.3112604440750001,-0.526187761760763,0.3149195957181591
1665,0.06867766553179669,0.685992512807841,0.7444688754332877,0.3374427030464603
1666,0.005506443578743053,0.6051463101022396,0.3304203062343408,0.25690474610361513
1667,0.3039658958516938,-0.10820542448970732,0.14835179702661877,0.28914129608437744
1668,0.8513224049638639,0.49589790726396243,0.19591969861844744,0.4211566312629222
1669,-0.0641028503323154,0.7714023297258614,0.2023944421048395,0.23546802095516345
1670,0.7457255892528485,-0.01922978030253085,-0.30310066523215695,0.35690921752595217
1671,-0.8752464952366412,-0.4438859743153659,-0.30100462213107715,0.21607759597855225
1672,0.04842752820294555,0.6867541057191291,0.8262853544646471,0.4792562667423623
1673,-0.1272376947346241,0.2637055780070139,-0.2135218938693051,0.2108159163651965
1674,0.2575112465362122,0.16595165443858678,0.574896084145744,0.27300400153551213
1675,-0.6760021646573751,0.3810130444884391,-0.9987043405664899,0.335541872043577
1676,-0.2639843728744594,-0.08852020132626261,1.0907520018882129,0.6983752479404655
1677,0.1425075504707623,-0.5496695474498172,0.9674355636358745,0.440796569868378
1678,-0.3276885034685517,0.06497183073266384,0.5548887461827245,0.2580476703485566
1679,-0.4794556369156253,0.7850878335066531,0.3801224653634072,0.3643874224155146
1680,0.261585207278721,0.9335687349312665,0.19338722390723379,0.404960812406122
1681,-0.1216494596672847,-0.709607307464089,0.4897825873410049,0.25336566131676164
1682,-0.8643373798943953,0.7581961394124508,-0.7084467002367782,0.39833891729331083
1683,0.24190464184184013,-0.964168844055478,0.6056091868606659,0.531072325203432
1684,0.7361530716336147,0.12844694327550635,-0.22391460262553595,0.22134452723342338
1685,0.33395455431156407,0.4309654128227949,0.5811953266506983,0.2071010383425317
1686,-0.23777290219509165,1.0101651071581523,0.058111412185698486,0.25681827436418114
1687,0.2186939070710782,-0.4900551458542848,0.13312945188643527,0.17583152020716514
1688,-0.8317230692532847,0.20975578811368073,-0.04809431269149961,0.24775628923774645
1689,-0.09074452559890189,0.8457751186019409,0.0692455968689398,0.40766882234067986
1690,0.3221899520993001,-1.0427440432842248,0.4480433869568513,0.32398739354318173
1691,-0.6172969033789781,0.6141071273784164,0.3869630967096953,0.6257263580935082
1692,-0.7457611895613991,0.38827973180204184,-0.5965574875963104,0.3869982223635156
1693,1.109328569589075,-0.25449398242881605,-0.191365461926835,0.3947074257629195
1694,1.1251812371834207,-0.0282215446883188,-0.15987660403841736,0.3887676212790538
1695,0.15840285141728766,-0.1367280385006093,0.6673054720585707,0.09826114152650575
1696,-0.3269254980931474,0.4873904772630443,0.6797533318551527,0.2743322856542339
1697,-0.44878797581954777,0.9243123666198778,-0.6802545775228408,0.3435507620022004
1698,0.5560062357817688,0.7427786048248455,0.37652683946308246,0.35694987938221173
1699,-0.874862470126087,0.52709875106519,-0.4015780379056686,0.3115460194753091
1700,-0.0921055104144671,-0.2792157020906005,-0.02675561598901615,0.27357673981545716
1701,-0.4079239105088432,0.13618673322877564,0.8056134993198691,0.4063762017943529
1702,-0.1188362312006523,0.3827641264505131,0.5140149272129797,0.46959933221952765
1703,0.750894375140234,-0.05289808238852785,0.15478110567497586,0.3066656700490954
1704,-0.2390029247988643,0.46279819339141237,-0.3268698820279591,0.22814294197983911
1705,1.0893178035799238,0.07131290010259164,-0.1247967054168161,0.3114452180396913
1706,0.6161142064947872,-0.7751999187687952,-0.762470029680232,0.5841121483633563
1707,0.25578762212960116,-0.5271478206964195,1.241886288872256,0.4221488078106543
1708,-0.3613017376188967,0.6434041274094926,-0.39714070531372403,0.3431667912782731
1709,-0.45503131384194406,-0.6773172488026481,0.6362018176648163,0.5505366230070545
1710,0.41785635253469894,1.1583847823652937,0.3129130006288956,0.5068092339750061
1711,0.7620806706075944,-0.1504387003833248,-0.6939100389359112,0.28876666157050324
1712,-0.6382793198887093,0.16601676267458373,0.8264777195354006,0.2960881949685777
1713,-0.3407550503807151,-0.1579188349265371,-0.05072106946049215,0.10586470359598628
1714,0.5360264658333418,-0.21063837726666562,0.0521976345793891,0.17183812271852986
1715,1.13348461261478,-0.09293786108738705,-0.26071193247287994,0.3685704431038754
1716,-0.9256535801386407,0.24456932527783837,0.1033176983608303,0.280702320640669
1717,0.21051986914683615,0.8516678310578304,0.08341330411185349,0.24087249632190635
1718,0.49839112380326733,0.8321407620734084,0.6279358281201843,0.47090282697479097
1719,-0.7390548492587987,-0.46347733622692633,-0.5549882916450031,0.331274603191039
1720,0.09597872925623879,-0.6278906696885266,1.066620373198976,0.5231219961854644
1721,0.7503381643789173,0.3101517940144267,-0.060149070354182946,0.317138631296146
1722,0.4384833827959526,0.6530346563808729,0.481189002087332,0.41528558598949084
1723,-0.4048502776813051,0.47177321404044703,-0.6605861180299171,0.2867038016928601
1724,0.35025768917648176,-0.9633276467796446,0.7506012715480954,0.5191229375137423
1725,-0.2998277207221884,0.7096376281394805,0.3156991573070381,0.3666519908084611
1726,0.15860946841535564,-0.5176580914726424,0.6900571138027463,0.3250645964513952
1727,0.00012376394395904877,-0.7737728575458617,1.01562130413627,0.5885807116791627
1728,-0.868095195136945,-0.5163760356059418,-0.41155462684765276,0.4286014513279375
1729,-0.5497343910766592,0.5068990868994083,0.20133037246930566,0.22816823238269604
1730,0.7516688580903629,0.1751008175048411,0.21349519533829378,0.2759118519708487
1731,0.6828148652877495,-0.2990192394758673,-0.38494440092735394,0.19781995697171864
1732,-0.44768982966816473,-0.5270653328457178,0.93778506104221,0.5441668610817371
1733,0.39815389489074987,-0.1930039423425663,-0.12857732055662255,0.19098670575583918
1734,0.7492715430057124,-0.7857433796039264,0.5459534917948258,0.32132497206471927
1735,-0.17151966779360583,0.6430364514454425,-0.3312984540540253,0.2208844889258627
1736,1.0545437922898238,-0.18539967938655935,-0.2983099285866929,0.30812694750112496
1737,-0.8906136900589994,-0.13230422929602792,-0.1401195356606181,0.1955369922102059
1738,-0.3337654717321764,0.7725778854794134,-0.14655412184341976,0.280198684318367
1739,0.40498840511609036,-0.38525948781529407,-0.4284770445761895,0.3846446448720579
1740,-0.2748243749320515,0.4952701509219173,-0.2477306107340896,0.20584814314293579
1741,0.4596392847201868,0.9241380479196617,0.577331295380791,0.4944279617076552
1742,0.0577762496374705,0.878692643997647,0.5531255975200478,0.4341092740005111
1743,0.7376700501279221,0.18833060770440305,-0.4364896559477093,0.3127769342459595
1744,-0.6032343409035759,-0.34858930035746666,-0.5663478913402711,0.34001914606355277
1745,-0.9884235551115798,0.18626456783795295,-0.44693264611309796,0.5005305975420921
1746,-0.07955078127366495,-0.1650738847368087,1.142539719699195,0.19554900577559617
1747,-0.7873071461781493,-0.2716019576277124,-0.592381043243227,0.3340648203687748
1748,-1.0818766781960116,-0.10045317195817015,-0.3717900509474948,0.7196222778831477
1749,0.8989159419657693,0.40823447592752427,-0.23012568840385367,0.24922117778886738
1750,-0.5124915556662925,-0.7880034283517152,-0.29579426850998763,0.40773045788124257
1751,-0.38461593027891056,0.4579420249547217,0.924403240143332,0.6379378217059378
1752,0.5097843460640785,-0.32793122170311634,-0.6295294598331163,0.3213651167250797
1753,1.0142164412843295,0.2815653970379117,0.014709428137954148,0.3541304382035187
1754,0.8647111390743898,-0.5430207446304577,0.002146564719302163,0.2309934733822569
1755,0.8743897086028828,-0.5214588536095127,0.3798041459632358,0.30367805083429567
1756,0.6122815997624296,-0.307673645425086,0.8119236501423366,0.4502039866321168
1757,0.07907069481073731,1.0728412925693847,0.6959012025204883,0.42491484040344013
1758,-0.179746684858953,0.1904792204151424,0.9776035568123546,0.5044007220252433
1759,0.778722162613001,-0.5689637717791975,-0.513023824613245,0.20570140810822174
1760,1.0927869390927407,-0.2205224452577079,-0.17460462011897296,0.42219923834433787
1761,0.24600135671101608,0.41882125201321474,0.09274801910888542,0.26781263702243446
1762,0.1884239571571435,0.4136023939029453,0.5938276387488532,0.26978055083866187
1763,-0.289550218960623,0.5154083175052189,0.8940188564680756,0.3704990132100864
1764,1.0522942757633826,-0.0005067538045270496,-0.2738831889318898,0.333045341854549
1765,0.22688323374169045,-0.118542240730146,0.7421043421829556,0.3266548425392312
1766,0.15382520468800545,1.165226980223415,0.21012398122390302,0.4799608963890266
1767,1.0223421235914498,-0.3246489110067527,-0.41277587799097726,0.2615749530458684
1768,0.342656935181333,1.0272407092439129,0.39559358231464437,0.4623235543072399
1769,-0.2066194103412507,0.32424405192209155,0.7728949900358454,0.5513704197962069
1770,-0.3601600383672632,-0.40524586214699887,-0.24999920165810943,0.23393458050947374
1771,0.2552264711645762,0.696866957560473,0.57657279993507,0.2617801707959981
1772,-0.4161213882402003,0.03599565316350664,1.0968282738616195,0.518991824125924
1773,-0.018453913406875716,0.20011439255473296,-0.033663378703833007,0.4178164264384248
1774,0.30569046479000606,-0.48081361049788407,1.2945556587292737,0.35317480644387095
1775,0.8997719355233471,-0.40927230429426886,-0.33592494421921626,0.3982131399409857
1776,0.0487699966723845,-0.7537520702549187,0.11041574904449074,0.3153933472493474
1777,-0.3554278188873956,0.2811893665189935,0.8910497028726914,0.3608500808359765
1778,0.22861866066396114,1.1039412395384227,0.5172130706964667,0.4445032850728389
1779,0.9768782825230351,0.133401395778546,-0.20021711649534862,0.27981431499174525
1780,0.23817391786132025,0.3124524775668554,-0.2720165525522891,0.17911424015655178
1781,-0.6931933025157148,-0.7676949975771161,-0.33874966151716834,0.3616817784905784
1782,-0.015065407305751705,-0.24776407683944135,0.04694887576788479,0.21429853296088097
1783,0.3946277239826127,0.987987623321918,0.47433202239471933,0.6401244774191637
1784,0.224021611105622,0.37930590735905456,0.3903161467798336,0.4791644328425934
1785,0.14353383510822681,-0.1353659375618722,-0.41369680421904326,0.11754562131239119
1786,-0.9618264896917169,0.16404070898200646,-0.0480137154854193,0.5016570092728788
1787,0.894171804313299,0.04405033806293898,-0.12469790884162085,0.3183433014104713
1788,0.2108579398987043,0.5831836145055521,0.22157477558397504,0.3097478514499606
1789,-0.34804190041760963,0.3950104810314711,0.3897468936870288,0.5297346768211336
1790,0.6764532487649766,0.44416621391317074,-0.6191739622869508,0.3062286091177307
1791,-0.06144895100804935,0.19916198589141698,0.9488000313797817,0.4241522678514398
1792,0.2561435866627938,0.08604834541031355,0.23635917720991345,0.1978157659336494
1793,-0.0459052430376448,1.307548906317625,0.32129402912046007,0.3906808390643007
1794,0.22366810841307327,-0.5916334629248401,0.5878486938363654,0.28140094246060704
1795,0.6927820264263999,0.3049869729383943,-0.22272062227599387,0.25974994339325697
1796,0.41855796059578965,0.35540074942434785,-0.1919205144249499,0.3507234545086334
1797,0.9507429857093179,-0.2486354310993123,-0.07384364345491626,0.36584574875268244
1798,-0.0556947977947635,0.838823877118865,0.35175683399027213,0.26935069368710235
1799,0.7833479556754128,-0.10654315138292245,-0.021185959062384345,0.2636055502588397
1800,0.6778616198823317,-0.42418380594888627,-0.2947011194477158,0.3560408194860419
1801,-0.373227642714334,0.7481408565610945,0.10009659371677525,0.2511554811998565
1802,1.053266322802053,-0.4983774157507044,0.3427320169462126,0.31908680386946
1803,-0.13758140734232124,1.0697470726823357,-0.14346477187119075,0.2729275254167836
1804,0.36971528454967534,0.8860227176401207,0.40148610848372634,0.2547942907096506
1805,0.8546774917159338,-0.38194609779707195,-0.5971018295961419,0.32257321599437383
1806,-0.7062863073304582,0.6286278599964472,-0.4337460657287736,0.253351042889528
1807,-0.8232425955048221,0.5246102269623433,-0.5366097830878236,0.24115230420893216
1808,-0.2701411113839146,0.454401103954637,0.7455005592349618,0.6198090905337286
1809,0.5866633886184536,0.07943019694487459,-0.603011226919512,0.31826836046593654
1810,0.5364799291694851,-0.3273999519704384,-0.007694178931788587,0.26037410526058047
1811,1.087440548200692,-0.02340667998728145,-0.31154146339092337,0.3578855970266906
1812,0.44987781670092863,-0.9026880840098277,0.5596783877574539,0.25880303565167645
1813,-0.013041044556231448,-0.3575384640684131,0.9841652489150887,0.32362386791200215
1814,0.8278001840157038,0.10087359116517976,0.1325667480231218,0.3460174485882063
1815,-0.11561749572317148,0.3573826236037191,0.821037577684318,0.5798510968541012
1816,0.59344586423439,0.2615051979056169,0.046462431217547395,0.17483791147683256
1817,0.4715709396179333,0.940211204154396,0.2513188042833628,0.3158303026020969
1818,0.9303318263784408,-0.2931656870284776,-0.2614452200967833,0.1965193436562266
1819,0.02850964022649815,-0.6078686232333232,0.8173456208841943,0.31905015753184013
1820,0.0434090467742012,-1.1262183736342286,0.589561949663371,0.3342157098405507
1821,0.9957664932583569,-0.7949050839462148,0.1332236420995719,0.30758536450663515
1822,-0.7555827331013365,-0.5212019337338113,-0.3517356390728247,0.39834918204835384
1823,-0.4426435410058387,-0.030973936105673904,0.16517804634972372,0.29021336358918204
1824,-0.828811928923191,-0.3862948104451604,-0.5264078215236477,0.26852773488340737
1825,0.5040038120528414,0.1245881966244425,0.5867572121075995,0.25379884103847544
1826,-0.8850311607341815,-0.40029417350951085,-0.5763530227710846,0.37790746265594866
1827,0.2624760576359302,1.1442466845827273,0.3217302558463918,0.5080271255132212
1828,-0.41590582572833856,-0.2261853507923341,0.8894339154060542,0.4762108589076825
1829,0.4531141623248499,1.0729688207256824,0.39559920603274046,0.5030401001179052
1830,0.9805605352294904,-0.632417365204829,0.36386220511582,0.4378337799472395
1831,0.2618130734863287,1.0196164192803434,0.46355259823971406,0.45912181777217
1832,0.21174917577905686,-0.6203653500358283,1.2488751857310616,0.3947174259706704
1833,0.0624239293994772,-0.7028627452027227,0.9569554964948974,0.6406524375606505
1834,0.5922657007879983,0.6099731148283767,0.08547131646606006,0.3368483078098701
1835,-0.33611938792583373,0.6442133670963959,0.4187876608955638,0.5030293996944005
1836,0.0777695177149536,-0.005244167311904399,-0.3659511620494999,0.14599295781425678
1837,0.2959320368961069,0.606676647977815,0.44304860684112024,0.286086979788769
1838,0.8095742800107462,-0.7209351772669075,-0.469264112748822,0.5276806312621737
1839,-0.43655453340519484,0.5854234410753183,0.2380016632075619,0.5027141879145983
1840,-0.251392724385209,-0.47229345664211414,-0.533673043586189,0.3054051277702102
1841,0.9234026977587778,-0.276843027395536,-0.6041822884983209,0.42766654600522613
1842,0.5099293027659744,-0.9204714119598141,-0.5803041792816461,0.6007468359159185
1843,0.9915056914781653,-0.5691987821967672,-0.133452257544133,0.2790005388494402
1844,0.4689925167754888,0.5964253636176776,0.3125507300349106,0.21403645565895552
1845,0.22558745741208444,1.069638986022219,0.28563058496672195,0.4321596879644738
1846,0.3617143079644785,-0.0713977772174777,0.6803281945361086,0.2145609042509738
1847,0.6598863720102267,0.22103888833121899,-0.37799337938602673,0.2379962973920714
1848,-0.07336978785102015,0.5433744816461447,-0.11916917930058014,0.3752766019887835
1849,-0.31644991454053406,0.48844875445737856,-0.001403583953152765,0.21039070564687262
1850,0.43853447011991864,0.7543914486830879,0.4524365987956426,0.4812740405522509
1851,0.2831385229815302,0.766546438305308,0.4752294434593361,0.2936498361749368
1852,0.5377301917382831,-0.6660272798440692,-0.7662038111174521,0.4634418682842859
1853,0.2140351572873842,-1.1298924134799275,0.9971683025092352,0.4164443945348654
1854,0.18339370625758028,-0.09373848336888291,1.1021242337542794,0.28346309771422645
1855,-0.2924451673186964,0.4717679759171236,-0.44345391018249614,0.22392770669832318
1856,0.6320423705355456,0.010646536021491237,0.25791632992652824,0.24440783752328168
1857,0.00261930481805895,0.944004109106281,-0.14200702077401467,0.2799741579784038
1858,-0.1949040697254954,0.0356859554178287,0.874743096405619,0.5023793651946242
1859,-0.6178292117054078,0.12450160389825171,-0.23201977926652134,0.1520081946910403
1860,0.6879062601578464,-0.26896285636678025,-0.5067635242366142,0.43597821373250856
1861,0.0731379865536136,-0.6949681630390061,1.3334949045440263,0.5909879805598618
1862,-1.132943778719409,-0.1022768699231441,-0.18504005076380545,0.6398738280863887
1863,-0.27675516846094644,-0.3665084669478699,1.0944660861821516,0.5878142898432757
1864,0.38293945535272994,-0.58866808072492,0.3726243182230904,0.182756590571986
1865,-0.1617057493506964,0.23418603643245725,1.016047943694543,0.6512824016205662
1866,0.5497853462212619,-1.1229129163508473,0.46839815200666973,0.3954006847233889
1867,0.7695187999259354,0.48382175391608895,0.08098883163497986,0.3149847021670242
1868,0.1931755188838598,-0.3454930532159584,1.0344669769338823,0.327085366256704
1869,-1.0331107763301568,-0.09487340274383975,0.2643445364391781,0.5503366753741569
1870,0.1408249512340761,-0.22169815525888187,0.2249726952943496,0.3279640543910211
1871,-0.7511165025604796,0.40372742652159543,-0.14903704990261354,0.3497172396443193
1872,-0.7837061397204164,-0.5876245105691478,-0.33443291387555507,0.4772527175740622
1873,0.6506511100367867,-0.09874818170384975,0.15009794030053034,0.28266917012647563
1874,0.6247839831215765,0.26637780473172773,0.39131810117730137,0.28052541168433787
1875,1.0337631696082634,0.1997269603034364,-0.0858131127697908,0.27519569624704593
1876,-0.646577914833091,-0.2810500336977539,0.3305380440007617,0.513980885015368
1877,1.112052081312779,0.3115787733916833,0.11862492208041854,0.46035176686517687
1878,1.057698825575341,-0.1851077673360602,-0.2649344545764941,0.3309362406946505
1879,-0.3935421348707555,0.46504033682341767,-0.8212897689420532,0.4036187854405627
1880,-0.0694903152731161,-0.8249704260090149,-0.6928422672547965,0.5260974805750805
1881,-0.0894380124497539,0.34746251203572154,1.0006532273557318,0.2150542138712498
1882,0.19433559657448368,-1.1281607100558215,0.5450465188874126,0.4440587189960888
1883,0.39612582285784337,0.9704658993386819,0.5661579566200515,0.541487188843511
1884,0.9945123313983377,-0.19216654774279954,-0.1929851209983925,0.2580662663725181
1885,-0.4443188235640116,0.0182010179184614,-0.4407188897751818,0.2934161056420357
1886,1.0516771303155243,0.033952363247332244,-0.06553568090876565,0.3749775134573058
1887,0.0643850195399651,-0.015034975301996656,-0.100202222120361,0.1681683604816865
1888,-0.6327584081771441,-0.2700215679727843,0.17897879185692395,0.30601400359846576
1889,1.0516861625720253,0.18656925410987435,-0.10842763046305354,0.24014368530141705
1890,-0.17283628715658284,0.5567003555225106,0.1353222073958279,0.2476342742128255
1891,-1.0927184701824837,0.01871493007180915,-0.2806520472227282,0.614219089194935
1892,0.0942921756535967,0.3534883937037959,0.6646042787395027,0.29198553887096707
1893,1.1002181950841834,-0.19960847294652845,-0.2220361677418895,0.385761364504485
1894,0.7297001632304989,0.2583291732644775,-0.04412408782020785,0.2286184037323649
1895,0.139735765742039,1.1068688468105292,0.2973409252208835,0.5373351658357546
1896,-0.2956040558356473,0.6243632972958844,0.6908171352825234,0.32397892216027113
1897,0.6160395251544488,-0.056451862603622296,-0.089249126811791,0.1807882307982178
1898,0.1583935603095332,0.16882807668350636,0.6227670659920993,0.36878196598575813
1899,-0.27481045754657696,0.5563641208900437,0.806058423026927,0.30427614163045447
1900,0.18521745102451675,0.9344077664445719,-0.026495130453586493,0.25900942118126064
1901,-0.3246048250093929,0.4341636019028289,-0.0327798403101444,0.17163880616725244
1902,-0.7325514042790646,-0.5177248019951609,-0.499979398540241,0.4859419130483599
1903,0.5924639037434627,0.033122964340619246,0.0131474757616337,0.17033447800112056
1904,-0.0970525392591985,-0.33618410220505346,0.847364943301335,0.42006464251616815
1905,0.9145736890588422,-0.12714373030131954,-0.007011151522125704,0.33559075292919
1906,-0.14444690812091282,0.14677611893239592,-0.31025382270118085,0.18901117389915284
1907,0.0029500836750445507,0.09441121705831124,1.0569564234192872,0.3426843287003814
1908,-0.05328491603250865,0.5315841208104646,0.3035307383670565,0.21227054532252024
1909,0.4087224941629042,0.8740817355756061,0.4670759282766255,0.42520370569066634
1910,0.42718854604132167,0.2692163576115144,-0.6541840943052875,0.23248374929172655
1911,0.30635305790899076,0.1435249756993889,0.3315450498535544,0.39820425947480687
1912,0.4888621152244962,0.3479109130205089,-0.16198390870563428,0.38118627126042764
1913,-0.5345501104633955,0.18524808230542295,0.7514545789245314,0.23047062160192106
1914,0.6392073071395692,0.730397670767731,0.055900527956915594,0.37728199059743905
1915,-0.4678321361738238,0.47316311732605487,0.2955742370069928,0.2628074829416916
1916,-0.11015430233363771,-0.48967864314876886,0.9760749228462615,0.25758142800491957
1917,0.0481134865578544,-0.5872164909821929,-0.38599141571931506,0.20539199505371064
1918,-0.42525822064767227,0.39747934958021225,0.9558845314462208,0.49613640978426327
1919,-0.7119219947892692,0.13718042474028097,-0.4615925770538397,0.1696592618692739
1920,0.6237086599402791,-0.5589297184372723,-0.6626265103427523,0.46193447617353933
1921,0.7692548157072703,-0.41251851789919625,0.7545405589048862,0.3583896824781757
1922,1.0528117139114264,-0.20588550122217,-0.12816881678271208,0.2927329269754042
1923,-0.3705026109279509,0.3849265647848322,0.9773517611930784,0.5273857820784358
1924,-0.8452123037398058,-0.33737807953173593,-0.5860000731365951,0.2544658154140731
1925,-0.171268772085657,1.1497911373874627,-0.22294425691495479,0.3246695810037796
1926,-0.40371877827054975,-0.22315830731857994,0.656497194555947,0.25300218536166974
1927,-0.5114416990423495,0.2840071305968403,0.9513767116238183,0.19191867301757395
1928,-0.1426456228308127,0.6203477972860376,-0.31175717819573157,0.2230787323937301
1929,0.06474903324564325,0.47674315426389025,-0.04756829016531523,0.3316894470053027
1930,0.0344241745095843,-0.35201328277268373,0.5933855834206234,0.20800144435401358
1931,-0.7346315549811628,-0.40462950124151076,-0.25871679837376765,0.3994345874397784
1932,0.10720376429203138,0.6982282652257261,-0.22602857662677625,0.24778401446376755
1933,0.4166775329118354,0.5528976920476071,-0.4480517660142155,0.46992786428702893
1934,-0.08048370941666709,0.108891977506894,-0.4062545339460906,0.23070881787892583
1935,1.1825314837475007,-0.09992097359185009,-0.3295774338222614,0.36689426856896884
1936,-0.1122263735721462,-0.15509626398912602,0.9895412125561405,0.3886528478136438
1937,0.23766559458187975,-0.825602803483896,1.2155230897148073,0.3460201165763628
1938,1.1603001484925,0.0906956184961962,-0.19417311731624184,0.40408628710445527
1939,0.4582896232700888,-0.5314631654916062,-0.3934392743855014,0.20043582147008615
1940,0.14110537526106795,-0.19010849097776064,-0.2021498739524129,0.18328210204931383
1941,1.0336678682872296,0.16081964088736025,-0.3889805985116872,0.2235184815409833
1942,-0.0662301401883313,0.24849504687591528,0.920726289344761,0.26058061502782215
1943,0.15135782903326325,0.8931628085789782,0.03780701332470765,0.2897202830451103
1944,0.5905438883401609,-0.38131395326757905,-0.18745814357052745,0.16902413032943336
1945,0.1383672081504439,0.4831429384632827,-0.7834120493727407,0.381990863382533
1946,-0.5021209390506636,-0.7146611646896697,-0.528568064029676,0.30210689743213176
1947,0.08389616407776862,0.633874369353876,0.37374068984991227,0.3420293075472759
1948,-0.39472221019757175,0.5025613667553135,0.536313365102348,0.44736502501862707
1949,-0.7554962657677589,-0.15059429531098817,0.23926728237807654,0.41875695364386495
1950,-0.7630773911274382,-0.46612166931536064,-0.5633545755389966,0.33412527794557206
1951,1.062810333738573,0.0575829006047464,-0.2234426624637051,0.35590733273416275
1952,-0.8867854893054228,-0.46273281758301,-0.4416067307371123,0.26457546231306245
1953,-0.01812425256700585,0.0956780401853711,0.9033375551724896,0.3516268201702998
1954,-0.14758822504373761,-0.1588592763814681,1.1084794873610753,0.40380644651751973
1955,-0.14733359526877188,0.7772859006492201,0.031596400899546254,0.23729740800359345
1956,-0.3405317113163049,0.5257385514644861,0.47550446870813473,0.6235268828505546
1957,0.0014546944767640999,0.46431848313618934,0.9717199890283803,0.36909446911548005
1958,0.0518858146814483,-0.7561023003470408,1.1653888015438492,0.35161299227800136
1959,0.6047204775464162,-0.9217272520266122,0.15687295218240105,0.3321022788579333
1960,-0.9524677501629386,0.058559105472584694,-0.22510881611916989,0.5024480216817383
1961,0.9649757511450313,0.18530389476126718,-0.20477997951836216,0.33840701810123164
1962,-0.2843638972776889,-0.161944068276117,1.1835139601878062,0.32656208249663576
1963,0.3431379964670659,0.3086474830641148,0.14115988111855582,0.2428791676939582
1964,0.16453602620147464,0.5100391907321078,0.8305223880217405,0.219645114696433
1965,0.6076404959237537,-0.3484043039443219,-0.2793239948903858,0.14820024407227703
1966,0.20535825949739014,-0.10794676067150526,1.1356911049340015,0.23287352462579838
1967,0.30916859400700963,-0.04324230717372571,-0.18649568943420933,0.22853803202510795
1968,1.2253356997845368,-0.19452224260781176,-0.3940611332634108,0.4596514344085719
1969,0.26343751931057885,0.4381400300456739,0.636838512984939,0.2963972359975182
1970,0.009209949625343092,0.9554523298291129,0.17633158199259472,0.2905812026112723
1971,-0.5982468390131357,-0.7519597758466003,-0.6494057708164751,0.47262712182886496
1972,-0.0727013237653098,-0.5751482074109472,1.2278076073475939,0.5699356754695752
1973,0.5525987839718862,-0.6416049327810269,0.3760409318506537,0.2349392786289762
1974,0.4183286294002372,-0.5508011583706798,-0.946784479510195,0.5245899761975059
1975,-0.08673691889683546,-0.05414374840810159,0.04986310626719015,0.23294349868175537
1976,0.0020554304073998955,0.5636951514973553,-0.44669536194730086,0.3219370551035365
1977,-0.23555508668598024,-0.5410666602063146,1.122886718366063,0.5269389860760842
1978,-0.06968200839493165,0.8831718690213306,0.47428749187316216,0.3562101673052838
1979,0.32152480351262247,0.622171898183575,-0.30961945882197744,0.3058154523351874
1980,0.2651546889582757,-0.24912037303093781,1.2299940750314773,0.3821952056558408
1981,-0.030477477021994503,0.03775145699155741,0.7533470589734732,0.3176025170568854
1982,-0.018549761344651847,-0.053903292105105596,1.115548698827062,0.27405010418879744
1983,0.8485340812922912,-0.07386251885535515,-0.5255530163730455,0.31788559935084404
1984,0.1195016758140293,-0.4472599301345155,1.2208396228073362,0.31800220545689367
1985,0.8756051859692047,0.13231964146657582,0.0568611452003883,0.2443900932347561
1986,-0.501493880150548,-0.7126495490504667,-0.2664152516139081,0.38776117783533426
1987,-0.5503390235447796,0.9257744326092516,0.187822809190184,0.34105525294500705
1988,-0.6490808852889105,-0.5047560648779852,-0.4729074130834586,0.3188589893639804
1989,0.5592082147711981,-0.4297151351141173,-0.4097778145281946,0.2622283258931095
1990,-0.49320251101136703,0.5757114945428576,-0.05259651586077846,0.2391994125212589
1991,0.3134619064031318,0.5137048067689044,-0.7808901933151682,0.40278518691635656
1992,0.5958146946662213,0.4123251984102899,-0.1312073484078745,0.3486841778821974
1993,0.12779769463769247,0.8091528297525807,-0.1892031211239795,0.27939405752226115
1994,-0.37191175309159263,0.7413814361614549,0.5478532063755894,0.3799728526461932
1995,-0.1048252682442494,-0.25634373250233866,0.27987531001805743,0.1705782640317745
1996,0.1135115101514302,0.3701003211422896,-0.6711373153138478,0.3184042811228428
1997,0.8960277788150186,0.0632226343690698,-0.11462289776798304,0.14416651166542968
1998,0.3506175309710017,-0.5808090069933479,-0.8891209653849694,0.5284137120152448
1999,0.40960267654398985,0.10550993155737115,-0.6698226087145249,0.34663959892318197
