permutation,null_type,group_id,ppi_group,count,mean,sem
1,protein_embedding_entity_label_shuffle_plus_exact_degree_ppi_label_shuffle,0,1,12588,0.4858256457696294,0.0025368535328567747
1,protein_embedding_entity_label_shuffle_plus_exact_degree_ppi_label_shuffle,1,2,910462,0.49893639030523423,0.00030128400731862354
1,protein_embedding_entity_label_shuffle_plus_exact_degree_ppi_label_shuffle,2,3,679936,0.5024371067392155,0.00035175891294453147
1,protein_embedding_entity_label_shuffle_plus_exact_degree_ppi_label_shuffle,3,4,88398,0.4922387238379758,0.0009729777901629822
1,protein_embedding_entity_label_shuffle_plus_exact_degree_ppi_label_shuffle,4,>4,4177,0.4692037810685295,0.0044119973359778766
2,protein_embedding_entity_label_shuffle_plus_exact_degree_ppi_label_shuffle,0,1,12996,0.4915815282802077,0.0024939080302623373
2,protein_embedding_entity_label_shuffle_plus_exact_degree_ppi_label_shuffle,1,2,903753,0.4972516891052999,0.00030249518974953554
2,protein_embedding_entity_label_shuffle_plus_exact_degree_ppi_label_shuffle,2,3,689599,0.5058343535206518,0.00034930676828987504
2,protein_embedding_entity_label_shuffle_plus_exact_degree_ppi_label_shuffle,3,4,86920,0.491064074729357,0.0009864953128467986
2,protein_embedding_entity_label_shuffle_plus_exact_degree_ppi_label_shuffle,4,>4,4135,0.500211878436648,0.004398440243186572
3,protein_embedding_entity_label_shuffle_plus_exact_degree_ppi_label_shuffle,0,1,12667,0.5112261901859282,0.002605242067241751
3,protein_embedding_entity_label_shuffle_plus_exact_degree_ppi_label_shuffle,1,2,907987,0.49945562118372033,0.0003015701029383635
3,protein_embedding_entity_label_shuffle_plus_exact_degree_ppi_label_shuffle,2,3,685416,0.5033922797405764,0.00035000216968218494
3,protein_embedding_entity_label_shuffle_plus_exact_degree_ppi_label_shuffle,3,4,82004,0.4835757734487879,0.001024086572008724
3,protein_embedding_entity_label_shuffle_plus_exact_degree_ppi_label_shuffle,4,>4,5646,0.4859334052530525,0.003766236382789304
4,protein_embedding_entity_label_shuffle_plus_exact_degree_ppi_label_shuffle,0,1,12619,0.5042164485531545,0.0025896524265220156
4,protein_embedding_entity_label_shuffle_plus_exact_degree_ppi_label_shuffle,1,2,902693,0.4963712776620318,0.0003032792389328338
4,protein_embedding_entity_label_shuffle_plus_exact_degree_ppi_label_shuffle,2,3,701043,0.5022307397432604,0.0003450458017304201
4,protein_embedding_entity_label_shuffle_plus_exact_degree_ppi_label_shuffle,3,4,78158,0.5200026667806598,0.0010547025638998238
4,protein_embedding_entity_label_shuffle_plus_exact_degree_ppi_label_shuffle,4,>4,2890,0.6087081166068598,0.005539614311060199
5,protein_embedding_entity_label_shuffle_plus_exact_degree_ppi_label_shuffle,0,1,12612,0.5075119589440847,0.002524006809001645
5,protein_embedding_entity_label_shuffle_plus_exact_degree_ppi_label_shuffle,1,2,872294,0.5018064550639584,0.00030727190899554433
5,protein_embedding_entity_label_shuffle_plus_exact_degree_ppi_label_shuffle,2,3,727250,0.49703171044523986,0.0003404184331317597
5,protein_embedding_entity_label_shuffle_plus_exact_degree_ppi_label_shuffle,3,4,81495,0.5080655449298762,0.0010228929115544466
5,protein_embedding_entity_label_shuffle_plus_exact_degree_ppi_label_shuffle,4,>4,1910,0.517499855360574,0.00665333528947915
6,protein_embedding_entity_label_shuffle_plus_exact_degree_ppi_label_shuffle,0,1,12716,0.5069017931675188,0.0025742950019023414
6,protein_embedding_entity_label_shuffle_plus_exact_degree_ppi_label_shuffle,1,2,908306,0.4998069059116741,0.00030312343144445257
6,protein_embedding_entity_label_shuffle_plus_exact_degree_ppi_label_shuffle,2,3,682306,0.5006153282828228,0.00034863244531180125
6,protein_embedding_entity_label_shuffle_plus_exact_degree_ppi_label_shuffle,3,4,86831,0.5100714936358185,0.0009858837791702512
6,protein_embedding_entity_label_shuffle_plus_exact_degree_ppi_label_shuffle,4,>4,3561,0.49806293552611497,0.0049755083778019816
7,protein_embedding_entity_label_shuffle_plus_exact_degree_ppi_label_shuffle,0,1,12858,0.4989989242053209,0.002551054633905625
7,protein_embedding_entity_label_shuffle_plus_exact_degree_ppi_label_shuffle,1,2,881900,0.49719806895230284,0.00030724280908098455
7,protein_embedding_entity_label_shuffle_plus_exact_degree_ppi_label_shuffle,2,3,718176,0.5039773554923964,0.0003403939871697893
7,protein_embedding_entity_label_shuffle_plus_exact_degree_ppi_label_shuffle,3,4,77548,0.5024349135573152,0.001052915176260919
7,protein_embedding_entity_label_shuffle_plus_exact_degree_ppi_label_shuffle,4,>4,3238,0.5599487451003199,0.005441115933738814
8,protein_embedding_entity_label_shuffle_plus_exact_degree_ppi_label_shuffle,0,1,12694,0.5136994226811774,0.0025177656594428405
8,protein_embedding_entity_label_shuffle_plus_exact_degree_ppi_label_shuffle,1,2,857266,0.49999763939618064,0.0003097597352997628
8,protein_embedding_entity_label_shuffle_plus_exact_degree_ppi_label_shuffle,2,3,734753,0.4986510754712874,0.0003381420591955612
8,protein_embedding_entity_label_shuffle_plus_exact_degree_ppi_label_shuffle,3,4,87859,0.5119041411165685,0.0009973835793080162
8,protein_embedding_entity_label_shuffle_plus_exact_degree_ppi_label_shuffle,4,>4,2989,0.5636614956873812,0.005390199806920774
9,protein_embedding_entity_label_shuffle_plus_exact_degree_ppi_label_shuffle,0,1,12756,0.4845498191748876,0.0025602602425068522
9,protein_embedding_entity_label_shuffle_plus_exact_degree_ppi_label_shuffle,1,2,920166,0.5015783310650317,0.0003000522801271488
9,protein_embedding_entity_label_shuffle_plus_exact_degree_ppi_label_shuffle,2,3,692202,0.500850219812929,0.00034830131988247
9,protein_embedding_entity_label_shuffle_plus_exact_degree_ppi_label_shuffle,3,4,69253,0.48000686391159897,0.0011109788205308768
9,protein_embedding_entity_label_shuffle_plus_exact_degree_ppi_label_shuffle,4,>4,3026,0.46061404270754336,0.005216308858526796
10,protein_embedding_entity_label_shuffle_plus_exact_degree_ppi_label_shuffle,0,1,12844,0.5073156101651601,0.0025530013466877983
10,protein_embedding_entity_label_shuffle_plus_exact_degree_ppi_label_shuffle,1,2,867811,0.5025784852228509,0.000309979591211478
10,protein_embedding_entity_label_shuffle_plus_exact_degree_ppi_label_shuffle,2,3,733949,0.49723376213237713,0.00033744594105520985
10,protein_embedding_entity_label_shuffle_plus_exact_degree_ppi_label_shuffle,3,4,76247,0.4990057308225677,0.001032192201278617
10,protein_embedding_entity_label_shuffle_plus_exact_degree_ppi_label_shuffle,4,>4,4710,0.517868507460844,0.003632221573955847
11,protein_embedding_entity_label_shuffle_plus_exact_degree_ppi_label_shuffle,0,1,12706,0.5174690516453019,0.0025400210893629063
11,protein_embedding_entity_label_shuffle_plus_exact_degree_ppi_label_shuffle,1,2,873311,0.5001357586577038,0.00030723604203561014
11,protein_embedding_entity_label_shuffle_plus_exact_degree_ppi_label_shuffle,2,3,722123,0.4998414118789118,0.00034176749629682437
11,protein_embedding_entity_label_shuffle_plus_exact_degree_ppi_label_shuffle,3,4,80693,0.5007578394506907,0.0010242881105053338
11,protein_embedding_entity_label_shuffle_plus_exact_degree_ppi_label_shuffle,4,>4,6728,0.4865288881527287,0.0034158501455737
12,protein_embedding_entity_label_shuffle_plus_exact_degree_ppi_label_shuffle,0,1,12676,0.5175768371897834,0.0025732067316657273
12,protein_embedding_entity_label_shuffle_plus_exact_degree_ppi_label_shuffle,1,2,883422,0.5031501639657737,0.00030776396749150294
12,protein_embedding_entity_label_shuffle_plus_exact_degree_ppi_label_shuffle,2,3,710356,0.4956475623625351,0.00034250814231025873
12,protein_embedding_entity_label_shuffle_plus_exact_degree_ppi_label_shuffle,3,4,82629,0.5024939689387318,0.0009853225544237836
12,protein_embedding_entity_label_shuffle_plus_exact_degree_ppi_label_shuffle,4,>4,4637,0.5574190745598245,0.00396454871432142
13,protein_embedding_entity_label_shuffle_plus_exact_degree_ppi_label_shuffle,0,1,12839,0.48773902160401333,0.0025675929771181547
13,protein_embedding_entity_label_shuffle_plus_exact_degree_ppi_label_shuffle,1,2,899915,0.49556898755865286,0.0003026901611799385
13,protein_embedding_entity_label_shuffle_plus_exact_degree_ppi_label_shuffle,2,3,694106,0.501578849280856,0.00034741946788099265
13,protein_embedding_entity_label_shuffle_plus_exact_degree_ppi_label_shuffle,3,4,86669,0.5154478750193664,0.000995034263135227
13,protein_embedding_entity_label_shuffle_plus_exact_degree_ppi_label_shuffle,4,>4,3874,0.5792905423887508,0.004673835279782386
14,protein_embedding_entity_label_shuffle_plus_exact_degree_ppi_label_shuffle,0,1,12621,0.4954825806937665,0.0025950908329277563
14,protein_embedding_entity_label_shuffle_plus_exact_degree_ppi_label_shuffle,1,2,872343,0.49721454648525093,0.0003069293427083376
14,protein_embedding_entity_label_shuffle_plus_exact_degree_ppi_label_shuffle,2,3,709849,0.5009090121605647,0.000345216907190173
14,protein_embedding_entity_label_shuffle_plus_exact_degree_ppi_label_shuffle,3,4,94249,0.5123374330720618,0.0009504675638095501
14,protein_embedding_entity_label_shuffle_plus_exact_degree_ppi_label_shuffle,4,>4,4658,0.488799564365747,0.0041184083391848205
15,protein_embedding_entity_label_shuffle_plus_exact_degree_ppi_label_shuffle,0,1,12933,0.49525101082377443,0.0025378982807602903
15,protein_embedding_entity_label_shuffle_plus_exact_degree_ppi_label_shuffle,1,2,906294,0.4994110802507419,0.00030227280417154286
15,protein_embedding_entity_label_shuffle_plus_exact_degree_ppi_label_shuffle,2,3,706251,0.5010676517878071,0.00034463549273526387
15,protein_embedding_entity_label_shuffle_plus_exact_degree_ppi_label_shuffle,3,4,67200,0.48583181456024077,0.0011127753434704134
15,protein_embedding_entity_label_shuffle_plus_exact_degree_ppi_label_shuffle,4,>4,2883,0.6278169231910768,0.005204190492327819
16,protein_embedding_entity_label_shuffle_plus_exact_degree_ppi_label_shuffle,0,1,12821,0.5286981409014153,0.002596077680443656
16,protein_embedding_entity_label_shuffle_plus_exact_degree_ppi_label_shuffle,1,2,895904,0.4991384950803142,0.00030557926736551476
16,protein_embedding_entity_label_shuffle_plus_exact_degree_ppi_label_shuffle,2,3,702365,0.5018257814807874,0.0003430205514233067
16,protein_embedding_entity_label_shuffle_plus_exact_degree_ppi_label_shuffle,3,4,81950,0.5015002617154783,0.0010151771176619478
16,protein_embedding_entity_label_shuffle_plus_exact_degree_ppi_label_shuffle,4,>4,2521,0.5299090507847616,0.005951974486596778
17,protein_embedding_entity_label_shuffle_plus_exact_degree_ppi_label_shuffle,0,1,12823,0.49347715570365724,0.0025310988897444034
17,protein_embedding_entity_label_shuffle_plus_exact_degree_ppi_label_shuffle,1,2,916330,0.5045259379872695,0.00029976553346183765
17,protein_embedding_entity_label_shuffle_plus_exact_degree_ppi_label_shuffle,2,3,688635,0.49609521870972045,0.00034996691026004367
17,protein_embedding_entity_label_shuffle_plus_exact_degree_ppi_label_shuffle,3,4,76316,0.4832708036503433,0.0010635281009359605
17,protein_embedding_entity_label_shuffle_plus_exact_degree_ppi_label_shuffle,4,>4,3299,0.3913802888579624,0.005026032049293987
18,protein_embedding_entity_label_shuffle_plus_exact_degree_ppi_label_shuffle,0,1,12897,0.48812289115186575,0.0025428597453952826
18,protein_embedding_entity_label_shuffle_plus_exact_degree_ppi_label_shuffle,1,2,903647,0.49757750416849267,0.00030428447702961735
18,protein_embedding_entity_label_shuffle_plus_exact_degree_ppi_label_shuffle,2,3,700898,0.504586465456271,0.0003444286347830364
18,protein_embedding_entity_label_shuffle_plus_exact_degree_ppi_label_shuffle,3,4,71169,0.4848381826932918,0.001070361013678052
18,protein_embedding_entity_label_shuffle_plus_exact_degree_ppi_label_shuffle,4,>4,5109,0.4320995004207254,0.003804970656337071
19,protein_embedding_entity_label_shuffle_plus_exact_degree_ppi_label_shuffle,0,1,12860,0.46942875477802704,0.0024950031062409947
19,protein_embedding_entity_label_shuffle_plus_exact_degree_ppi_label_shuffle,1,2,897563,0.4935277208245018,0.0003026114227718676
19,protein_embedding_entity_label_shuffle_plus_exact_degree_ppi_label_shuffle,2,3,698281,0.5079196234317531,0.00034728969795482645
19,protein_embedding_entity_label_shuffle_plus_exact_degree_ppi_label_shuffle,3,4,81753,0.49721587218085317,0.00102715375477944
19,protein_embedding_entity_label_shuffle_plus_exact_degree_ppi_label_shuffle,4,>4,3264,0.4630048243193888,0.005120146432777144
20,protein_embedding_entity_label_shuffle_plus_exact_degree_ppi_label_shuffle,0,1,12788,0.4885244964899355,0.002583368872163263
20,protein_embedding_entity_label_shuffle_plus_exact_degree_ppi_label_shuffle,1,2,866898,0.4996233986531305,0.00031206561956423514
20,protein_embedding_entity_label_shuffle_plus_exact_degree_ppi_label_shuffle,2,3,721623,0.4989139081472493,0.00033759163664766307
20,protein_embedding_entity_label_shuffle_plus_exact_degree_ppi_label_shuffle,3,4,92457,0.5094800149162562,0.0009439513427055083
20,protein_embedding_entity_label_shuffle_plus_exact_degree_ppi_label_shuffle,4,>4,3637,0.48107089268743813,0.004603381128472449
21,protein_embedding_entity_label_shuffle_plus_exact_degree_ppi_label_shuffle,0,1,12786,0.5041260892801624,0.0024617351835642225
21,protein_embedding_entity_label_shuffle_plus_exact_degree_ppi_label_shuffle,1,2,880497,0.4984872476351167,0.00030704912684281543
21,protein_embedding_entity_label_shuffle_plus_exact_degree_ppi_label_shuffle,2,3,712818,0.4975807782510336,0.00034363418449643906
21,protein_embedding_entity_label_shuffle_plus_exact_degree_ppi_label_shuffle,3,4,87470,0.5269039461884534,0.0009680144441260329
21,protein_embedding_entity_label_shuffle_plus_exact_degree_ppi_label_shuffle,4,>4,3832,0.576112300549747,0.004352327791854278
22,protein_embedding_entity_label_shuffle_plus_exact_degree_ppi_label_shuffle,0,1,12728,0.48801346234996335,0.002519843950805758
22,protein_embedding_entity_label_shuffle_plus_exact_degree_ppi_label_shuffle,1,2,901880,0.5010008478568977,0.0003054496570707697
22,protein_embedding_entity_label_shuffle_plus_exact_degree_ppi_label_shuffle,2,3,704879,0.4991997969650944,0.00034184461039075015
22,protein_embedding_entity_label_shuffle_plus_exact_degree_ppi_label_shuffle,3,4,74140,0.5066513950644398,0.00106137542752865
22,protein_embedding_entity_label_shuffle_plus_exact_degree_ppi_label_shuffle,4,>4,1934,0.4668091488109935,0.0066004362043882246
23,protein_embedding_entity_label_shuffle_plus_exact_degree_ppi_label_shuffle,0,1,12689,0.49586603508467886,0.002571387813394828
23,protein_embedding_entity_label_shuffle_plus_exact_degree_ppi_label_shuffle,1,2,900719,0.4990229974049569,0.00030361591408405484
23,protein_embedding_entity_label_shuffle_plus_exact_degree_ppi_label_shuffle,2,3,701435,0.5013478687758559,0.000344777958076589
23,protein_embedding_entity_label_shuffle_plus_exact_degree_ppi_label_shuffle,3,4,78406,0.5053557095101624,0.0010464433609511986
23,protein_embedding_entity_label_shuffle_plus_exact_degree_ppi_label_shuffle,4,>4,2312,0.50016949953994,0.00639550001663539
24,protein_embedding_entity_label_shuffle_plus_exact_degree_ppi_label_shuffle,0,1,13112,0.5227397202113009,0.0025323382151911026
24,protein_embedding_entity_label_shuffle_plus_exact_degree_ppi_label_shuffle,1,2,878350,0.5050756161621682,0.0003086863722728038
24,protein_embedding_entity_label_shuffle_plus_exact_degree_ppi_label_shuffle,2,3,718267,0.49504938304562146,0.0003398439688765005
24,protein_embedding_entity_label_shuffle_plus_exact_degree_ppi_label_shuffle,3,4,84875,0.4772878866308817,0.0009844787727378245
24,protein_embedding_entity_label_shuffle_plus_exact_degree_ppi_label_shuffle,4,>4,2799,0.5292705769619902,0.005683226587170393
25,protein_embedding_entity_label_shuffle_plus_exact_degree_ppi_label_shuffle,0,1,12806,0.4953559425094891,0.002502248083884436
25,protein_embedding_entity_label_shuffle_plus_exact_degree_ppi_label_shuffle,1,2,900389,0.49201687996100607,0.0003029152548772695
25,protein_embedding_entity_label_shuffle_plus_exact_degree_ppi_label_shuffle,2,3,692928,0.5048966784003394,0.00034715202010632035
25,protein_embedding_entity_label_shuffle_plus_exact_degree_ppi_label_shuffle,3,4,86521,0.5307913012238057,0.0009874202443646148
25,protein_embedding_entity_label_shuffle_plus_exact_degree_ppi_label_shuffle,4,>4,2917,0.529898125202672,0.005445824670424843
26,protein_embedding_entity_label_shuffle_plus_exact_degree_ppi_label_shuffle,0,1,12943,0.5005867155081596,0.0025006975258532573
26,protein_embedding_entity_label_shuffle_plus_exact_degree_ppi_label_shuffle,1,2,895643,0.49858954743689704,0.0003025159861554247
26,protein_embedding_entity_label_shuffle_plus_exact_degree_ppi_label_shuffle,2,3,691682,0.5026475578273616,0.0003492449229467305
26,protein_embedding_entity_label_shuffle_plus_exact_degree_ppi_label_shuffle,3,4,87885,0.5010633791599423,0.0009970100455992277
26,protein_embedding_entity_label_shuffle_plus_exact_degree_ppi_label_shuffle,4,>4,5567,0.4580019651916387,0.004127830679184751
27,protein_embedding_entity_label_shuffle_plus_exact_degree_ppi_label_shuffle,0,1,12679,0.49943759878768057,0.0025342260711930507
27,protein_embedding_entity_label_shuffle_plus_exact_degree_ppi_label_shuffle,1,2,904281,0.49881075562781785,0.0003047978935001494
27,protein_embedding_entity_label_shuffle_plus_exact_degree_ppi_label_shuffle,2,3,698781,0.5000897285186047,0.0003431941346268724
27,protein_embedding_entity_label_shuffle_plus_exact_degree_ppi_label_shuffle,3,4,77059,0.5149543595762747,0.0010564592970703365
27,protein_embedding_entity_label_shuffle_plus_exact_degree_ppi_label_shuffle,4,>4,2761,0.4524945814870631,0.0057404415294995985
28,protein_embedding_entity_label_shuffle_plus_exact_degree_ppi_label_shuffle,0,1,12889,0.499041810146931,0.0025355506645462845
28,protein_embedding_entity_label_shuffle_plus_exact_degree_ppi_label_shuffle,1,2,913307,0.4984166829265459,0.0003026298180119926
28,protein_embedding_entity_label_shuffle_plus_exact_degree_ppi_label_shuffle,2,3,684677,0.5033900834769335,0.0003485079720663434
28,protein_embedding_entity_label_shuffle_plus_exact_degree_ppi_label_shuffle,3,4,81337,0.4945088521442672,0.0009968044931304221
28,protein_embedding_entity_label_shuffle_plus_exact_degree_ppi_label_shuffle,4,>4,5193,0.44197404846280475,0.0038922309992145826
29,protein_embedding_entity_label_shuffle_plus_exact_degree_ppi_label_shuffle,0,1,12747,0.504104160569528,0.0025757581204969016
29,protein_embedding_entity_label_shuffle_plus_exact_degree_ppi_label_shuffle,1,2,878644,0.5015065560267448,0.00030843691224079905
29,protein_embedding_entity_label_shuffle_plus_exact_degree_ppi_label_shuffle,2,3,711318,0.49730193126005456,0.0003418689539118428
29,protein_embedding_entity_label_shuffle_plus_exact_degree_ppi_label_shuffle,3,4,90458,0.4955673120966753,0.0009485023120026491
29,protein_embedding_entity_label_shuffle_plus_exact_degree_ppi_label_shuffle,4,>4,4236,0.49101115005056006,0.004258266950776613
30,protein_embedding_entity_label_shuffle_plus_exact_degree_ppi_label_shuffle,0,1,12946,0.5038418210531008,0.0025527071078959842
30,protein_embedding_entity_label_shuffle_plus_exact_degree_ppi_label_shuffle,1,2,907552,0.49900759195096234,0.0003031684149300615
30,protein_embedding_entity_label_shuffle_plus_exact_degree_ppi_label_shuffle,2,3,693167,0.5006573532268019,0.0003455629036439178
30,protein_embedding_entity_label_shuffle_plus_exact_degree_ppi_label_shuffle,3,4,80822,0.5147042986179986,0.0010250590549843253
30,protein_embedding_entity_label_shuffle_plus_exact_degree_ppi_label_shuffle,4,>4,2916,0.5150139382459268,0.005443117253990117
31,protein_embedding_entity_label_shuffle_plus_exact_degree_ppi_label_shuffle,0,1,12925,0.48337079100473546,0.0025169115933712867
31,protein_embedding_entity_label_shuffle_plus_exact_degree_ppi_label_shuffle,1,2,893297,0.49071420165649765,0.000304109720395236
31,protein_embedding_entity_label_shuffle_plus_exact_degree_ppi_label_shuffle,2,3,706656,0.507778900391031,0.00034473612615377975
31,protein_embedding_entity_label_shuffle_plus_exact_degree_ppi_label_shuffle,3,4,79937,0.5118624401555032,0.001005784286089238
31,protein_embedding_entity_label_shuffle_plus_exact_degree_ppi_label_shuffle,4,>4,4588,0.5466198765013356,0.004127186387557303
32,protein_embedding_entity_label_shuffle_plus_exact_degree_ppi_label_shuffle,0,1,12945,0.48824995890200185,0.0025203137942906677
32,protein_embedding_entity_label_shuffle_plus_exact_degree_ppi_label_shuffle,1,2,913223,0.4915765011034579,0.000300804053298558
32,protein_embedding_entity_label_shuffle_plus_exact_degree_ppi_label_shuffle,2,3,690500,0.5074437610716097,0.00034799213563127074
32,protein_embedding_entity_label_shuffle_plus_exact_degree_ppi_label_shuffle,3,4,75255,0.5304951947142463,0.0010722789761745352
32,protein_embedding_entity_label_shuffle_plus_exact_degree_ppi_label_shuffle,4,>4,5480,0.4710698767923148,0.004066818806097374
33,protein_embedding_entity_label_shuffle_plus_exact_degree_ppi_label_shuffle,0,1,12908,0.49698111746408846,0.002530614726641882
33,protein_embedding_entity_label_shuffle_plus_exact_degree_ppi_label_shuffle,1,2,904121,0.4992706348926838,0.0003018199173874498
33,protein_embedding_entity_label_shuffle_plus_exact_degree_ppi_label_shuffle,2,3,686337,0.5013795085098902,0.00035075755203769143
33,protein_embedding_entity_label_shuffle_plus_exact_degree_ppi_label_shuffle,3,4,83670,0.4971408128726642,0.001006779268911302
33,protein_embedding_entity_label_shuffle_plus_exact_degree_ppi_label_shuffle,4,>4,6684,0.5470627266812699,0.003522103327971759
34,protein_embedding_entity_label_shuffle_plus_exact_degree_ppi_label_shuffle,0,1,12917,0.4861021132630848,0.0025338275037804256
34,protein_embedding_entity_label_shuffle_plus_exact_degree_ppi_label_shuffle,1,2,896565,0.49806940689999335,0.0003056706753565638
34,protein_embedding_entity_label_shuffle_plus_exact_degree_ppi_label_shuffle,2,3,709813,0.5014944429335854,0.0003413938484596238
34,protein_embedding_entity_label_shuffle_plus_exact_degree_ppi_label_shuffle,3,4,75711,0.5161461695294605,0.0010346738127607418
34,protein_embedding_entity_label_shuffle_plus_exact_degree_ppi_label_shuffle,4,>4,2397,0.482328484158568,0.005439534950880228
35,protein_embedding_entity_label_shuffle_plus_exact_degree_ppi_label_shuffle,0,1,12679,0.486606356847411,0.0026119541141929616
35,protein_embedding_entity_label_shuffle_plus_exact_degree_ppi_label_shuffle,1,2,906310,0.5035238795260243,0.0003045962011589436
35,protein_embedding_entity_label_shuffle_plus_exact_degree_ppi_label_shuffle,2,3,690279,0.49504384751216474,0.0003448052789171815
35,protein_embedding_entity_label_shuffle_plus_exact_degree_ppi_label_shuffle,3,4,79170,0.5089755986232629,0.001036483933459559
35,protein_embedding_entity_label_shuffle_plus_exact_degree_ppi_label_shuffle,4,>4,7123,0.45691270280124313,0.0031872276621767327
36,protein_embedding_entity_label_shuffle_plus_exact_degree_ppi_label_shuffle,0,1,12859,0.4958711649317519,0.0025536232500582763
36,protein_embedding_entity_label_shuffle_plus_exact_degree_ppi_label_shuffle,1,2,895179,0.49745476120222587,0.0003054031948490526
36,protein_embedding_entity_label_shuffle_plus_exact_degree_ppi_label_shuffle,2,3,701093,0.5033496593003375,0.0003445635109531273
36,protein_embedding_entity_label_shuffle_plus_exact_degree_ppi_label_shuffle,3,4,82050,0.5110822252753977,0.0010140233766892878
36,protein_embedding_entity_label_shuffle_plus_exact_degree_ppi_label_shuffle,4,>4,4380,0.4933357515723295,0.0038665944191179653
37,protein_embedding_entity_label_shuffle_plus_exact_degree_ppi_label_shuffle,0,1,12789,0.5016024541393687,0.0025727046419081988
37,protein_embedding_entity_label_shuffle_plus_exact_degree_ppi_label_shuffle,1,2,915967,0.49891448199283467,0.00030270732888661
37,protein_embedding_entity_label_shuffle_plus_exact_degree_ppi_label_shuffle,2,3,680530,0.4993787097553471,0.0003474901041448958
37,protein_embedding_entity_label_shuffle_plus_exact_degree_ppi_label_shuffle,3,4,84826,0.5103443514861606,0.0009980367598582014
37,protein_embedding_entity_label_shuffle_plus_exact_degree_ppi_label_shuffle,4,>4,3291,0.5368255558160275,0.005031101682428861
38,protein_embedding_entity_label_shuffle_plus_exact_degree_ppi_label_shuffle,0,1,12811,0.5061477298679101,0.0025355200683486513
38,protein_embedding_entity_label_shuffle_plus_exact_degree_ppi_label_shuffle,1,2,915008,0.5011756036891649,0.00030283835642710315
38,protein_embedding_entity_label_shuffle_plus_exact_degree_ppi_label_shuffle,2,3,698701,0.4993881098699249,0.00034437584673212903
38,protein_embedding_entity_label_shuffle_plus_exact_degree_ppi_label_shuffle,3,4,64075,0.4825147472071267,0.0011149463481873853
38,protein_embedding_entity_label_shuffle_plus_exact_degree_ppi_label_shuffle,4,>4,4966,0.5497728658185878,0.004411446224534347
39,protein_embedding_entity_label_shuffle_plus_exact_degree_ppi_label_shuffle,0,1,12690,0.5117207883095639,0.002570572949071366
39,protein_embedding_entity_label_shuffle_plus_exact_degree_ppi_label_shuffle,1,2,894656,0.5003402662583546,0.0003073208854666297
39,protein_embedding_entity_label_shuffle_plus_exact_degree_ppi_label_shuffle,2,3,700767,0.501079504754304,0.0003429009906550253
39,protein_embedding_entity_label_shuffle_plus_exact_degree_ppi_label_shuffle,3,4,81957,0.4869202434640955,0.0009844792020012646
39,protein_embedding_entity_label_shuffle_plus_exact_degree_ppi_label_shuffle,4,>4,3650,0.4479093889363808,0.004570537446193403
40,protein_embedding_entity_label_shuffle_plus_exact_degree_ppi_label_shuffle,0,1,12749,0.504750026164919,0.00248955623466179
40,protein_embedding_entity_label_shuffle_plus_exact_degree_ppi_label_shuffle,1,2,889766,0.5030200291449501,0.00030321947699832883
40,protein_embedding_entity_label_shuffle_plus_exact_degree_ppi_label_shuffle,2,3,701398,0.4986309291908246,0.00034766843383397274
40,protein_embedding_entity_label_shuffle_plus_exact_degree_ppi_label_shuffle,3,4,84755,0.476117496246693,0.0010017558601820129
40,protein_embedding_entity_label_shuffle_plus_exact_degree_ppi_label_shuffle,4,>4,5052,0.4170130380076228,0.003985231878463774
41,protein_embedding_entity_label_shuffle_plus_exact_degree_ppi_label_shuffle,0,1,12958,0.48197035665186777,0.0024887030708710756
41,protein_embedding_entity_label_shuffle_plus_exact_degree_ppi_label_shuffle,1,2,882611,0.49968502594914244,0.0003064771107896031
41,protein_embedding_entity_label_shuffle_plus_exact_degree_ppi_label_shuffle,2,3,720129,0.49859190129395065,0.0003404515963647775
41,protein_embedding_entity_label_shuffle_plus_exact_degree_ppi_label_shuffle,3,4,74780,0.5098686901439462,0.0010821292227018036
41,protein_embedding_entity_label_shuffle_plus_exact_degree_ppi_label_shuffle,4,>4,3242,0.6011971792145417,0.0053250804775474584
42,protein_embedding_entity_label_shuffle_plus_exact_degree_ppi_label_shuffle,0,1,12768,0.4979351217955866,0.0025376020082291356
42,protein_embedding_entity_label_shuffle_plus_exact_degree_ppi_label_shuffle,1,2,884399,0.5010069122475869,0.0003081083267475646
42,protein_embedding_entity_label_shuffle_plus_exact_degree_ppi_label_shuffle,2,3,703634,0.5004096385517225,0.0003430774258827296
42,protein_embedding_entity_label_shuffle_plus_exact_degree_ppi_label_shuffle,3,4,87091,0.4882378239771274,0.0009706768053252412
42,protein_embedding_entity_label_shuffle_plus_exact_degree_ppi_label_shuffle,4,>4,9511,0.513831458066415,0.002967843926351415
43,protein_embedding_entity_label_shuffle_plus_exact_degree_ppi_label_shuffle,0,1,12913,0.5122016030365582,0.002551284282389745
43,protein_embedding_entity_label_shuffle_plus_exact_degree_ppi_label_shuffle,1,2,861405,0.5088760208495906,0.0003109068130431008
43,protein_embedding_entity_label_shuffle_plus_exact_degree_ppi_label_shuffle,2,3,729521,0.4917172250545989,0.0003374265495037909
43,protein_embedding_entity_label_shuffle_plus_exact_degree_ppi_label_shuffle,3,4,82002,0.4858338400955543,0.0010076076592277273
43,protein_embedding_entity_label_shuffle_plus_exact_degree_ppi_label_shuffle,4,>4,4201,0.4217572486676348,0.004130161758430479
44,protein_embedding_entity_label_shuffle_plus_exact_degree_ppi_label_shuffle,0,1,12577,0.5067203171518141,0.002578651236474737
44,protein_embedding_entity_label_shuffle_plus_exact_degree_ppi_label_shuffle,1,2,880843,0.502160603365103,0.0003077914765090786
44,protein_embedding_entity_label_shuffle_plus_exact_degree_ppi_label_shuffle,2,3,707434,0.4977921699118435,0.0003437181857603524
44,protein_embedding_entity_label_shuffle_plus_exact_degree_ppi_label_shuffle,3,4,85180,0.5057556055243192,0.0009873497733770707
44,protein_embedding_entity_label_shuffle_plus_exact_degree_ppi_label_shuffle,4,>4,7686,0.4502422886606291,0.0031528881069307338
45,protein_embedding_entity_label_shuffle_plus_exact_degree_ppi_label_shuffle,0,1,12714,0.488455710607565,0.0025357042800512415
45,protein_embedding_entity_label_shuffle_plus_exact_degree_ppi_label_shuffle,1,2,885666,0.5025532943070765,0.00030743922490660263
45,protein_embedding_entity_label_shuffle_plus_exact_degree_ppi_label_shuffle,2,3,716166,0.4979760712827045,0.00033980904381555324
45,protein_embedding_entity_label_shuffle_plus_exact_degree_ppi_label_shuffle,3,4,76536,0.504516272612509,0.0010612541014872099
45,protein_embedding_entity_label_shuffle_plus_exact_degree_ppi_label_shuffle,4,>4,4479,0.45541083957918665,0.004418763770303985
46,protein_embedding_entity_label_shuffle_plus_exact_degree_ppi_label_shuffle,0,1,12947,0.5035905727960382,0.002547343186461562
46,protein_embedding_entity_label_shuffle_plus_exact_degree_ppi_label_shuffle,1,2,870581,0.5003752182331184,0.00030852383921292463
46,protein_embedding_entity_label_shuffle_plus_exact_degree_ppi_label_shuffle,2,3,730434,0.5008053922634793,0.000338698391469603
46,protein_embedding_entity_label_shuffle_plus_exact_degree_ppi_label_shuffle,3,4,81544,0.48673919721367503,0.0010167847984591644
46,protein_embedding_entity_label_shuffle_plus_exact_degree_ppi_label_shuffle,4,>4,1897,0.40876981715834565,0.006567425646382586
47,protein_embedding_entity_label_shuffle_plus_exact_degree_ppi_label_shuffle,0,1,12607,0.5225009315283055,0.002581269455398697
47,protein_embedding_entity_label_shuffle_plus_exact_degree_ppi_label_shuffle,1,2,894459,0.5004577516583765,0.00030470618954207856
47,protein_embedding_entity_label_shuffle_plus_exact_degree_ppi_label_shuffle,2,3,698912,0.49634471784980977,0.0003460188215867379
47,protein_embedding_entity_label_shuffle_plus_exact_degree_ppi_label_shuffle,3,4,87598,0.5101323603799593,0.0009795426471995749
47,protein_embedding_entity_label_shuffle_plus_exact_degree_ppi_label_shuffle,4,>4,3827,0.5082866429800257,0.004433145201583444
48,protein_embedding_entity_label_shuffle_plus_exact_degree_ppi_label_shuffle,0,1,12696,0.4875782832679251,0.0025935910457713903
48,protein_embedding_entity_label_shuffle_plus_exact_degree_ppi_label_shuffle,1,2,881620,0.5010817804152863,0.0003091755332940458
48,protein_embedding_entity_label_shuffle_plus_exact_degree_ppi_label_shuffle,2,3,717239,0.49824453104377725,0.00033912951086382685
48,protein_embedding_entity_label_shuffle_plus_exact_degree_ppi_label_shuffle,3,4,82594,0.5039307861522336,0.001001856850984289
48,protein_embedding_entity_label_shuffle_plus_exact_degree_ppi_label_shuffle,4,>4,3254,0.5146820379885119,0.004765080641273819
49,protein_embedding_entity_label_shuffle_plus_exact_degree_ppi_label_shuffle,0,1,12700,0.4809980323161639,0.002552230499630669
49,protein_embedding_entity_label_shuffle_plus_exact_degree_ppi_label_shuffle,1,2,907866,0.49830964967491015,0.000303390573030145
49,protein_embedding_entity_label_shuffle_plus_exact_degree_ppi_label_shuffle,2,3,694265,0.5015809429897629,0.0003461897492775806
49,protein_embedding_entity_label_shuffle_plus_exact_degree_ppi_label_shuffle,3,4,76082,0.5057490409258917,0.0010525735421053086
49,protein_embedding_entity_label_shuffle_plus_exact_degree_ppi_label_shuffle,4,>4,4648,0.5066929433252234,0.004178585731495506
50,protein_embedding_entity_label_shuffle_plus_exact_degree_ppi_label_shuffle,0,1,12556,0.503475558514331,0.002541252723480342
50,protein_embedding_entity_label_shuffle_plus_exact_degree_ppi_label_shuffle,1,2,897455,0.5013383925373528,0.00030424280023660965
50,protein_embedding_entity_label_shuffle_plus_exact_degree_ppi_label_shuffle,2,3,699817,0.5006610815558514,0.0003458628726807515
50,protein_embedding_entity_label_shuffle_plus_exact_degree_ppi_label_shuffle,3,4,79518,0.4787258903195371,0.0010204177055385527
50,protein_embedding_entity_label_shuffle_plus_exact_degree_ppi_label_shuffle,4,>4,2534,0.4281416734295655,0.005461151927413549
51,protein_embedding_entity_label_shuffle_plus_exact_degree_ppi_label_shuffle,0,1,12521,0.479495770546398,0.0025782476810734755
51,protein_embedding_entity_label_shuffle_plus_exact_degree_ppi_label_shuffle,1,2,897181,0.4960614197874977,0.00030413776362217575
51,protein_embedding_entity_label_shuffle_plus_exact_degree_ppi_label_shuffle,2,3,694699,0.5022347192174538,0.0003453614058853044
51,protein_embedding_entity_label_shuffle_plus_exact_degree_ppi_label_shuffle,3,4,85626,0.5178928218101114,0.0010146900495622898
51,protein_embedding_entity_label_shuffle_plus_exact_degree_ppi_label_shuffle,4,>4,3693,0.5966929032142787,0.0051116420210438815
52,protein_embedding_entity_label_shuffle_plus_exact_degree_ppi_label_shuffle,0,1,12730,0.5074501943010458,0.002600029211628649
52,protein_embedding_entity_label_shuffle_plus_exact_degree_ppi_label_shuffle,1,2,886381,0.4964320946885263,0.00030704807048027784
52,protein_embedding_entity_label_shuffle_plus_exact_degree_ppi_label_shuffle,2,3,707378,0.5021717244388623,0.0003412366559061537
52,protein_embedding_entity_label_shuffle_plus_exact_degree_ppi_label_shuffle,3,4,85399,0.518216116297733,0.0010194409539595777
52,protein_embedding_entity_label_shuffle_plus_exact_degree_ppi_label_shuffle,4,>4,5515,0.5952136098907798,0.0036073889408125485
53,protein_embedding_entity_label_shuffle_plus_exact_degree_ppi_label_shuffle,0,1,12768,0.4791547736212143,0.002609761317187337
53,protein_embedding_entity_label_shuffle_plus_exact_degree_ppi_label_shuffle,1,2,872389,0.500052693484419,0.000310980189342784
53,protein_embedding_entity_label_shuffle_plus_exact_degree_ppi_label_shuffle,2,3,720849,0.49977734506109767,0.0003377134082882153
53,protein_embedding_entity_label_shuffle_plus_exact_degree_ppi_label_shuffle,3,4,82899,0.5001350073073307,0.0009949319531614598
53,protein_embedding_entity_label_shuffle_plus_exact_degree_ppi_label_shuffle,4,>4,4815,0.4565342901536638,0.004184744562143048
54,protein_embedding_entity_label_shuffle_plus_exact_degree_ppi_label_shuffle,0,1,12884,0.48726704715344044,0.0024254086641160885
54,protein_embedding_entity_label_shuffle_plus_exact_degree_ppi_label_shuffle,1,2,909487,0.4996221213545575,0.00030366354206634713
54,protein_embedding_entity_label_shuffle_plus_exact_degree_ppi_label_shuffle,2,3,688811,0.5026803955457094,0.00034811650495408694
54,protein_embedding_entity_label_shuffle_plus_exact_degree_ppi_label_shuffle,3,4,78913,0.48798965589378823,0.0009968703525686296
54,protein_embedding_entity_label_shuffle_plus_exact_degree_ppi_label_shuffle,4,>4,7308,0.5040036814003473,0.003266125498723328
55,protein_embedding_entity_label_shuffle_plus_exact_degree_ppi_label_shuffle,0,1,12900,0.5065426109581226,0.0024919138980493013
55,protein_embedding_entity_label_shuffle_plus_exact_degree_ppi_label_shuffle,1,2,878631,0.5014202739535306,0.00030782357942001163
55,protein_embedding_entity_label_shuffle_plus_exact_degree_ppi_label_shuffle,2,3,713404,0.4981531125553591,0.0003426263059848624
55,protein_embedding_entity_label_shuffle_plus_exact_degree_ppi_label_shuffle,3,4,88000,0.498633782255344,0.0009687986424625466
55,protein_embedding_entity_label_shuffle_plus_exact_degree_ppi_label_shuffle,4,>4,4468,0.5668863005378046,0.004218838965893727
56,protein_embedding_entity_label_shuffle_plus_exact_degree_ppi_label_shuffle,0,1,12962,0.4722408801503965,0.0025290634911914935
56,protein_embedding_entity_label_shuffle_plus_exact_degree_ppi_label_shuffle,1,2,884117,0.4948776336516517,0.00030747233701315196
56,protein_embedding_entity_label_shuffle_plus_exact_degree_ppi_label_shuffle,2,3,705527,0.5049851591739182,0.00034310621942783986
56,protein_embedding_entity_label_shuffle_plus_exact_degree_ppi_label_shuffle,3,4,87530,0.5127248512584556,0.0009730668672596294
56,protein_embedding_entity_label_shuffle_plus_exact_degree_ppi_label_shuffle,4,>4,5425,0.46866334837057616,0.003724563100917951
57,protein_embedding_entity_label_shuffle_plus_exact_degree_ppi_label_shuffle,0,1,12386,0.5207351517282165,0.0025929836977502986
57,protein_embedding_entity_label_shuffle_plus_exact_degree_ppi_label_shuffle,1,2,887219,0.5000107411875232,0.00030527546544140496
57,protein_embedding_entity_label_shuffle_plus_exact_degree_ppi_label_shuffle,2,3,713499,0.5022201424614827,0.0003440842297589526
57,protein_embedding_entity_label_shuffle_plus_exact_degree_ppi_label_shuffle,3,4,76870,0.48947994765540026,0.001033465228988349
57,protein_embedding_entity_label_shuffle_plus_exact_degree_ppi_label_shuffle,4,>4,1906,0.4541285608886626,0.006233654901953254
58,protein_embedding_entity_label_shuffle_plus_exact_degree_ppi_label_shuffle,0,1,12987,0.510168786723652,0.002560975708544833
58,protein_embedding_entity_label_shuffle_plus_exact_degree_ppi_label_shuffle,1,2,859946,0.5033366275485571,0.000312040725877798
58,protein_embedding_entity_label_shuffle_plus_exact_degree_ppi_label_shuffle,2,3,731214,0.498964896210114,0.0003376065698062071
58,protein_embedding_entity_label_shuffle_plus_exact_degree_ppi_label_shuffle,3,4,86247,0.4776639914859054,0.0009553432718041196
58,protein_embedding_entity_label_shuffle_plus_exact_degree_ppi_label_shuffle,4,>4,5167,0.4308712350496884,0.0033518364362123063
59,protein_embedding_entity_label_shuffle_plus_exact_degree_ppi_label_shuffle,0,1,12904,0.5106737382990553,0.002469735995950787
59,protein_embedding_entity_label_shuffle_plus_exact_degree_ppi_label_shuffle,1,2,878655,0.5000611553329154,0.0003064954273798396
59,protein_embedding_entity_label_shuffle_plus_exact_degree_ppi_label_shuffle,2,3,708363,0.4963453705254527,0.00034436652811310395
59,protein_embedding_entity_label_shuffle_plus_exact_degree_ppi_label_shuffle,3,4,92375,0.5302693751784302,0.0009616882745148719
59,protein_embedding_entity_label_shuffle_plus_exact_degree_ppi_label_shuffle,4,>4,3264,0.5914896948159193,0.004714552641853833
60,protein_embedding_entity_label_shuffle_plus_exact_degree_ppi_label_shuffle,0,1,12903,0.5050023815688726,0.0025915058847695424
60,protein_embedding_entity_label_shuffle_plus_exact_degree_ppi_label_shuffle,1,2,877120,0.4938125681352956,0.00030849061986020344
60,protein_embedding_entity_label_shuffle_plus_exact_degree_ppi_label_shuffle,2,3,719740,0.5054897166503567,0.0003397969682648765
60,protein_embedding_entity_label_shuffle_plus_exact_degree_ppi_label_shuffle,3,4,85137,0.5175419955294757,0.0009858390017302649
60,protein_embedding_entity_label_shuffle_plus_exact_degree_ppi_label_shuffle,4,>4,2503,0.5100349966363796,0.005839792449432958
61,protein_embedding_entity_label_shuffle_plus_exact_degree_ppi_label_shuffle,0,1,12729,0.5077929117293194,0.0025218502453679156
61,protein_embedding_entity_label_shuffle_plus_exact_degree_ppi_label_shuffle,1,2,879267,0.49406394896416117,0.00030556054026326844
61,protein_embedding_entity_label_shuffle_plus_exact_degree_ppi_label_shuffle,2,3,718317,0.5065420194051214,0.00034330482139707834
61,protein_embedding_entity_label_shuffle_plus_exact_degree_ppi_label_shuffle,3,4,83810,0.5078431134234731,0.0010129138761066476
61,protein_embedding_entity_label_shuffle_plus_exact_degree_ppi_label_shuffle,4,>4,3280,0.490508529218817,0.005108097022749801
62,protein_embedding_entity_label_shuffle_plus_exact_degree_ppi_label_shuffle,0,1,12940,0.5163374378345824,0.0025932377445069877
62,protein_embedding_entity_label_shuffle_plus_exact_degree_ppi_label_shuffle,1,2,895365,0.5014499619070485,0.00030415856023839085
62,protein_embedding_entity_label_shuffle_plus_exact_degree_ppi_label_shuffle,2,3,709207,0.4989996445217781,0.0003439518902664405
62,protein_embedding_entity_label_shuffle_plus_exact_degree_ppi_label_shuffle,3,4,75699,0.5085342861765186,0.0010512659583061586
62,protein_embedding_entity_label_shuffle_plus_exact_degree_ppi_label_shuffle,4,>4,4192,0.41328686198807485,0.004319748849705969
63,protein_embedding_entity_label_shuffle_plus_exact_degree_ppi_label_shuffle,0,1,12819,0.5048739438515226,0.0025170576000559477
63,protein_embedding_entity_label_shuffle_plus_exact_degree_ppi_label_shuffle,1,2,899973,0.5028777220947466,0.0003040117475679078
63,protein_embedding_entity_label_shuffle_plus_exact_degree_ppi_label_shuffle,2,3,697163,0.4980580669268244,0.00034599113679356354
63,protein_embedding_entity_label_shuffle_plus_exact_degree_ppi_label_shuffle,3,4,82997,0.4812830469066188,0.0009944206358939505
63,protein_embedding_entity_label_shuffle_plus_exact_degree_ppi_label_shuffle,4,>4,4451,0.4850061353275024,0.0038816260716035113
64,protein_embedding_entity_label_shuffle_plus_exact_degree_ppi_label_shuffle,0,1,12577,0.5206150250433149,0.002653261167340667
64,protein_embedding_entity_label_shuffle_plus_exact_degree_ppi_label_shuffle,1,2,873048,0.5012836178055697,0.0003084224446558017
64,protein_embedding_entity_label_shuffle_plus_exact_degree_ppi_label_shuffle,2,3,725459,0.5007941918995923,0.00034017885026918753
64,protein_embedding_entity_label_shuffle_plus_exact_degree_ppi_label_shuffle,3,4,78410,0.4873675999870678,0.0010130627607136886
64,protein_embedding_entity_label_shuffle_plus_exact_degree_ppi_label_shuffle,4,>4,4226,0.4921735643252178,0.004083626260755828
65,protein_embedding_entity_label_shuffle_plus_exact_degree_ppi_label_shuffle,0,1,12796,0.48296418493138016,0.0025600798346490294
65,protein_embedding_entity_label_shuffle_plus_exact_degree_ppi_label_shuffle,1,2,880266,0.49591772454533933,0.00030691541260320366
65,protein_embedding_entity_label_shuffle_plus_exact_degree_ppi_label_shuffle,2,3,725416,0.5040059200118282,0.0003406825577310495
65,protein_embedding_entity_label_shuffle_plus_exact_degree_ppi_label_shuffle,3,4,75421,0.5086498298731543,0.0010373019967527453
65,protein_embedding_entity_label_shuffle_plus_exact_degree_ppi_label_shuffle,4,>4,3504,0.4525562743641786,0.004513638947443514
66,protein_embedding_entity_label_shuffle_plus_exact_degree_ppi_label_shuffle,0,1,12778,0.5122131356303651,0.0024927594884884227
66,protein_embedding_entity_label_shuffle_plus_exact_degree_ppi_label_shuffle,1,2,879431,0.5011445913073873,0.00030687278088993515
66,protein_embedding_entity_label_shuffle_plus_exact_degree_ppi_label_shuffle,2,3,715947,0.4996743298831712,0.0003429902418561468
66,protein_embedding_entity_label_shuffle_plus_exact_degree_ppi_label_shuffle,3,4,83437,0.4852363766890547,0.0009928408146646541
66,protein_embedding_entity_label_shuffle_plus_exact_degree_ppi_label_shuffle,4,>4,3968,0.4394805347168288,0.004344394896529496
67,protein_embedding_entity_label_shuffle_plus_exact_degree_ppi_label_shuffle,0,1,12698,0.5047942313808779,0.002623265257406649
67,protein_embedding_entity_label_shuffle_plus_exact_degree_ppi_label_shuffle,1,2,874852,0.4990187065277137,0.00030924288025697445
67,protein_embedding_entity_label_shuffle_plus_exact_degree_ppi_label_shuffle,2,3,722313,0.5020829990540692,0.0003395794784122227
67,protein_embedding_entity_label_shuffle_plus_exact_degree_ppi_label_shuffle,3,4,82651,0.5008480758813888,0.0009916873801155287
67,protein_embedding_entity_label_shuffle_plus_exact_degree_ppi_label_shuffle,4,>4,3047,0.4959253185157158,0.005012774289307569
68,protein_embedding_entity_label_shuffle_plus_exact_degree_ppi_label_shuffle,0,1,12760,0.48783346939675487,0.0025892634006295444
68,protein_embedding_entity_label_shuffle_plus_exact_degree_ppi_label_shuffle,1,2,900454,0.49866378137158696,0.00030585702830855053
68,protein_embedding_entity_label_shuffle_plus_exact_degree_ppi_label_shuffle,2,3,698909,0.49886989284462424,0.0003426263031840177
68,protein_embedding_entity_label_shuffle_plus_exact_degree_ppi_label_shuffle,3,4,79751,0.5113991371006451,0.0010068823598765105
68,protein_embedding_entity_label_shuffle_plus_exact_degree_ppi_label_shuffle,4,>4,5529,0.4857267964027535,0.003754967584626866
69,protein_embedding_entity_label_shuffle_plus_exact_degree_ppi_label_shuffle,0,1,12903,0.49527675431826895,0.0024653110156110684
69,protein_embedding_entity_label_shuffle_plus_exact_degree_ppi_label_shuffle,1,2,895248,0.5023767276239196,0.00030524076913830033
69,protein_embedding_entity_label_shuffle_plus_exact_degree_ppi_label_shuffle,2,3,696787,0.4990091150769442,0.000345552469621089
69,protein_embedding_entity_label_shuffle_plus_exact_degree_ppi_label_shuffle,3,4,83119,0.4852431939555307,0.001004018741842626
69,protein_embedding_entity_label_shuffle_plus_exact_degree_ppi_label_shuffle,4,>4,5663,0.47289150958557863,0.0037448854048863713
70,protein_embedding_entity_label_shuffle_plus_exact_degree_ppi_label_shuffle,0,1,12831,0.4977258904397054,0.0025457277297395464
70,protein_embedding_entity_label_shuffle_plus_exact_degree_ppi_label_shuffle,1,2,901827,0.4970477869336337,0.0003037975561261798
70,protein_embedding_entity_label_shuffle_plus_exact_degree_ppi_label_shuffle,2,3,698724,0.5011820563931566,0.00034483869905923637
70,protein_embedding_entity_label_shuffle_plus_exact_degree_ppi_label_shuffle,3,4,74841,0.5041030822397508,0.0010595239633599562
70,protein_embedding_entity_label_shuffle_plus_exact_degree_ppi_label_shuffle,4,>4,5497,0.6159718752732458,0.004238850176886621
71,protein_embedding_entity_label_shuffle_plus_exact_degree_ppi_label_shuffle,0,1,12885,0.5052219376390805,0.002552470309731052
71,protein_embedding_entity_label_shuffle_plus_exact_degree_ppi_label_shuffle,1,2,907195,0.4993270536126212,0.00030107684955127026
71,protein_embedding_entity_label_shuffle_plus_exact_degree_ppi_label_shuffle,2,3,701912,0.5023934810751062,0.00034716485751948794
71,protein_embedding_entity_label_shuffle_plus_exact_degree_ppi_label_shuffle,3,4,65329,0.490736725065396,0.0011355080733315148
71,protein_embedding_entity_label_shuffle_plus_exact_degree_ppi_label_shuffle,4,>4,4560,0.609579605489186,0.004365385136391441
72,protein_embedding_entity_label_shuffle_plus_exact_degree_ppi_label_shuffle,0,1,12683,0.49440104225885934,0.0025709462661089107
72,protein_embedding_entity_label_shuffle_plus_exact_degree_ppi_label_shuffle,1,2,880130,0.4893043426440065,0.00030713527351619775
72,protein_embedding_entity_label_shuffle_plus_exact_degree_ppi_label_shuffle,2,3,710599,0.5109839918705809,0.00034250997623459345
72,protein_embedding_entity_label_shuffle_plus_exact_degree_ppi_label_shuffle,3,4,88668,0.5238662330714349,0.0009722543443340758
72,protein_embedding_entity_label_shuffle_plus_exact_degree_ppi_label_shuffle,4,>4,5323,0.4395269873828898,0.003983283815298943
73,protein_embedding_entity_label_shuffle_plus_exact_degree_ppi_label_shuffle,0,1,12688,0.5109009300127488,0.0025838550880812284
73,protein_embedding_entity_label_shuffle_plus_exact_degree_ppi_label_shuffle,1,2,901849,0.49808328555041975,0.0003045927250942431
73,protein_embedding_entity_label_shuffle_plus_exact_degree_ppi_label_shuffle,2,3,703416,0.5016962064573856,0.00034313612904273707
73,protein_embedding_entity_label_shuffle_plus_exact_degree_ppi_label_shuffle,3,4,75211,0.5112376555461002,0.0010568408410633044
73,protein_embedding_entity_label_shuffle_plus_exact_degree_ppi_label_shuffle,4,>4,2397,0.5254295370105719,0.0058490641443035805
74,protein_embedding_entity_label_shuffle_plus_exact_degree_ppi_label_shuffle,0,1,12659,0.48760896072856746,0.002527956294272907
74,protein_embedding_entity_label_shuffle_plus_exact_degree_ppi_label_shuffle,1,2,887067,0.49615045325780227,0.00030449972147400365
74,protein_embedding_entity_label_shuffle_plus_exact_degree_ppi_label_shuffle,2,3,713136,0.5026799682635374,0.00034319755979942155
74,protein_embedding_entity_label_shuffle_plus_exact_degree_ppi_label_shuffle,3,4,81215,0.5133925072736258,0.0010439698409445224
74,protein_embedding_entity_label_shuffle_plus_exact_degree_ppi_label_shuffle,4,>4,3326,0.6476702743305911,0.0055166893159503474
75,protein_embedding_entity_label_shuffle_plus_exact_degree_ppi_label_shuffle,0,1,12775,0.50464204284567,0.0025645205542451695
75,protein_embedding_entity_label_shuffle_plus_exact_degree_ppi_label_shuffle,1,2,879118,0.5036170722931272,0.0003075701369333853
75,protein_embedding_entity_label_shuffle_plus_exact_degree_ppi_label_shuffle,2,3,715062,0.4966222776105674,0.0003406529594403372
75,protein_embedding_entity_label_shuffle_plus_exact_degree_ppi_label_shuffle,3,4,82277,0.49226487895457205,0.0010183661748755005
75,protein_embedding_entity_label_shuffle_plus_exact_degree_ppi_label_shuffle,4,>4,4488,0.4920095938800266,0.004273509587654602
76,protein_embedding_entity_label_shuffle_plus_exact_degree_ppi_label_shuffle,0,1,12825,0.5106108473822796,0.002535934447702257
76,protein_embedding_entity_label_shuffle_plus_exact_degree_ppi_label_shuffle,1,2,921636,0.5020480021820554,0.0003010200491857168
76,protein_embedding_entity_label_shuffle_plus_exact_degree_ppi_label_shuffle,2,3,678034,0.4969690518523668,0.0003503240233235145
76,protein_embedding_entity_label_shuffle_plus_exact_degree_ppi_label_shuffle,3,4,76896,0.5131401977564689,0.0010535883747327772
76,protein_embedding_entity_label_shuffle_plus_exact_degree_ppi_label_shuffle,4,>4,4329,0.454707199080164,0.004210163306720074
77,protein_embedding_entity_label_shuffle_plus_exact_degree_ppi_label_shuffle,0,1,12980,0.5045487862057334,0.002513490630248116
77,protein_embedding_entity_label_shuffle_plus_exact_degree_ppi_label_shuffle,1,2,929030,0.500508226201768,0.00029964728979812343
77,protein_embedding_entity_label_shuffle_plus_exact_degree_ppi_label_shuffle,2,3,689052,0.49900598019576725,0.000347524097389206
77,protein_embedding_entity_label_shuffle_plus_exact_degree_ppi_label_shuffle,3,4,59996,0.49386597207053506,0.0011908714867215008
77,protein_embedding_entity_label_shuffle_plus_exact_degree_ppi_label_shuffle,4,>4,4503,0.5738426494576797,0.004086278749063555
78,protein_embedding_entity_label_shuffle_plus_exact_degree_ppi_label_shuffle,0,1,12936,0.49141304883151854,0.0025290503099144198
78,protein_embedding_entity_label_shuffle_plus_exact_degree_ppi_label_shuffle,1,2,900525,0.4999736034563132,0.0003058203798873663
78,protein_embedding_entity_label_shuffle_plus_exact_degree_ppi_label_shuffle,2,3,693581,0.4976093973332517,0.0003437659399083804
78,protein_embedding_entity_label_shuffle_plus_exact_degree_ppi_label_shuffle,3,4,79668,0.5100313602677449,0.0010210632335022984
78,protein_embedding_entity_label_shuffle_plus_exact_degree_ppi_label_shuffle,4,>4,5170,0.5029930614354595,0.004173219907589477
79,protein_embedding_entity_label_shuffle_plus_exact_degree_ppi_label_shuffle,0,1,12818,0.5097395160719564,0.00252979352729094
79,protein_embedding_entity_label_shuffle_plus_exact_degree_ppi_label_shuffle,1,2,915110,0.5002846552481593,0.0003014374953665928
79,protein_embedding_entity_label_shuffle_plus_exact_degree_ppi_label_shuffle,2,3,703424,0.4998501409930116,0.0003449136138433188
79,protein_embedding_entity_label_shuffle_plus_exact_degree_ppi_label_shuffle,3,4,64948,0.49545837452603475,0.0011211720134115207
79,protein_embedding_entity_label_shuffle_plus_exact_degree_ppi_label_shuffle,4,>4,1103,0.43896870603528876,0.008041706498178786
80,protein_embedding_entity_label_shuffle_plus_exact_degree_ppi_label_shuffle,0,1,12640,0.4879805667438636,0.0025282741860511845
80,protein_embedding_entity_label_shuffle_plus_exact_degree_ppi_label_shuffle,1,2,889032,0.4994507963364368,0.0003058168156984075
80,protein_embedding_entity_label_shuffle_plus_exact_degree_ppi_label_shuffle,2,3,694857,0.5002009626569567,0.000347056373422301
80,protein_embedding_entity_label_shuffle_plus_exact_degree_ppi_label_shuffle,3,4,94028,0.5014228677601763,0.0009356435526193332
80,protein_embedding_entity_label_shuffle_plus_exact_degree_ppi_label_shuffle,4,>4,6846,0.5171807675023674,0.0033290848070827396
81,protein_embedding_entity_label_shuffle_plus_exact_degree_ppi_label_shuffle,0,1,12888,0.503556501649836,0.0025341121007382717
81,protein_embedding_entity_label_shuffle_plus_exact_degree_ppi_label_shuffle,1,2,892203,0.5033005204865528,0.0003054740858843504
81,protein_embedding_entity_label_shuffle_plus_exact_degree_ppi_label_shuffle,2,3,696615,0.4946224364445109,0.00034592528651644703
81,protein_embedding_entity_label_shuffle_plus_exact_degree_ppi_label_shuffle,3,4,88311,0.5127102854498329,0.0009745254268681859
81,protein_embedding_entity_label_shuffle_plus_exact_degree_ppi_label_shuffle,4,>4,7386,0.532268567458205,0.0031569790831647614
82,protein_embedding_entity_label_shuffle_plus_exact_degree_ppi_label_shuffle,0,1,12892,0.5031629825467608,0.0025293673908669775
82,protein_embedding_entity_label_shuffle_plus_exact_degree_ppi_label_shuffle,1,2,899248,0.4989539939281549,0.00030514082267889953
82,protein_embedding_entity_label_shuffle_plus_exact_degree_ppi_label_shuffle,2,3,701273,0.5000662836935732,0.0003443627270873785
82,protein_embedding_entity_label_shuffle_plus_exact_degree_ppi_label_shuffle,3,4,73815,0.5077869537652859,0.0010562596365798868
82,protein_embedding_entity_label_shuffle_plus_exact_degree_ppi_label_shuffle,4,>4,2813,0.5742685611917641,0.005396406324722427
83,protein_embedding_entity_label_shuffle_plus_exact_degree_ppi_label_shuffle,0,1,12585,0.5033992006573099,0.0025256641115669227
83,protein_embedding_entity_label_shuffle_plus_exact_degree_ppi_label_shuffle,1,2,879994,0.49984615677436567,0.00031076921721798586
83,protein_embedding_entity_label_shuffle_plus_exact_degree_ppi_label_shuffle,2,3,709193,0.4989470797605145,0.0003394439904187201
83,protein_embedding_entity_label_shuffle_plus_exact_degree_ppi_label_shuffle,3,4,86860,0.501991995254442,0.0009661646240237572
83,protein_embedding_entity_label_shuffle_plus_exact_degree_ppi_label_shuffle,4,>4,3248,0.4641243098285988,0.005073081440624767
84,protein_embedding_entity_label_shuffle_plus_exact_degree_ppi_label_shuffle,0,1,12955,0.4864657244646702,0.0025424008578555095
84,protein_embedding_entity_label_shuffle_plus_exact_degree_ppi_label_shuffle,1,2,890161,0.49892346944021987,0.00030670829011907535
84,protein_embedding_entity_label_shuffle_plus_exact_degree_ppi_label_shuffle,2,3,701855,0.5023894149655806,0.00034322867229279164
84,protein_embedding_entity_label_shuffle_plus_exact_degree_ppi_label_shuffle,3,4,82337,0.49695926289651404,0.0010006145135197887
84,protein_embedding_entity_label_shuffle_plus_exact_degree_ppi_label_shuffle,4,>4,6412,0.4204689814875309,0.003456291181207502
85,protein_embedding_entity_label_shuffle_plus_exact_degree_ppi_label_shuffle,0,1,12950,0.5283258030658604,0.002573091524808247
85,protein_embedding_entity_label_shuffle_plus_exact_degree_ppi_label_shuffle,1,2,852466,0.49868292124448144,0.00031218870607750714
85,protein_embedding_entity_label_shuffle_plus_exact_degree_ppi_label_shuffle,2,3,747102,0.5003289941551002,0.00033442399199729006
85,protein_embedding_entity_label_shuffle_plus_exact_degree_ppi_label_shuffle,3,4,82495,0.5138613767532282,0.001002438642953628
85,protein_embedding_entity_label_shuffle_plus_exact_degree_ppi_label_shuffle,4,>4,2390,0.6018850839383436,0.005318044804354441
86,protein_embedding_entity_label_shuffle_plus_exact_degree_ppi_label_shuffle,0,1,12859,0.4883923093621203,0.0025092964491305126
86,protein_embedding_entity_label_shuffle_plus_exact_degree_ppi_label_shuffle,1,2,907715,0.5002710932549974,0.0003040524118938175
86,protein_embedding_entity_label_shuffle_plus_exact_degree_ppi_label_shuffle,2,3,693224,0.5019981378397168,0.0003456306918151318
86,protein_embedding_entity_label_shuffle_plus_exact_degree_ppi_label_shuffle,3,4,77144,0.48450321613794245,0.001042479386901248
86,protein_embedding_entity_label_shuffle_plus_exact_degree_ppi_label_shuffle,4,>4,4619,0.43188142046495515,0.0038136631405265666
87,protein_embedding_entity_label_shuffle_plus_exact_degree_ppi_label_shuffle,0,1,12731,0.5101648373390486,0.002571585342276353
87,protein_embedding_entity_label_shuffle_plus_exact_degree_ppi_label_shuffle,1,2,921018,0.4979335910903716,0.0003029865718601806
87,protein_embedding_entity_label_shuffle_plus_exact_degree_ppi_label_shuffle,2,3,690918,0.5015873132092491,0.000344486666779554
87,protein_embedding_entity_label_shuffle_plus_exact_degree_ppi_label_shuffle,3,4,69344,0.5073381455274927,0.0010700716468073897
87,protein_embedding_entity_label_shuffle_plus_exact_degree_ppi_label_shuffle,4,>4,3392,0.4123832560802848,0.004822860960572477
88,protein_embedding_entity_label_shuffle_plus_exact_degree_ppi_label_shuffle,0,1,12914,0.5105468572450989,0.002596926907684892
88,protein_embedding_entity_label_shuffle_plus_exact_degree_ppi_label_shuffle,1,2,859919,0.4992415460670921,0.0003115448769871195
88,protein_embedding_entity_label_shuffle_plus_exact_degree_ppi_label_shuffle,2,3,728976,0.5027336167191787,0.0003373392585557617
88,protein_embedding_entity_label_shuffle_plus_exact_degree_ppi_label_shuffle,3,4,91670,0.48454098231033776,0.0009547180454759814
88,protein_embedding_entity_label_shuffle_plus_exact_degree_ppi_label_shuffle,4,>4,3924,0.4297235110145404,0.004493245388470978
89,protein_embedding_entity_label_shuffle_plus_exact_degree_ppi_label_shuffle,0,1,12732,0.4795833300434562,0.0025649683751196675
89,protein_embedding_entity_label_shuffle_plus_exact_degree_ppi_label_shuffle,1,2,889741,0.49954258969421805,0.0003065607649171236
89,protein_embedding_entity_label_shuffle_plus_exact_degree_ppi_label_shuffle,2,3,711378,0.5000003278034161,0.00034113318878358114
89,protein_embedding_entity_label_shuffle_plus_exact_degree_ppi_label_shuffle,3,4,79913,0.4998215072956718,0.00101629498274161
89,protein_embedding_entity_label_shuffle_plus_exact_degree_ppi_label_shuffle,4,>4,1797,0.5049662547930169,0.0068762144488153515
90,protein_embedding_entity_label_shuffle_plus_exact_degree_ppi_label_shuffle,0,1,12746,0.4947963155902278,0.0026159190709046077
90,protein_embedding_entity_label_shuffle_plus_exact_degree_ppi_label_shuffle,1,2,922187,0.4990746192638107,0.00030278133083283765
90,protein_embedding_entity_label_shuffle_plus_exact_degree_ppi_label_shuffle,2,3,689456,0.5030224584192102,0.0003453359519128969
90,protein_embedding_entity_label_shuffle_plus_exact_degree_ppi_label_shuffle,3,4,71258,0.4921639614387818,0.0010472575348544652
90,protein_embedding_entity_label_shuffle_plus_exact_degree_ppi_label_shuffle,4,>4,1756,0.4733911555147331,0.006295748307810878
91,protein_embedding_entity_label_shuffle_plus_exact_degree_ppi_label_shuffle,0,1,12822,0.4975797128635463,0.002561393010165378
91,protein_embedding_entity_label_shuffle_plus_exact_degree_ppi_label_shuffle,1,2,934071,0.5005281096706479,0.00029879800942651265
91,protein_embedding_entity_label_shuffle_plus_exact_degree_ppi_label_shuffle,2,3,673788,0.4976150956674732,0.0003514677952386982
91,protein_embedding_entity_label_shuffle_plus_exact_degree_ppi_label_shuffle,3,4,70650,0.5291651125246284,0.001084897054596707
91,protein_embedding_entity_label_shuffle_plus_exact_degree_ppi_label_shuffle,4,>4,4230,0.45276444943303557,0.004506843339252499
92,protein_embedding_entity_label_shuffle_plus_exact_degree_ppi_label_shuffle,0,1,12874,0.49815246134954205,0.002494613985919805
92,protein_embedding_entity_label_shuffle_plus_exact_degree_ppi_label_shuffle,1,2,918040,0.4992784265611557,0.00030002251365254313
92,protein_embedding_entity_label_shuffle_plus_exact_degree_ppi_label_shuffle,2,3,684645,0.49943368746030603,0.0003497934348824138
92,protein_embedding_entity_label_shuffle_plus_exact_degree_ppi_label_shuffle,3,4,75232,0.5027406209207038,0.001072728321413882
92,protein_embedding_entity_label_shuffle_plus_exact_degree_ppi_label_shuffle,4,>4,4770,0.4491549051198405,0.004363716541774617
93,protein_embedding_entity_label_shuffle_plus_exact_degree_ppi_label_shuffle,0,1,13027,0.506442186814251,0.002507191490144516
93,protein_embedding_entity_label_shuffle_plus_exact_degree_ppi_label_shuffle,1,2,899334,0.49568596857967,0.0003053707732208391
93,protein_embedding_entity_label_shuffle_plus_exact_degree_ppi_label_shuffle,2,3,697062,0.5027624831186048,0.0003443809440951152
93,protein_embedding_entity_label_shuffle_plus_exact_degree_ppi_label_shuffle,3,4,83431,0.5260693504717445,0.0009933333370993208
93,protein_embedding_entity_label_shuffle_plus_exact_degree_ppi_label_shuffle,4,>4,2707,0.5434250639362447,0.005453901770197735
94,protein_embedding_entity_label_shuffle_plus_exact_degree_ppi_label_shuffle,0,1,12948,0.49470212268797337,0.0024877985205480047
94,protein_embedding_entity_label_shuffle_plus_exact_degree_ppi_label_shuffle,1,2,891912,0.5001905647607486,0.0003064410840168648
94,protein_embedding_entity_label_shuffle_plus_exact_degree_ppi_label_shuffle,2,3,712225,0.5025697854103457,0.00034194499565021874
94,protein_embedding_entity_label_shuffle_plus_exact_degree_ppi_label_shuffle,3,4,74910,0.48419250186259294,0.0010301983932823103
94,protein_embedding_entity_label_shuffle_plus_exact_degree_ppi_label_shuffle,4,>4,5408,0.3792712068183019,0.003572047344203384
95,protein_embedding_entity_label_shuffle_plus_exact_degree_ppi_label_shuffle,0,1,12620,0.5024498104149584,0.0025597854206514466
95,protein_embedding_entity_label_shuffle_plus_exact_degree_ppi_label_shuffle,1,2,910672,0.5034646955399814,0.00030168362339526
95,protein_embedding_entity_label_shuffle_plus_exact_degree_ppi_label_shuffle,2,3,681617,0.49869243665243734,0.00035089369435038986
95,protein_embedding_entity_label_shuffle_plus_exact_degree_ppi_label_shuffle,3,4,85667,0.47963654791197724,0.0009817908458772822
95,protein_embedding_entity_label_shuffle_plus_exact_degree_ppi_label_shuffle,4,>4,4985,0.4593667780005333,0.003876756771174333
96,protein_embedding_entity_label_shuffle_plus_exact_degree_ppi_label_shuffle,0,1,12594,0.5011230157039053,0.0025509383132880322
96,protein_embedding_entity_label_shuffle_plus_exact_degree_ppi_label_shuffle,1,2,887196,0.5029831962405761,0.00030837019448607734
96,protein_embedding_entity_label_shuffle_plus_exact_degree_ppi_label_shuffle,2,3,710089,0.4969247364378883,0.00034124048266434646
96,protein_embedding_entity_label_shuffle_plus_exact_degree_ppi_label_shuffle,3,4,83281,0.4978613227667985,0.0009716095476362433
96,protein_embedding_entity_label_shuffle_plus_exact_degree_ppi_label_shuffle,4,>4,4243,0.4702947092911179,0.0039550070388125165
97,protein_embedding_entity_label_shuffle_plus_exact_degree_ppi_label_shuffle,0,1,12806,0.519580841965546,0.002569830816723395
97,protein_embedding_entity_label_shuffle_plus_exact_degree_ppi_label_shuffle,1,2,885734,0.49963209830845867,0.00030772417682272725
97,protein_embedding_entity_label_shuffle_plus_exact_degree_ppi_label_shuffle,2,3,715234,0.4989238681242982,0.0003394884928787317
97,protein_embedding_entity_label_shuffle_plus_exact_degree_ppi_label_shuffle,3,4,72641,0.5151118595930849,0.0010697495736104068
97,protein_embedding_entity_label_shuffle_plus_exact_degree_ppi_label_shuffle,4,>4,3627,0.6276860205062706,0.0047495425627837075
98,protein_embedding_entity_label_shuffle_plus_exact_degree_ppi_label_shuffle,0,1,12592,0.4726001466200096,0.002584576591763794
98,protein_embedding_entity_label_shuffle_plus_exact_degree_ppi_label_shuffle,1,2,874157,0.4971549046260058,0.00030948451499531425
98,protein_embedding_entity_label_shuffle_plus_exact_degree_ppi_label_shuffle,2,3,716290,0.50347154042279,0.0003404594082391466
98,protein_embedding_entity_label_shuffle_plus_exact_degree_ppi_label_shuffle,3,4,89321,0.509730618712072,0.0009611389246541115
98,protein_embedding_entity_label_shuffle_plus_exact_degree_ppi_label_shuffle,4,>4,3201,0.5405978900641208,0.005103684613625302
99,protein_embedding_entity_label_shuffle_plus_exact_degree_ppi_label_shuffle,0,1,13131,0.492079389865849,0.002563815529359462
99,protein_embedding_entity_label_shuffle_plus_exact_degree_ppi_label_shuffle,1,2,892708,0.501446512210173,0.00030577922093699407
99,protein_embedding_entity_label_shuffle_plus_exact_degree_ppi_label_shuffle,2,3,709319,0.49853709893131787,0.0003419160233310017
99,protein_embedding_entity_label_shuffle_plus_exact_degree_ppi_label_shuffle,3,4,79860,0.5074979412714565,0.0010358252863205606
99,protein_embedding_entity_label_shuffle_plus_exact_degree_ppi_label_shuffle,4,>4,2385,0.5457697913107082,0.006223403764964709
100,protein_embedding_entity_label_shuffle_plus_exact_degree_ppi_label_shuffle,0,1,12750,0.5257639826348446,0.0025278128836891687
100,protein_embedding_entity_label_shuffle_plus_exact_degree_ppi_label_shuffle,1,2,876995,0.5048370683044848,0.0003077675390131672
100,protein_embedding_entity_label_shuffle_plus_exact_degree_ppi_label_shuffle,2,3,724783,0.49633222098717217,0.0003391112121179065
100,protein_embedding_entity_label_shuffle_plus_exact_degree_ppi_label_shuffle,3,4,80776,0.4764032795390708,0.0010243021025895392
100,protein_embedding_entity_label_shuffle_plus_exact_degree_ppi_label_shuffle,4,>4,2099,0.3991932753408904,0.006080376321313019
101,protein_embedding_entity_label_shuffle_plus_exact_degree_ppi_label_shuffle,0,1,12904,0.495732280787946,0.0025502334890723953
101,protein_embedding_entity_label_shuffle_plus_exact_degree_ppi_label_shuffle,1,2,885733,0.49701848735260695,0.00030627260273586915
101,protein_embedding_entity_label_shuffle_plus_exact_degree_ppi_label_shuffle,2,3,711484,0.5024759411401439,0.00034296712571839464
101,protein_embedding_entity_label_shuffle_plus_exact_degree_ppi_label_shuffle,3,4,82226,0.511690657626935,0.0010034734254633117
101,protein_embedding_entity_label_shuffle_plus_exact_degree_ppi_label_shuffle,4,>4,3214,0.5368200647693011,0.005206568341887055
102,protein_embedding_entity_label_shuffle_plus_exact_degree_ppi_label_shuffle,0,1,12773,0.5039048616778157,0.0025834502478919172
102,protein_embedding_entity_label_shuffle_plus_exact_degree_ppi_label_shuffle,1,2,881386,0.49663844654822425,0.00030771072795464334
102,protein_embedding_entity_label_shuffle_plus_exact_degree_ppi_label_shuffle,2,3,713505,0.5032867946606581,0.00034145680460081893
102,protein_embedding_entity_label_shuffle_plus_exact_degree_ppi_label_shuffle,3,4,85527,0.5118348529197935,0.000993423406287295
102,protein_embedding_entity_label_shuffle_plus_exact_degree_ppi_label_shuffle,4,>4,4212,0.4747210519462355,0.00437413961252963
103,protein_embedding_entity_label_shuffle_plus_exact_degree_ppi_label_shuffle,0,1,12916,0.5076941485024785,0.0025139561288309593
103,protein_embedding_entity_label_shuffle_plus_exact_degree_ppi_label_shuffle,1,2,893295,0.4972308837719519,0.0003035215491968241
103,protein_embedding_entity_label_shuffle_plus_exact_degree_ppi_label_shuffle,2,3,709668,0.5042253240062308,0.00034514554394337763
103,protein_embedding_entity_label_shuffle_plus_exact_degree_ppi_label_shuffle,3,4,79581,0.4936189635456863,0.0010394640044297972
103,protein_embedding_entity_label_shuffle_plus_exact_degree_ppi_label_shuffle,4,>4,1943,0.45406148672063734,0.005912028256255669
104,protein_embedding_entity_label_shuffle_plus_exact_degree_ppi_label_shuffle,0,1,12746,0.4917526324987895,0.0025519496836059266
104,protein_embedding_entity_label_shuffle_plus_exact_degree_ppi_label_shuffle,1,2,895789,0.5012671884980267,0.00030428300007500237
104,protein_embedding_entity_label_shuffle_plus_exact_degree_ppi_label_shuffle,2,3,700780,0.49841576593092396,0.000346283049697857
104,protein_embedding_entity_label_shuffle_plus_exact_degree_ppi_label_shuffle,3,4,81732,0.5042764925486948,0.0010091249826213553
104,protein_embedding_entity_label_shuffle_plus_exact_degree_ppi_label_shuffle,4,>4,6356,0.468639727693905,0.0034470704946932954
105,protein_embedding_entity_label_shuffle_plus_exact_degree_ppi_label_shuffle,0,1,12730,0.5091682527848692,0.0025779023304807573
105,protein_embedding_entity_label_shuffle_plus_exact_degree_ppi_label_shuffle,1,2,895927,0.49957465011485835,0.0003038804922569349
105,protein_embedding_entity_label_shuffle_plus_exact_degree_ppi_label_shuffle,2,3,687729,0.49992974649852173,0.0003503020464529071
105,protein_embedding_entity_label_shuffle_plus_exact_degree_ppi_label_shuffle,3,4,88830,0.5002745230266024,0.0009635984243321066
105,protein_embedding_entity_label_shuffle_plus_exact_degree_ppi_label_shuffle,4,>4,8504,0.49306149076434574,0.0030817703372237027
106,protein_embedding_entity_label_shuffle_plus_exact_degree_ppi_label_shuffle,0,1,12744,0.5183589382900599,0.0025738171626268538
106,protein_embedding_entity_label_shuffle_plus_exact_degree_ppi_label_shuffle,1,2,876883,0.4979436896264441,0.0003098000848556143
106,protein_embedding_entity_label_shuffle_plus_exact_degree_ppi_label_shuffle,2,3,718245,0.501551578999024,0.00033932549988552406
106,protein_embedding_entity_label_shuffle_plus_exact_degree_ppi_label_shuffle,3,4,84915,0.49954680532099177,0.0009779367508808013
106,protein_embedding_entity_label_shuffle_plus_exact_degree_ppi_label_shuffle,4,>4,2774,0.4676565049636572,0.005338229461410463
107,protein_embedding_entity_label_shuffle_plus_exact_degree_ppi_label_shuffle,0,1,12633,0.4878344736184454,0.00258247650731335
107,protein_embedding_entity_label_shuffle_plus_exact_degree_ppi_label_shuffle,1,2,903545,0.5011385234532482,0.00030435842534066093
107,protein_embedding_entity_label_shuffle_plus_exact_degree_ppi_label_shuffle,2,3,697254,0.49887569461935555,0.0003456636124032773
107,protein_embedding_entity_label_shuffle_plus_exact_degree_ppi_label_shuffle,3,4,80376,0.49611980113848514,0.0010045637110343622
107,protein_embedding_entity_label_shuffle_plus_exact_degree_ppi_label_shuffle,4,>4,3595,0.5047222114419803,0.004589612660063481
108,protein_embedding_entity_label_shuffle_plus_exact_degree_ppi_label_shuffle,0,1,12890,0.507903639804841,0.0025454511969856676
108,protein_embedding_entity_label_shuffle_plus_exact_degree_ppi_label_shuffle,1,2,894922,0.5059629594520632,0.000305683577739817
108,protein_embedding_entity_label_shuffle_plus_exact_degree_ppi_label_shuffle,2,3,708140,0.49495042925184046,0.00034274946627724045
108,protein_embedding_entity_label_shuffle_plus_exact_degree_ppi_label_shuffle,3,4,77312,0.47646869476768006,0.0010211574950732812
108,protein_embedding_entity_label_shuffle_plus_exact_degree_ppi_label_shuffle,4,>4,4139,0.41920176904608447,0.004202335178314376
109,protein_embedding_entity_label_shuffle_plus_exact_degree_ppi_label_shuffle,0,1,12750,0.5197373751919808,0.002566188495720204
109,protein_embedding_entity_label_shuffle_plus_exact_degree_ppi_label_shuffle,1,2,859772,0.5003792583800586,0.000311402539924921
109,protein_embedding_entity_label_shuffle_plus_exact_degree_ppi_label_shuffle,2,3,723722,0.5001603099536905,0.00034044452285133636
109,protein_embedding_entity_label_shuffle_plus_exact_degree_ppi_label_shuffle,3,4,94543,0.49244578542453277,0.0009233246964902524
109,protein_embedding_entity_label_shuffle_plus_exact_degree_ppi_label_shuffle,4,>4,4774,0.45173773523896604,0.003752295652998714
110,protein_embedding_entity_label_shuffle_plus_exact_degree_ppi_label_shuffle,0,1,12734,0.526307735110009,0.0025719866715789236
110,protein_embedding_entity_label_shuffle_plus_exact_degree_ppi_label_shuffle,1,2,860630,0.4986467984329299,0.0003113728767532577
110,protein_embedding_entity_label_shuffle_plus_exact_degree_ppi_label_shuffle,2,3,735414,0.49932790438527785,0.0003368551447302889
110,protein_embedding_entity_label_shuffle_plus_exact_degree_ppi_label_shuffle,3,4,83368,0.5054363593354311,0.0009974350851495487
110,protein_embedding_entity_label_shuffle_plus_exact_degree_ppi_label_shuffle,4,>4,5257,0.5306971387520565,0.003831682754465145
111,protein_embedding_entity_label_shuffle_plus_exact_degree_ppi_label_shuffle,0,1,12842,0.5010099413239747,0.0025176734797893387
111,protein_embedding_entity_label_shuffle_plus_exact_degree_ppi_label_shuffle,1,2,891393,0.4993402041491233,0.0003031713634199904
111,protein_embedding_entity_label_shuffle_plus_exact_degree_ppi_label_shuffle,2,3,710004,0.5000881404189343,0.0003442042711872636
111,protein_embedding_entity_label_shuffle_plus_exact_degree_ppi_label_shuffle,3,4,78960,0.5111092920158694,0.0010679647183529167
111,protein_embedding_entity_label_shuffle_plus_exact_degree_ppi_label_shuffle,4,>4,4204,0.457248815144814,0.004911433562882999
112,protein_embedding_entity_label_shuffle_plus_exact_degree_ppi_label_shuffle,0,1,12720,0.5106369352507762,0.002580379670202306
112,protein_embedding_entity_label_shuffle_plus_exact_degree_ppi_label_shuffle,1,2,891505,0.5048839993392865,0.00030698982789624144
112,protein_embedding_entity_label_shuffle_plus_exact_degree_ppi_label_shuffle,2,3,714474,0.4961300540934136,0.0003405231612888746
112,protein_embedding_entity_label_shuffle_plus_exact_degree_ppi_label_shuffle,3,4,73539,0.48083626523573747,0.0010397209698992122
112,protein_embedding_entity_label_shuffle_plus_exact_degree_ppi_label_shuffle,4,>4,3323,0.5295897966352183,0.004928003670999292
113,protein_embedding_entity_label_shuffle_plus_exact_degree_ppi_label_shuffle,0,1,12780,0.4741941210464222,0.002500009229897173
113,protein_embedding_entity_label_shuffle_plus_exact_degree_ppi_label_shuffle,1,2,895022,0.49729150417893064,0.0003028587929627243
113,protein_embedding_entity_label_shuffle_plus_exact_degree_ppi_label_shuffle,2,3,717150,0.5017666368735216,0.00034267921004241345
113,protein_embedding_entity_label_shuffle_plus_exact_degree_ppi_label_shuffle,3,4,71123,0.5002020749973567,0.001108832711943936
113,protein_embedding_entity_label_shuffle_plus_exact_degree_ppi_label_shuffle,4,>4,1328,0.5134118558956153,0.007859542409308097
114,protein_embedding_entity_label_shuffle_plus_exact_degree_ppi_label_shuffle,0,1,12778,0.4867678447487703,0.002468353892523253
114,protein_embedding_entity_label_shuffle_plus_exact_degree_ppi_label_shuffle,1,2,873972,0.49235673189980733,0.00030846790467856826
114,protein_embedding_entity_label_shuffle_plus_exact_degree_ppi_label_shuffle,2,3,718135,0.5060596545299005,0.00034116238204529904
114,protein_embedding_entity_label_shuffle_plus_exact_degree_ppi_label_shuffle,3,4,87371,0.5264788494431322,0.0009787303148343534
114,protein_embedding_entity_label_shuffle_plus_exact_degree_ppi_label_shuffle,4,>4,3305,0.5262990319342004,0.0051119028690108535
115,protein_embedding_entity_label_shuffle_plus_exact_degree_ppi_label_shuffle,0,1,12742,0.4965669154300972,0.002548264160423167
115,protein_embedding_entity_label_shuffle_plus_exact_degree_ppi_label_shuffle,1,2,888059,0.4946568248931767,0.0003050055579107437
115,protein_embedding_entity_label_shuffle_plus_exact_degree_ppi_label_shuffle,2,3,709225,0.5072058166207474,0.0003446721814357828
115,protein_embedding_entity_label_shuffle_plus_exact_degree_ppi_label_shuffle,3,4,79155,0.4964239115889413,0.0010227402447310341
115,protein_embedding_entity_label_shuffle_plus_exact_degree_ppi_label_shuffle,4,>4,4539,0.520710623345795,0.003936987072478412
116,protein_embedding_entity_label_shuffle_plus_exact_degree_ppi_label_shuffle,0,1,12702,0.48959126576712014,0.002516430495732437
116,protein_embedding_entity_label_shuffle_plus_exact_degree_ppi_label_shuffle,1,2,874038,0.4974735928216738,0.0003086946395689189
116,protein_embedding_entity_label_shuffle_plus_exact_degree_ppi_label_shuffle,2,3,716186,0.5031573098130966,0.000341099004144497
116,protein_embedding_entity_label_shuffle_plus_exact_degree_ppi_label_shuffle,3,4,82768,0.5069314522728217,0.0010057662683262633
116,protein_embedding_entity_label_shuffle_plus_exact_degree_ppi_label_shuffle,4,>4,6186,0.4548264909310109,0.00351892435112181
117,protein_embedding_entity_label_shuffle_plus_exact_degree_ppi_label_shuffle,0,1,12670,0.5016975761901661,0.0026268866624739777
117,protein_embedding_entity_label_shuffle_plus_exact_degree_ppi_label_shuffle,1,2,889337,0.4984352294949847,0.00030743773198843095
117,protein_embedding_entity_label_shuffle_plus_exact_degree_ppi_label_shuffle,2,3,712077,0.5017838616952262,0.00034112602383093617
117,protein_embedding_entity_label_shuffle_plus_exact_degree_ppi_label_shuffle,3,4,80913,0.4938583625237349,0.0010016317475577195
117,protein_embedding_entity_label_shuffle_plus_exact_degree_ppi_label_shuffle,4,>4,2406,0.4895571112140498,0.00551935873065977
118,protein_embedding_entity_label_shuffle_plus_exact_degree_ppi_label_shuffle,0,1,12775,0.5205220191503571,0.0024884594714142476
118,protein_embedding_entity_label_shuffle_plus_exact_degree_ppi_label_shuffle,1,2,859276,0.5045439262193737,0.00031026334602668953
118,protein_embedding_entity_label_shuffle_plus_exact_degree_ppi_label_shuffle,2,3,737689,0.49358572560448283,0.0003373856867418225
118,protein_embedding_entity_label_shuffle_plus_exact_degree_ppi_label_shuffle,3,4,85518,0.5103423267071613,0.0010006971123922457
118,protein_embedding_entity_label_shuffle_plus_exact_degree_ppi_label_shuffle,4,>4,2145,0.5986678949021629,0.006593406866475108
119,protein_embedding_entity_label_shuffle_plus_exact_degree_ppi_label_shuffle,0,1,12856,0.5076166821044125,0.0025460150156426642
119,protein_embedding_entity_label_shuffle_plus_exact_degree_ppi_label_shuffle,1,2,898901,0.5016997256252057,0.0003053467843790545
119,protein_embedding_entity_label_shuffle_plus_exact_degree_ppi_label_shuffle,2,3,694244,0.4986073795739315,0.00034573141005413306
119,protein_embedding_entity_label_shuffle_plus_exact_degree_ppi_label_shuffle,3,4,84879,0.4887502429865075,0.00098079634379291
119,protein_embedding_entity_label_shuffle_plus_exact_degree_ppi_label_shuffle,4,>4,4681,0.43379608420914306,0.004132893717625548
120,protein_embedding_entity_label_shuffle_plus_exact_degree_ppi_label_shuffle,0,1,13031,0.4759816383391465,0.002522697202695232
120,protein_embedding_entity_label_shuffle_plus_exact_degree_ppi_label_shuffle,1,2,904936,0.4974837652051189,0.00030457936924573335
120,protein_embedding_entity_label_shuffle_plus_exact_degree_ppi_label_shuffle,2,3,687744,0.5027527272233975,0.0003464485145042745
120,protein_embedding_entity_label_shuffle_plus_exact_degree_ppi_label_shuffle,3,4,87235,0.5090471109898069,0.0009756350290068188
120,protein_embedding_entity_label_shuffle_plus_exact_degree_ppi_label_shuffle,4,>4,2615,0.5450053330010568,0.00573338098617917
121,protein_embedding_entity_label_shuffle_plus_exact_degree_ppi_label_shuffle,0,1,12726,0.49724223722074573,0.0025232622096203684
121,protein_embedding_entity_label_shuffle_plus_exact_degree_ppi_label_shuffle,1,2,874043,0.5008402639907164,0.00030917510822702437
121,protein_embedding_entity_label_shuffle_plus_exact_degree_ppi_label_shuffle,2,3,723732,0.499900873800295,0.00033830404622806103
121,protein_embedding_entity_label_shuffle_plus_exact_degree_ppi_label_shuffle,3,4,83011,0.4916231212300343,0.0010170362605744579
121,protein_embedding_entity_label_shuffle_plus_exact_degree_ppi_label_shuffle,4,>4,3891,0.43525950017724735,0.004723755283638264
122,protein_embedding_entity_label_shuffle_plus_exact_degree_ppi_label_shuffle,0,1,12730,0.5210921327854845,0.002559980505147566
122,protein_embedding_entity_label_shuffle_plus_exact_degree_ppi_label_shuffle,1,2,885532,0.5074836812275756,0.00030779029297098363
122,protein_embedding_entity_label_shuffle_plus_exact_degree_ppi_label_shuffle,2,3,707219,0.49003869994926924,0.0003414042604572702
122,protein_embedding_entity_label_shuffle_plus_exact_degree_ppi_label_shuffle,3,4,85536,0.48517035736248565,0.0009816311131465541
122,protein_embedding_entity_label_shuffle_plus_exact_degree_ppi_label_shuffle,4,>4,4544,0.4591332210427475,0.004035791670147805
123,protein_embedding_entity_label_shuffle_plus_exact_degree_ppi_label_shuffle,0,1,12605,0.47718549288869444,0.0026080998209863683
123,protein_embedding_entity_label_shuffle_plus_exact_degree_ppi_label_shuffle,1,2,896028,0.4976726059281253,0.0003052018186120683
123,protein_embedding_entity_label_shuffle_plus_exact_degree_ppi_label_shuffle,2,3,700315,0.5042012445291505,0.0003442237223408362
123,protein_embedding_entity_label_shuffle_plus_exact_degree_ppi_label_shuffle,3,4,81868,0.4912850125426932,0.001004320162620768
123,protein_embedding_entity_label_shuffle_plus_exact_degree_ppi_label_shuffle,4,>4,4745,0.524096626703304,0.004417340233339085
124,protein_embedding_entity_label_shuffle_plus_exact_degree_ppi_label_shuffle,0,1,12823,0.5216865063286917,0.0025822494721200345
124,protein_embedding_entity_label_shuffle_plus_exact_degree_ppi_label_shuffle,1,2,890654,0.5013491537523077,0.0003038596843700193
124,protein_embedding_entity_label_shuffle_plus_exact_degree_ppi_label_shuffle,2,3,699917,0.4979182110292966,0.0003473234926597458
124,protein_embedding_entity_label_shuffle_plus_exact_degree_ppi_label_shuffle,3,4,85201,0.5003112829230023,0.001012009864541664
124,protein_embedding_entity_label_shuffle_plus_exact_degree_ppi_label_shuffle,4,>4,5125,0.4695355318971996,0.00408837797198191
125,protein_embedding_entity_label_shuffle_plus_exact_degree_ppi_label_shuffle,0,1,13047,0.4779929525901584,0.002469654903781548
125,protein_embedding_entity_label_shuffle_plus_exact_degree_ppi_label_shuffle,1,2,913236,0.5009902901794905,0.0003011805080273367
125,protein_embedding_entity_label_shuffle_plus_exact_degree_ppi_label_shuffle,2,3,694725,0.49747584809134215,0.0003465939641154915
125,protein_embedding_entity_label_shuffle_plus_exact_degree_ppi_label_shuffle,3,4,70761,0.48808835499844566,0.0010855839151840908
125,protein_embedding_entity_label_shuffle_plus_exact_degree_ppi_label_shuffle,4,>4,5634,0.5304047586274739,0.004216854005334811
126,protein_embedding_entity_label_shuffle_plus_exact_degree_ppi_label_shuffle,0,1,12642,0.5081137085250133,0.0025759719575032215
126,protein_embedding_entity_label_shuffle_plus_exact_degree_ppi_label_shuffle,1,2,872834,0.5003958154231326,0.00030943871294899025
126,protein_embedding_entity_label_shuffle_plus_exact_degree_ppi_label_shuffle,2,3,722050,0.502374730061432,0.0003398543440590045
126,protein_embedding_entity_label_shuffle_plus_exact_degree_ppi_label_shuffle,3,4,82013,0.48607175344944165,0.0009931576089260983
126,protein_embedding_entity_label_shuffle_plus_exact_degree_ppi_label_shuffle,4,>4,4181,0.4095982933455136,0.004165514913047271
127,protein_embedding_entity_label_shuffle_plus_exact_degree_ppi_label_shuffle,0,1,12622,0.522851498164811,0.0026305110703736495
127,protein_embedding_entity_label_shuffle_plus_exact_degree_ppi_label_shuffle,1,2,914829,0.5013822762867273,0.000302303121238425
127,protein_embedding_entity_label_shuffle_plus_exact_degree_ppi_label_shuffle,2,3,687799,0.49913024646765075,0.000347223740775556
127,protein_embedding_entity_label_shuffle_plus_exact_degree_ppi_label_shuffle,3,4,76527,0.5071730961601687,0.0010423655303681383
127,protein_embedding_entity_label_shuffle_plus_exact_degree_ppi_label_shuffle,4,>4,1944,0.5339621711308052,0.006589720188879962
128,protein_embedding_entity_label_shuffle_plus_exact_degree_ppi_label_shuffle,0,1,12878,0.4892702328284087,0.002488238793406143
128,protein_embedding_entity_label_shuffle_plus_exact_degree_ppi_label_shuffle,1,2,917561,0.49736852693402156,0.00029978368495681926
128,protein_embedding_entity_label_shuffle_plus_exact_degree_ppi_label_shuffle,2,3,689915,0.5021344114819164,0.0003493551611904577
128,protein_embedding_entity_label_shuffle_plus_exact_degree_ppi_label_shuffle,3,4,72567,0.5084973646586491,0.0010891053757916644
128,protein_embedding_entity_label_shuffle_plus_exact_degree_ppi_label_shuffle,4,>4,4482,0.5869772443074847,0.004452353566840876
129,protein_embedding_entity_label_shuffle_plus_exact_degree_ppi_label_shuffle,0,1,12763,0.4882215129973066,0.0025512103778234057
129,protein_embedding_entity_label_shuffle_plus_exact_degree_ppi_label_shuffle,1,2,907420,0.4965537065011926,0.00030248252203885097
129,protein_embedding_entity_label_shuffle_plus_exact_degree_ppi_label_shuffle,2,3,684916,0.5034056343394893,0.0003503103206297585
129,protein_embedding_entity_label_shuffle_plus_exact_degree_ppi_label_shuffle,3,4,83287,0.5027487156830487,0.0009811541007975892
129,protein_embedding_entity_label_shuffle_plus_exact_degree_ppi_label_shuffle,4,>4,5334,0.5516327385227082,0.003781083560321102
130,protein_embedding_entity_label_shuffle_plus_exact_degree_ppi_label_shuffle,0,1,12860,0.5029274301061216,0.0026085870876038308
130,protein_embedding_entity_label_shuffle_plus_exact_degree_ppi_label_shuffle,1,2,910648,0.5027708185380945,0.0003037250058472489
130,protein_embedding_entity_label_shuffle_plus_exact_degree_ppi_label_shuffle,2,3,691748,0.4984929607080771,0.0003455300536230573
130,protein_embedding_entity_label_shuffle_plus_exact_degree_ppi_label_shuffle,3,4,77629,0.4879456586332572,0.0010348388397959977
130,protein_embedding_entity_label_shuffle_plus_exact_degree_ppi_label_shuffle,4,>4,2676,0.4413261729458481,0.0056607476743349506
131,protein_embedding_entity_label_shuffle_plus_exact_degree_ppi_label_shuffle,0,1,12785,0.5308747581366736,0.0025745817789883927
131,protein_embedding_entity_label_shuffle_plus_exact_degree_ppi_label_shuffle,1,2,873822,0.5025975859530171,0.000308887516462117
131,protein_embedding_entity_label_shuffle_plus_exact_degree_ppi_label_shuffle,2,3,725764,0.49841220195372543,0.0003386131207672362
131,protein_embedding_entity_label_shuffle_plus_exact_degree_ppi_label_shuffle,3,4,76924,0.4907840669817841,0.0010465647966241037
131,protein_embedding_entity_label_shuffle_plus_exact_degree_ppi_label_shuffle,4,>4,2585,0.4844670037715611,0.005971266199485365
132,protein_embedding_entity_label_shuffle_plus_exact_degree_ppi_label_shuffle,0,1,12815,0.5056519261729819,0.002586718121032854
132,protein_embedding_entity_label_shuffle_plus_exact_degree_ppi_label_shuffle,1,2,894382,0.5012551108401259,0.00030565817190962444
132,protein_embedding_entity_label_shuffle_plus_exact_degree_ppi_label_shuffle,2,3,702086,0.498925787886049,0.00034397511612530317
132,protein_embedding_entity_label_shuffle_plus_exact_degree_ppi_label_shuffle,3,4,81075,0.5021870368145505,0.0010310698036557397
132,protein_embedding_entity_label_shuffle_plus_exact_degree_ppi_label_shuffle,4,>4,5203,0.45556167780313583,0.003772812447353855
133,protein_embedding_entity_label_shuffle_plus_exact_degree_ppi_label_shuffle,0,1,12934,0.49544148159910767,0.0025244350612590298
133,protein_embedding_entity_label_shuffle_plus_exact_degree_ppi_label_shuffle,1,2,902018,0.4947021979870282,0.000303150554223715
133,protein_embedding_entity_label_shuffle_plus_exact_degree_ppi_label_shuffle,2,3,701363,0.5052415281872243,0.0003460047925076089
133,protein_embedding_entity_label_shuffle_plus_exact_degree_ppi_label_shuffle,3,4,76774,0.5146063355138477,0.0010391390721847806
133,protein_embedding_entity_label_shuffle_plus_exact_degree_ppi_label_shuffle,4,>4,4314,0.49823803642880604,0.004087189700337622
134,protein_embedding_entity_label_shuffle_plus_exact_degree_ppi_label_shuffle,0,1,12919,0.5035390005941692,0.002566969846572915
134,protein_embedding_entity_label_shuffle_plus_exact_degree_ppi_label_shuffle,1,2,901065,0.5011339110184623,0.0003041235243442628
134,protein_embedding_entity_label_shuffle_plus_exact_degree_ppi_label_shuffle,2,3,693966,0.4990590733158992,0.0003462415476519069
134,protein_embedding_entity_label_shuffle_plus_exact_degree_ppi_label_shuffle,3,4,81650,0.5002232904632202,0.0010084504373921268
134,protein_embedding_entity_label_shuffle_plus_exact_degree_ppi_label_shuffle,4,>4,4120,0.6337950396802968,0.004481019097079996
135,protein_embedding_entity_label_shuffle_plus_exact_degree_ppi_label_shuffle,0,1,12829,0.4952123865863777,0.0025741985117982116
135,protein_embedding_entity_label_shuffle_plus_exact_degree_ppi_label_shuffle,1,2,891238,0.4984189735287299,0.0003071669673473729
135,protein_embedding_entity_label_shuffle_plus_exact_degree_ppi_label_shuffle,2,3,700959,0.4995010954007551,0.0003426192312888612
135,protein_embedding_entity_label_shuffle_plus_exact_degree_ppi_label_shuffle,3,4,87752,0.5107266000066947,0.0009671581580435829
135,protein_embedding_entity_label_shuffle_plus_exact_degree_ppi_label_shuffle,4,>4,4625,0.5015440076133104,0.004010800194906599
136,protein_embedding_entity_label_shuffle_plus_exact_degree_ppi_label_shuffle,0,1,12838,0.5035031314020587,0.002584762633604264
136,protein_embedding_entity_label_shuffle_plus_exact_degree_ppi_label_shuffle,1,2,850737,0.5075528524164769,0.0003147335600597182
136,protein_embedding_entity_label_shuffle_plus_exact_degree_ppi_label_shuffle,2,3,741430,0.49136623503194654,0.00033398225997198277
136,protein_embedding_entity_label_shuffle_plus_exact_degree_ppi_label_shuffle,3,4,83578,0.49871535391198496,0.0009804345696670202
136,protein_embedding_entity_label_shuffle_plus_exact_degree_ppi_label_shuffle,4,>4,6978,0.5544966589763328,0.0031977153649862095
137,protein_embedding_entity_label_shuffle_plus_exact_degree_ppi_label_shuffle,0,1,12995,0.504310935785889,0.0025562805165866647
137,protein_embedding_entity_label_shuffle_plus_exact_degree_ppi_label_shuffle,1,2,904926,0.4995941717706973,0.00030269533763899794
137,protein_embedding_entity_label_shuffle_plus_exact_degree_ppi_label_shuffle,2,3,689528,0.5003788680310839,0.0003480132326924929
137,protein_embedding_entity_label_shuffle_plus_exact_degree_ppi_label_shuffle,3,4,81136,0.4942266896197675,0.0010243725174597308
137,protein_embedding_entity_label_shuffle_plus_exact_degree_ppi_label_shuffle,4,>4,3295,0.5390394198152804,0.005177912386123609
138,protein_embedding_entity_label_shuffle_plus_exact_degree_ppi_label_shuffle,0,1,12799,0.5114941948450834,0.002571938071618506
138,protein_embedding_entity_label_shuffle_plus_exact_degree_ppi_label_shuffle,1,2,861717,0.4970212305690913,0.00031051308893064383
138,protein_embedding_entity_label_shuffle_plus_exact_degree_ppi_label_shuffle,2,3,726256,0.49693478591272916,0.00033904282678784843
138,protein_embedding_entity_label_shuffle_plus_exact_degree_ppi_label_shuffle,3,4,89066,0.5380987554242307,0.0009726413788803776
138,protein_embedding_entity_label_shuffle_plus_exact_degree_ppi_label_shuffle,4,>4,5723,0.6070222504932267,0.0035131217527350333
139,protein_embedding_entity_label_shuffle_plus_exact_degree_ppi_label_shuffle,0,1,12680,0.489649310039138,0.002476556094393424
139,protein_embedding_entity_label_shuffle_plus_exact_degree_ppi_label_shuffle,1,2,896702,0.49824139063116063,0.0003045279433751001
139,protein_embedding_entity_label_shuffle_plus_exact_degree_ppi_label_shuffle,2,3,702300,0.501742385360654,0.00034419923909140184
139,protein_embedding_entity_label_shuffle_plus_exact_degree_ppi_label_shuffle,3,4,81807,0.5085448835827573,0.0010163823853966386
139,protein_embedding_entity_label_shuffle_plus_exact_degree_ppi_label_shuffle,4,>4,3914,0.6458636441463176,0.004831854681174717
140,protein_embedding_entity_label_shuffle_plus_exact_degree_ppi_label_shuffle,0,1,12956,0.5045752259136483,0.0025202197229169917
140,protein_embedding_entity_label_shuffle_plus_exact_degree_ppi_label_shuffle,1,2,882247,0.5029651812673419,0.00030792474136368344
140,protein_embedding_entity_label_shuffle_plus_exact_degree_ppi_label_shuffle,2,3,713702,0.49771845552124244,0.00034071442815632636
140,protein_embedding_entity_label_shuffle_plus_exact_degree_ppi_label_shuffle,3,4,83705,0.49730163646087855,0.0010014060577436213
140,protein_embedding_entity_label_shuffle_plus_exact_degree_ppi_label_shuffle,4,>4,2951,0.510300680038249,0.00527562651105854
141,protein_embedding_entity_label_shuffle_plus_exact_degree_ppi_label_shuffle,0,1,12818,0.4961786463178113,0.0025343316359032054
141,protein_embedding_entity_label_shuffle_plus_exact_degree_ppi_label_shuffle,1,2,869165,0.5003859532199828,0.00031089082832715093
141,protein_embedding_entity_label_shuffle_plus_exact_degree_ppi_label_shuffle,2,3,730672,0.5024454963843514,0.0003364454818837282
141,protein_embedding_entity_label_shuffle_plus_exact_degree_ppi_label_shuffle,3,4,82104,0.48889694118877786,0.0009970337507023991
141,protein_embedding_entity_label_shuffle_plus_exact_degree_ppi_label_shuffle,4,>4,2644,0.4688871550842508,0.005458624643940763
142,protein_embedding_entity_label_shuffle_plus_exact_degree_ppi_label_shuffle,0,1,12779,0.4924772059442548,0.002542509711075576
142,protein_embedding_entity_label_shuffle_plus_exact_degree_ppi_label_shuffle,1,2,861114,0.5041098282416199,0.0003114518064714429
142,protein_embedding_entity_label_shuffle_plus_exact_degree_ppi_label_shuffle,2,3,726690,0.49553439372030117,0.00033807547462172605
142,protein_embedding_entity_label_shuffle_plus_exact_degree_ppi_label_shuffle,3,4,87687,0.5037945507411565,0.0009786634719431816
142,protein_embedding_entity_label_shuffle_plus_exact_degree_ppi_label_shuffle,4,>4,5450,0.5106050266230654,0.003964816916397623
143,protein_embedding_entity_label_shuffle_plus_exact_degree_ppi_label_shuffle,0,1,12637,0.5090995320722944,0.002565176517690849
143,protein_embedding_entity_label_shuffle_plus_exact_degree_ppi_label_shuffle,1,2,889728,0.5024864749334027,0.0003052924971421666
143,protein_embedding_entity_label_shuffle_plus_exact_degree_ppi_label_shuffle,2,3,703402,0.49751816423613715,0.0003450953519455401
143,protein_embedding_entity_label_shuffle_plus_exact_degree_ppi_label_shuffle,3,4,86560,0.5013774279703693,0.0009929646800010332
143,protein_embedding_entity_label_shuffle_plus_exact_degree_ppi_label_shuffle,4,>4,5076,0.4963886531589992,0.00398400690810884
144,protein_embedding_entity_label_shuffle_plus_exact_degree_ppi_label_shuffle,0,1,12783,0.4840466240042831,0.0025679128941510404
144,protein_embedding_entity_label_shuffle_plus_exact_degree_ppi_label_shuffle,1,2,875839,0.4974547176955683,0.00030869789470745757
144,protein_embedding_entity_label_shuffle_plus_exact_degree_ppi_label_shuffle,2,3,729845,0.5029007065167654,0.00033757048094734785
144,protein_embedding_entity_label_shuffle_plus_exact_degree_ppi_label_shuffle,3,4,76598,0.50425740398005,0.001045014465986051
144,protein_embedding_entity_label_shuffle_plus_exact_degree_ppi_label_shuffle,4,>4,2338,0.5077868324847048,0.006092164642245573
145,protein_embedding_entity_label_shuffle_plus_exact_degree_ppi_label_shuffle,0,1,12776,0.5067754449720043,0.0025476834253384427
145,protein_embedding_entity_label_shuffle_plus_exact_degree_ppi_label_shuffle,1,2,892210,0.5047134064352086,0.0003057349574599027
145,protein_embedding_entity_label_shuffle_plus_exact_degree_ppi_label_shuffle,2,3,707301,0.4946540957017661,0.00034338769792525373
145,protein_embedding_entity_label_shuffle_plus_exact_degree_ppi_label_shuffle,3,4,78789,0.49974920375509896,0.0010161739329467543
145,protein_embedding_entity_label_shuffle_plus_exact_degree_ppi_label_shuffle,4,>4,4485,0.44066738789867843,0.0042341260543254464
146,protein_embedding_entity_label_shuffle_plus_exact_degree_ppi_label_shuffle,0,1,12924,0.49721332089296905,0.002503491045474901
146,protein_embedding_entity_label_shuffle_plus_exact_degree_ppi_label_shuffle,1,2,921106,0.5003367933086902,0.0003003834432289895
146,protein_embedding_entity_label_shuffle_plus_exact_degree_ppi_label_shuffle,2,3,682910,0.49939289666016906,0.0003492940017842661
146,protein_embedding_entity_label_shuffle_plus_exact_degree_ppi_label_shuffle,3,4,74864,0.48745364965416793,0.0010559681919857277
146,protein_embedding_entity_label_shuffle_plus_exact_degree_ppi_label_shuffle,4,>4,1916,0.47069498205272703,0.006363824535640501
147,protein_embedding_entity_label_shuffle_plus_exact_degree_ppi_label_shuffle,0,1,12633,0.4900172454328991,0.0025385798175171182
147,protein_embedding_entity_label_shuffle_plus_exact_degree_ppi_label_shuffle,1,2,864434,0.4987536888748583,0.00030861483288477896
147,protein_embedding_entity_label_shuffle_plus_exact_degree_ppi_label_shuffle,2,3,735126,0.5011499830844565,0.000338329324510222
147,protein_embedding_entity_label_shuffle_plus_exact_degree_ppi_label_shuffle,3,4,78390,0.5056262763910141,0.001048215332222691
147,protein_embedding_entity_label_shuffle_plus_exact_degree_ppi_label_shuffle,4,>4,3137,0.4251804863792479,0.0051623987317155505
148,protein_embedding_entity_label_shuffle_plus_exact_degree_ppi_label_shuffle,0,1,12781,0.5324014696063551,0.0025505252479807055
148,protein_embedding_entity_label_shuffle_plus_exact_degree_ppi_label_shuffle,1,2,875546,0.5030765572288289,0.00030856349216546315
148,protein_embedding_entity_label_shuffle_plus_exact_degree_ppi_label_shuffle,2,3,712551,0.4954650140036716,0.00034200988229304364
148,protein_embedding_entity_label_shuffle_plus_exact_degree_ppi_label_shuffle,3,4,88558,0.4996907876436645,0.0009603689874279226
148,protein_embedding_entity_label_shuffle_plus_exact_degree_ppi_label_shuffle,4,>4,6125,0.456901733904697,0.003648055301900331
149,protein_embedding_entity_label_shuffle_plus_exact_degree_ppi_label_shuffle,0,1,12671,0.4755125318470763,0.002567736356145726
149,protein_embedding_entity_label_shuffle_plus_exact_degree_ppi_label_shuffle,1,2,885377,0.49326186463892163,0.0003066736694914403
149,protein_embedding_entity_label_shuffle_plus_exact_degree_ppi_label_shuffle,2,3,711874,0.5081885356301495,0.00034248761000727423
149,protein_embedding_entity_label_shuffle_plus_exact_degree_ppi_label_shuffle,3,4,83016,0.5055029444179522,0.0009839832395422713
149,protein_embedding_entity_label_shuffle_plus_exact_degree_ppi_label_shuffle,4,>4,2623,0.4588622688634805,0.005190373776688901
150,protein_embedding_entity_label_shuffle_plus_exact_degree_ppi_label_shuffle,0,1,12877,0.5017436522210165,0.002617889834190989
150,protein_embedding_entity_label_shuffle_plus_exact_degree_ppi_label_shuffle,1,2,903147,0.5007008127609095,0.00030448284735871473
150,protein_embedding_entity_label_shuffle_plus_exact_degree_ppi_label_shuffle,2,3,692330,0.500890631816239,0.00034611592100725427
150,protein_embedding_entity_label_shuffle_plus_exact_degree_ppi_label_shuffle,3,4,81863,0.4944930255050336,0.0010002474551653554
150,protein_embedding_entity_label_shuffle_plus_exact_degree_ppi_label_shuffle,4,>4,7186,0.5579283821060783,0.0032410501049163734
151,protein_embedding_entity_label_shuffle_plus_exact_degree_ppi_label_shuffle,0,1,12913,0.48959250065110244,0.0025351121091076487
151,protein_embedding_entity_label_shuffle_plus_exact_degree_ppi_label_shuffle,1,2,912928,0.5030822949475245,0.0003021568060062594
151,protein_embedding_entity_label_shuffle_plus_exact_degree_ppi_label_shuffle,2,3,688541,0.496716882835683,0.00034779296051690064
151,protein_embedding_entity_label_shuffle_plus_exact_degree_ppi_label_shuffle,3,4,77846,0.4759831023533486,0.0010124860952752672
151,protein_embedding_entity_label_shuffle_plus_exact_degree_ppi_label_shuffle,4,>4,5175,0.54806154781864,0.004606369501158502
152,protein_embedding_entity_label_shuffle_plus_exact_degree_ppi_label_shuffle,0,1,12652,0.4986864540367407,0.002597960604435934
152,protein_embedding_entity_label_shuffle_plus_exact_degree_ppi_label_shuffle,1,2,889825,0.501831699460007,0.0003072230962194767
152,protein_embedding_entity_label_shuffle_plus_exact_degree_ppi_label_shuffle,2,3,707414,0.4967091482201811,0.00034224762846766436
152,protein_embedding_entity_label_shuffle_plus_exact_degree_ppi_label_shuffle,3,4,81327,0.5088055989543001,0.0009895186462045545
152,protein_embedding_entity_label_shuffle_plus_exact_degree_ppi_label_shuffle,4,>4,6185,0.5107755955531263,0.003335628893703721
153,protein_embedding_entity_label_shuffle_plus_exact_degree_ppi_label_shuffle,0,1,12887,0.5052530194746246,0.0025933203116827405
153,protein_embedding_entity_label_shuffle_plus_exact_degree_ppi_label_shuffle,1,2,887608,0.5010904034984013,0.0003084194696264516
153,protein_embedding_entity_label_shuffle_plus_exact_degree_ppi_label_shuffle,2,3,708672,0.4981871215264669,0.00034141996601287725
153,protein_embedding_entity_label_shuffle_plus_exact_degree_ppi_label_shuffle,3,4,80070,0.5061758107338762,0.0009879407211846709
153,protein_embedding_entity_label_shuffle_plus_exact_degree_ppi_label_shuffle,4,>4,4483,0.4917473186414435,0.00414080397738795
154,protein_embedding_entity_label_shuffle_plus_exact_degree_ppi_label_shuffle,0,1,12847,0.5006969029722464,0.0025429984299566773
154,protein_embedding_entity_label_shuffle_plus_exact_degree_ppi_label_shuffle,1,2,906639,0.4965052486764983,0.0003033938533700463
154,protein_embedding_entity_label_shuffle_plus_exact_degree_ppi_label_shuffle,2,3,700269,0.5040105069877368,0.0003449601322604127
154,protein_embedding_entity_label_shuffle_plus_exact_degree_ppi_label_shuffle,3,4,73988,0.5060085039030432,0.001059648975068477
154,protein_embedding_entity_label_shuffle_plus_exact_degree_ppi_label_shuffle,4,>4,3660,0.4393394536536055,0.00448880808994524
155,protein_embedding_entity_label_shuffle_plus_exact_degree_ppi_label_shuffle,0,1,12869,0.5130780834518278,0.002519857289393889
155,protein_embedding_entity_label_shuffle_plus_exact_degree_ppi_label_shuffle,1,2,909381,0.4985125539050412,0.00030231990419817266
155,protein_embedding_entity_label_shuffle_plus_exact_degree_ppi_label_shuffle,2,3,695184,0.499322279498712,0.00034573237100239646
155,protein_embedding_entity_label_shuffle_plus_exact_degree_ppi_label_shuffle,3,4,75915,0.5253446276030118,0.0010622165114756905
155,protein_embedding_entity_label_shuffle_plus_exact_degree_ppi_label_shuffle,4,>4,2212,0.5292052326121519,0.006005733736673311
156,protein_embedding_entity_label_shuffle_plus_exact_degree_ppi_label_shuffle,0,1,12914,0.4772055377044377,0.0025701549469564463
156,protein_embedding_entity_label_shuffle_plus_exact_degree_ppi_label_shuffle,1,2,876251,0.49601427227580597,0.00030793774144048647
156,protein_embedding_entity_label_shuffle_plus_exact_degree_ppi_label_shuffle,2,3,718621,0.5025137323686245,0.0003405678767785056
156,protein_embedding_entity_label_shuffle_plus_exact_degree_ppi_label_shuffle,3,4,84443,0.5196121402120615,0.0010084366366119462
156,protein_embedding_entity_label_shuffle_plus_exact_degree_ppi_label_shuffle,4,>4,5174,0.5737371001029394,0.003794859117339524
157,protein_embedding_entity_label_shuffle_plus_exact_degree_ppi_label_shuffle,0,1,12856,0.5131766448799843,0.00257729784247401
157,protein_embedding_entity_label_shuffle_plus_exact_degree_ppi_label_shuffle,1,2,882441,0.4985391177886553,0.00030687555189284714
157,protein_embedding_entity_label_shuffle_plus_exact_degree_ppi_label_shuffle,2,3,710110,0.5026787626000278,0.0003431777574078478
157,protein_embedding_entity_label_shuffle_plus_exact_degree_ppi_label_shuffle,3,4,84891,0.4896655197599921,0.0009855538410281665
157,protein_embedding_entity_label_shuffle_plus_exact_degree_ppi_label_shuffle,4,>4,7105,0.42705872974084885,0.0033063773241408
158,protein_embedding_entity_label_shuffle_plus_exact_degree_ppi_label_shuffle,0,1,12800,0.4986662929458224,0.0025477280934290275
158,protein_embedding_entity_label_shuffle_plus_exact_degree_ppi_label_shuffle,1,2,897227,0.49911005179180695,0.00030526227236087115
158,protein_embedding_entity_label_shuffle_plus_exact_degree_ppi_label_shuffle,2,3,708804,0.5003346726530992,0.00034288467952739595
158,protein_embedding_entity_label_shuffle_plus_exact_degree_ppi_label_shuffle,3,4,76588,0.5084693313580274,0.001029454105414309
158,protein_embedding_entity_label_shuffle_plus_exact_degree_ppi_label_shuffle,4,>4,1984,0.48400815236626815,0.006581606984703381
159,protein_embedding_entity_label_shuffle_plus_exact_degree_ppi_label_shuffle,0,1,12648,0.502303552255423,0.0025609975225915856
159,protein_embedding_entity_label_shuffle_plus_exact_degree_ppi_label_shuffle,1,2,929062,0.5006441704901448,0.0002979812291189013
159,protein_embedding_entity_label_shuffle_plus_exact_degree_ppi_label_shuffle,2,3,670134,0.497547848512696,0.0003541673099883241
159,protein_embedding_entity_label_shuffle_plus_exact_degree_ppi_label_shuffle,3,4,80589,0.5095368748371305,0.0010446026048482723
159,protein_embedding_entity_label_shuffle_plus_exact_degree_ppi_label_shuffle,4,>4,4970,0.5152010708536113,0.004029381146237858
160,protein_embedding_entity_label_shuffle_plus_exact_degree_ppi_label_shuffle,0,1,12992,0.4994989641668694,0.002553187719199363
160,protein_embedding_entity_label_shuffle_plus_exact_degree_ppi_label_shuffle,1,2,899268,0.4966534783181895,0.00030432927601207614
160,protein_embedding_entity_label_shuffle_plus_exact_degree_ppi_label_shuffle,2,3,700756,0.5042592980105226,0.0003452669754899224
160,protein_embedding_entity_label_shuffle_plus_exact_degree_ppi_label_shuffle,3,4,80756,0.5059558150578797,0.0010129380560219405
160,protein_embedding_entity_label_shuffle_plus_exact_degree_ppi_label_shuffle,4,>4,3631,0.4834590749227692,0.004810823305249724
161,protein_embedding_entity_label_shuffle_plus_exact_degree_ppi_label_shuffle,0,1,12865,0.4918333467724437,0.002583967058786451
161,protein_embedding_entity_label_shuffle_plus_exact_degree_ppi_label_shuffle,1,2,883610,0.5022607679708068,0.00030710892639966786
161,protein_embedding_entity_label_shuffle_plus_exact_degree_ppi_label_shuffle,2,3,717339,0.49831140221097087,0.0003402241372667445
161,protein_embedding_entity_label_shuffle_plus_exact_degree_ppi_label_shuffle,3,4,76679,0.49994022189408494,0.0010482250406792834
161,protein_embedding_entity_label_shuffle_plus_exact_degree_ppi_label_shuffle,4,>4,3227,0.46553614455010195,0.005283666161746025
162,protein_embedding_entity_label_shuffle_plus_exact_degree_ppi_label_shuffle,0,1,12767,0.5063440173334183,0.0025649826037890157
162,protein_embedding_entity_label_shuffle_plus_exact_degree_ppi_label_shuffle,1,2,875513,0.5051157718323394,0.0003092222879003618
162,protein_embedding_entity_label_shuffle_plus_exact_degree_ppi_label_shuffle,2,3,727656,0.4957441441256219,0.0003371122174128484
162,protein_embedding_entity_label_shuffle_plus_exact_degree_ppi_label_shuffle,3,4,79379,0.473338215841372,0.0010136360738601895
162,protein_embedding_entity_label_shuffle_plus_exact_degree_ppi_label_shuffle,4,>4,2088,0.4356576842313327,0.0059283847067004795
163,protein_embedding_entity_label_shuffle_plus_exact_degree_ppi_label_shuffle,0,1,12676,0.5063642856574511,0.0024680185059299674
163,protein_embedding_entity_label_shuffle_plus_exact_degree_ppi_label_shuffle,1,2,892704,0.49526445544036074,0.00030414837239493153
163,protein_embedding_entity_label_shuffle_plus_exact_degree_ppi_label_shuffle,2,3,702005,0.5056706506977927,0.0003466813114185114
163,protein_embedding_entity_label_shuffle_plus_exact_degree_ppi_label_shuffle,3,4,83454,0.4978506466411227,0.0010093103666731175
163,protein_embedding_entity_label_shuffle_plus_exact_degree_ppi_label_shuffle,4,>4,2881,0.48233019483806006,0.005520254939039382
164,protein_embedding_entity_label_shuffle_plus_exact_degree_ppi_label_shuffle,0,1,12622,0.5224967323376487,0.00254869767872934
164,protein_embedding_entity_label_shuffle_plus_exact_degree_ppi_label_shuffle,1,2,871935,0.49835671696294037,0.0003087450874117093
164,protein_embedding_entity_label_shuffle_plus_exact_degree_ppi_label_shuffle,2,3,725467,0.5019481251904655,0.00033922614854986965
164,protein_embedding_entity_label_shuffle_plus_exact_degree_ppi_label_shuffle,3,4,82953,0.5050648784622784,0.001011525600840798
164,protein_embedding_entity_label_shuffle_plus_exact_degree_ppi_label_shuffle,4,>4,4426,0.4603377522440233,0.004056912531054539
165,protein_embedding_entity_label_shuffle_plus_exact_degree_ppi_label_shuffle,0,1,12845,0.5039364113365067,0.0025242113352624534
165,protein_embedding_entity_label_shuffle_plus_exact_degree_ppi_label_shuffle,1,2,890569,0.5043792953012588,0.0003055175808639925
165,protein_embedding_entity_label_shuffle_plus_exact_degree_ppi_label_shuffle,2,3,706044,0.49684191797845434,0.0003448668465762191
165,protein_embedding_entity_label_shuffle_plus_exact_degree_ppi_label_shuffle,3,4,82583,0.4786233166929742,0.000995614937272327
165,protein_embedding_entity_label_shuffle_plus_exact_degree_ppi_label_shuffle,4,>4,5362,0.4603996256524624,0.0038119575313833626
166,protein_embedding_entity_label_shuffle_plus_exact_degree_ppi_label_shuffle,0,1,12713,0.5054308101433577,0.0025983058258323773
166,protein_embedding_entity_label_shuffle_plus_exact_degree_ppi_label_shuffle,1,2,871964,0.4997380504093474,0.0003104756977602379
166,protein_embedding_entity_label_shuffle_plus_exact_degree_ppi_label_shuffle,2,3,720104,0.49991641572277035,0.00033945664455191046
166,protein_embedding_entity_label_shuffle_plus_exact_degree_ppi_label_shuffle,3,4,85988,0.4977600858411863,0.0009508254752096723
166,protein_embedding_entity_label_shuffle_plus_exact_degree_ppi_label_shuffle,4,>4,2952,0.4952891300606528,0.004790703401318133
167,protein_embedding_entity_label_shuffle_plus_exact_degree_ppi_label_shuffle,0,1,12605,0.5102671545762552,0.0025561593610262186
167,protein_embedding_entity_label_shuffle_plus_exact_degree_ppi_label_shuffle,1,2,900810,0.5012297685665261,0.0003044948026616883
167,protein_embedding_entity_label_shuffle_plus_exact_degree_ppi_label_shuffle,2,3,693878,0.4987565937685284,0.0003463601925171972
167,protein_embedding_entity_label_shuffle_plus_exact_degree_ppi_label_shuffle,3,4,86860,0.5042779749956918,0.0009816470665761716
167,protein_embedding_entity_label_shuffle_plus_exact_degree_ppi_label_shuffle,4,>4,3250,0.48374360131236827,0.00492029860327416
168,protein_embedding_entity_label_shuffle_plus_exact_degree_ppi_label_shuffle,0,1,12977,0.5029400715078789,0.002555886361327272
168,protein_embedding_entity_label_shuffle_plus_exact_degree_ppi_label_shuffle,1,2,890589,0.49679378393786977,0.00030540151125795043
168,protein_embedding_entity_label_shuffle_plus_exact_degree_ppi_label_shuffle,2,3,709017,0.5031816727143896,0.00034425855523980634
168,protein_embedding_entity_label_shuffle_plus_exact_degree_ppi_label_shuffle,3,4,80896,0.5060936726859749,0.0010004871329884653
168,protein_embedding_entity_label_shuffle_plus_exact_degree_ppi_label_shuffle,4,>4,2082,0.43833452621104496,0.0061018406854031395
169,protein_embedding_entity_label_shuffle_plus_exact_degree_ppi_label_shuffle,0,1,12832,0.4871385259602801,0.0025373455135753375
169,protein_embedding_entity_label_shuffle_plus_exact_degree_ppi_label_shuffle,1,2,907126,0.49899240066370854,0.00030342427633879636
169,protein_embedding_entity_label_shuffle_plus_exact_degree_ppi_label_shuffle,2,3,694854,0.5024053828600477,0.00034629612611525773
169,protein_embedding_entity_label_shuffle_plus_exact_degree_ppi_label_shuffle,3,4,77790,0.5063964874289657,0.001018187664936536
169,protein_embedding_entity_label_shuffle_plus_exact_degree_ppi_label_shuffle,4,>4,2959,0.481523793381926,0.005197899538944835
170,protein_embedding_entity_label_shuffle_plus_exact_degree_ppi_label_shuffle,0,1,12847,0.5061676856497177,0.0025653791901412335
170,protein_embedding_entity_label_shuffle_plus_exact_degree_ppi_label_shuffle,1,2,870703,0.504034570831598,0.00030982927492118864
170,protein_embedding_entity_label_shuffle_plus_exact_degree_ppi_label_shuffle,2,3,719367,0.4968015654400184,0.0003395192762361725
170,protein_embedding_entity_label_shuffle_plus_exact_degree_ppi_label_shuffle,3,4,87711,0.4829753080705525,0.0009873765870486207
170,protein_embedding_entity_label_shuffle_plus_exact_degree_ppi_label_shuffle,4,>4,6775,0.5186435528251377,0.0035077385145888674
171,protein_embedding_entity_label_shuffle_plus_exact_degree_ppi_label_shuffle,0,1,12784,0.47962128845058455,0.0025556500557249234
171,protein_embedding_entity_label_shuffle_plus_exact_degree_ppi_label_shuffle,1,2,903605,0.4957892233887379,0.00030217895478980414
171,protein_embedding_entity_label_shuffle_plus_exact_degree_ppi_label_shuffle,2,3,692607,0.5038628655317927,0.000348811731245811
171,protein_embedding_entity_label_shuffle_plus_exact_degree_ppi_label_shuffle,3,4,84611,0.5159487922929284,0.0010067520325799308
171,protein_embedding_entity_label_shuffle_plus_exact_degree_ppi_label_shuffle,4,>4,3796,0.5269326048957792,0.004721765528051979
172,protein_embedding_entity_label_shuffle_plus_exact_degree_ppi_label_shuffle,0,1,12646,0.4737927939549964,0.002546893157179062
172,protein_embedding_entity_label_shuffle_plus_exact_degree_ppi_label_shuffle,1,2,894698,0.49909356007256406,0.00030568987764436684
172,protein_embedding_entity_label_shuffle_plus_exact_degree_ppi_label_shuffle,2,3,698431,0.5030414564104069,0.0003449901150310314
172,protein_embedding_entity_label_shuffle_plus_exact_degree_ppi_label_shuffle,3,4,85828,0.4973822608986093,0.0009801472545738637
172,protein_embedding_entity_label_shuffle_plus_exact_degree_ppi_label_shuffle,4,>4,5800,0.4540041721336074,0.003990712493704232
173,protein_embedding_entity_label_shuffle_plus_exact_degree_ppi_label_shuffle,0,1,12572,0.5039985654369238,0.00258759020362571
173,protein_embedding_entity_label_shuffle_plus_exact_degree_ppi_label_shuffle,1,2,899170,0.5045823270424542,0.0003051603523542537
173,protein_embedding_entity_label_shuffle_plus_exact_degree_ppi_label_shuffle,2,3,699950,0.49595449256288987,0.0003444273158617777
173,protein_embedding_entity_label_shuffle_plus_exact_degree_ppi_label_shuffle,3,4,81140,0.4881304149062433,0.0010048502593377005
173,protein_embedding_entity_label_shuffle_plus_exact_degree_ppi_label_shuffle,4,>4,2729,0.4700956384284447,0.005502716879351111
174,protein_embedding_entity_label_shuffle_plus_exact_degree_ppi_label_shuffle,0,1,12730,0.5017884573577486,0.0026031647339462235
174,protein_embedding_entity_label_shuffle_plus_exact_degree_ppi_label_shuffle,1,2,889645,0.501340181026266,0.0003057323972155227
174,protein_embedding_entity_label_shuffle_plus_exact_degree_ppi_label_shuffle,2,3,718694,0.4967961463518546,0.00033981049856854736
174,protein_embedding_entity_label_shuffle_plus_exact_degree_ppi_label_shuffle,3,4,74556,0.5175246779156999,0.001072287213373766
174,protein_embedding_entity_label_shuffle_plus_exact_degree_ppi_label_shuffle,4,>4,1778,0.5181806039405827,0.006736629395473175
175,protein_embedding_entity_label_shuffle_plus_exact_degree_ppi_label_shuffle,0,1,12834,0.4957998768587518,0.002625525829124448
175,protein_embedding_entity_label_shuffle_plus_exact_degree_ppi_label_shuffle,1,2,920149,0.49969714268662957,0.00030153395650306695
175,protein_embedding_entity_label_shuffle_plus_exact_degree_ppi_label_shuffle,2,3,686395,0.501153581300496,0.00034688449582249883
175,protein_embedding_entity_label_shuffle_plus_exact_degree_ppi_label_shuffle,3,4,73079,0.5020819444323621,0.0010586404832931546
175,protein_embedding_entity_label_shuffle_plus_exact_degree_ppi_label_shuffle,4,>4,3104,0.4632349210357473,0.005514019141722828
176,protein_embedding_entity_label_shuffle_plus_exact_degree_ppi_label_shuffle,0,1,12986,0.49646310329864357,0.002536387753241996
176,protein_embedding_entity_label_shuffle_plus_exact_degree_ppi_label_shuffle,1,2,865055,0.4997383123605058,0.0003092526044808298
176,protein_embedding_entity_label_shuffle_plus_exact_degree_ppi_label_shuffle,2,3,717245,0.49853162635344395,0.00034158683053091304
176,protein_embedding_entity_label_shuffle_plus_exact_degree_ppi_label_shuffle,3,4,97353,0.5135585711751828,0.0009388408690448919
176,protein_embedding_entity_label_shuffle_plus_exact_degree_ppi_label_shuffle,4,>4,4764,0.5301826189917885,0.004214441895669337
177,protein_embedding_entity_label_shuffle_plus_exact_degree_ppi_label_shuffle,0,1,12684,0.4994281885783474,0.002512666746717477
177,protein_embedding_entity_label_shuffle_plus_exact_degree_ppi_label_shuffle,1,2,895931,0.49796642204754676,0.00030390344369963097
177,protein_embedding_entity_label_shuffle_plus_exact_degree_ppi_label_shuffle,2,3,701104,0.5001634025048841,0.0003454885614495581
177,protein_embedding_entity_label_shuffle_plus_exact_degree_ppi_label_shuffle,3,4,81260,0.5101032626632099,0.0010211046080018259
177,protein_embedding_entity_label_shuffle_plus_exact_degree_ppi_label_shuffle,4,>4,4582,0.46002798659069766,0.004271635469872341
178,protein_embedding_entity_label_shuffle_plus_exact_degree_ppi_label_shuffle,0,1,12753,0.5159844561179002,0.002574469035394293
178,protein_embedding_entity_label_shuffle_plus_exact_degree_ppi_label_shuffle,1,2,880566,0.5008950337482285,0.000306567591342408
178,protein_embedding_entity_label_shuffle_plus_exact_degree_ppi_label_shuffle,2,3,724742,0.4980636383172193,0.00034051440007518434
178,protein_embedding_entity_label_shuffle_plus_exact_degree_ppi_label_shuffle,3,4,75120,0.5100674605289052,0.001060760103134353
178,protein_embedding_entity_label_shuffle_plus_exact_degree_ppi_label_shuffle,4,>4,4222,0.5164025987832002,0.004277077177894246
179,protein_embedding_entity_label_shuffle_plus_exact_degree_ppi_label_shuffle,0,1,12693,0.5108349005920431,0.002589813560895749
179,protein_embedding_entity_label_shuffle_plus_exact_degree_ppi_label_shuffle,1,2,889752,0.4963769010214082,0.00030636437573664763
179,protein_embedding_entity_label_shuffle_plus_exact_degree_ppi_label_shuffle,2,3,701781,0.5003782084652137,0.0003428157584265355
179,protein_embedding_entity_label_shuffle_plus_exact_degree_ppi_label_shuffle,3,4,86501,0.5328392326909732,0.0010059215971286145
179,protein_embedding_entity_label_shuffle_plus_exact_degree_ppi_label_shuffle,4,>4,4834,0.5962127915151574,0.004246770635265923
180,protein_embedding_entity_label_shuffle_plus_exact_degree_ppi_label_shuffle,0,1,12874,0.4687406492659491,0.0025063326867941454
180,protein_embedding_entity_label_shuffle_plus_exact_degree_ppi_label_shuffle,1,2,894963,0.49065638801619055,0.000304645385460421
180,protein_embedding_entity_label_shuffle_plus_exact_degree_ppi_label_shuffle,2,3,699655,0.5116461088936914,0.0003452626888357306
180,protein_embedding_entity_label_shuffle_plus_exact_degree_ppi_label_shuffle,3,4,82071,0.5052990697402876,0.0010096185346484235
180,protein_embedding_entity_label_shuffle_plus_exact_degree_ppi_label_shuffle,4,>4,2317,0.4701720941900496,0.005851895554731907
181,protein_embedding_entity_label_shuffle_plus_exact_degree_ppi_label_shuffle,0,1,12838,0.5081003655849989,0.0025631926418065343
181,protein_embedding_entity_label_shuffle_plus_exact_degree_ppi_label_shuffle,1,2,906026,0.5035830190246892,0.00030120716937042833
181,protein_embedding_entity_label_shuffle_plus_exact_degree_ppi_label_shuffle,2,3,697338,0.498301506879602,0.0003475150287121771
181,protein_embedding_entity_label_shuffle_plus_exact_degree_ppi_label_shuffle,3,4,74757,0.484547404880697,0.0010838945397647552
181,protein_embedding_entity_label_shuffle_plus_exact_degree_ppi_label_shuffle,4,>4,4602,0.44775221685750327,0.0045769144672143615
182,protein_embedding_entity_label_shuffle_plus_exact_degree_ppi_label_shuffle,0,1,12920,0.5033992113761898,0.0025031642213500845
182,protein_embedding_entity_label_shuffle_plus_exact_degree_ppi_label_shuffle,1,2,876083,0.49969912332635275,0.0003080278362057329
182,protein_embedding_entity_label_shuffle_plus_exact_degree_ppi_label_shuffle,2,3,717070,0.5002459054000882,0.0003418533243467145
182,protein_embedding_entity_label_shuffle_plus_exact_degree_ppi_label_shuffle,3,4,84774,0.4997025454195831,0.0009956697132680757
182,protein_embedding_entity_label_shuffle_plus_exact_degree_ppi_label_shuffle,4,>4,6556,0.4956255854977574,0.003308282173617271
183,protein_embedding_entity_label_shuffle_plus_exact_degree_ppi_label_shuffle,0,1,12813,0.5166796787623861,0.0025046168325221566
183,protein_embedding_entity_label_shuffle_plus_exact_degree_ppi_label_shuffle,1,2,870206,0.5049219455655656,0.00030935694386151916
183,protein_embedding_entity_label_shuffle_plus_exact_degree_ppi_label_shuffle,2,3,728441,0.49559751020822157,0.0003390970985343954
183,protein_embedding_entity_label_shuffle_plus_exact_degree_ppi_label_shuffle,3,4,81374,0.4899297839105599,0.0009986086358230904
183,protein_embedding_entity_label_shuffle_plus_exact_degree_ppi_label_shuffle,4,>4,4569,0.5107391119788808,0.004088773348367357
184,protein_embedding_entity_label_shuffle_plus_exact_degree_ppi_label_shuffle,0,1,12851,0.4761369148744455,0.0024980754042722092
184,protein_embedding_entity_label_shuffle_plus_exact_degree_ppi_label_shuffle,1,2,913065,0.49678404045099556,0.0003016496056902173
184,protein_embedding_entity_label_shuffle_plus_exact_degree_ppi_label_shuffle,2,3,693253,0.5038719487583782,0.0003478096777626062
184,protein_embedding_entity_label_shuffle_plus_exact_degree_ppi_label_shuffle,3,4,75145,0.5197210436648035,0.0010411298009488324
184,protein_embedding_entity_label_shuffle_plus_exact_degree_ppi_label_shuffle,4,>4,3089,0.5493017352636224,0.005102511835325062
185,protein_embedding_entity_label_shuffle_plus_exact_degree_ppi_label_shuffle,0,1,12884,0.5034392350890258,0.002569726573726192
185,protein_embedding_entity_label_shuffle_plus_exact_degree_ppi_label_shuffle,1,2,887090,0.5022650998338277,0.00030679457673799123
185,protein_embedding_entity_label_shuffle_plus_exact_degree_ppi_label_shuffle,2,3,718699,0.49940680976303325,0.00034006120353159626
185,protein_embedding_entity_label_shuffle_plus_exact_degree_ppi_label_shuffle,3,4,76204,0.4916646731500407,0.001050444599865353
185,protein_embedding_entity_label_shuffle_plus_exact_degree_ppi_label_shuffle,4,>4,2526,0.3703702666549088,0.005571491753684481
186,protein_embedding_entity_label_shuffle_plus_exact_degree_ppi_label_shuffle,0,1,12627,0.4930342671844577,0.0025726807326435426
186,protein_embedding_entity_label_shuffle_plus_exact_degree_ppi_label_shuffle,1,2,880796,0.49674071769518907,0.00030682096419022735
186,protein_embedding_entity_label_shuffle_plus_exact_degree_ppi_label_shuffle,2,3,707170,0.5032293562514032,0.0003440715405723518
186,protein_embedding_entity_label_shuffle_plus_exact_degree_ppi_label_shuffle,3,4,89758,0.4982617210523962,0.0009642707568415648
186,protein_embedding_entity_label_shuffle_plus_exact_degree_ppi_label_shuffle,4,>4,3369,0.48168514685099373,0.004844158565869154
187,protein_embedding_entity_label_shuffle_plus_exact_degree_ppi_label_shuffle,0,1,12842,0.4917445640716759,0.00252625671548783
187,protein_embedding_entity_label_shuffle_plus_exact_degree_ppi_label_shuffle,1,2,891430,0.4925736532297633,0.0003041371312352754
187,protein_embedding_entity_label_shuffle_plus_exact_degree_ppi_label_shuffle,2,3,709938,0.5058997096756113,0.00034431502580792756
187,protein_embedding_entity_label_shuffle_plus_exact_degree_ppi_label_shuffle,3,4,78909,0.5140294200517797,0.0010282435000378402
187,protein_embedding_entity_label_shuffle_plus_exact_degree_ppi_label_shuffle,4,>4,2442,0.538521211176396,0.0057686548244959435
188,protein_embedding_entity_label_shuffle_plus_exact_degree_ppi_label_shuffle,0,1,12791,0.5017554873113014,0.0025399762529538785
188,protein_embedding_entity_label_shuffle_plus_exact_degree_ppi_label_shuffle,1,2,894440,0.5022076171670068,0.0003058462510737572
188,protein_embedding_entity_label_shuffle_plus_exact_degree_ppi_label_shuffle,2,3,700007,0.49750641943250246,0.0003438705714840514
188,protein_embedding_entity_label_shuffle_plus_exact_degree_ppi_label_shuffle,3,4,85567,0.4923562602289319,0.000986887933327878
188,protein_embedding_entity_label_shuffle_plus_exact_degree_ppi_label_shuffle,4,>4,4598,0.4891306703371305,0.004109360440118063
189,protein_embedding_entity_label_shuffle_plus_exact_degree_ppi_label_shuffle,0,1,12933,0.5082009812143522,0.0025365695576926497
189,protein_embedding_entity_label_shuffle_plus_exact_degree_ppi_label_shuffle,1,2,903217,0.5016166162249285,0.0003050548976685966
189,protein_embedding_entity_label_shuffle_plus_exact_degree_ppi_label_shuffle,2,3,703591,0.4959746223162503,0.0003422039119058909
189,protein_embedding_entity_label_shuffle_plus_exact_degree_ppi_label_shuffle,3,4,73568,0.5124758040912581,0.0010401341277285786
189,protein_embedding_entity_label_shuffle_plus_exact_degree_ppi_label_shuffle,4,>4,4094,0.4992694696648224,0.004607782579175546
190,protein_embedding_entity_label_shuffle_plus_exact_degree_ppi_label_shuffle,0,1,12794,0.49796478809675143,0.002507427543124501
190,protein_embedding_entity_label_shuffle_plus_exact_degree_ppi_label_shuffle,1,2,873497,0.49960037339425406,0.00030988998050992845
190,protein_embedding_entity_label_shuffle_plus_exact_degree_ppi_label_shuffle,2,3,716630,0.5011252656347283,0.00034064896527638127
190,protein_embedding_entity_label_shuffle_plus_exact_degree_ppi_label_shuffle,3,4,89657,0.5002516392688886,0.0009526188316952871
190,protein_embedding_entity_label_shuffle_plus_exact_degree_ppi_label_shuffle,4,>4,4825,0.46802834440473795,0.0039357888483707295
191,protein_embedding_entity_label_shuffle_plus_exact_degree_ppi_label_shuffle,0,1,13070,0.5300184453691158,0.002458522395765859
191,protein_embedding_entity_label_shuffle_plus_exact_degree_ppi_label_shuffle,1,2,895240,0.5015853220502939,0.0003033971248306558
191,protein_embedding_entity_label_shuffle_plus_exact_degree_ppi_label_shuffle,2,3,710839,0.49710093619403695,0.0003437680178833817
191,protein_embedding_entity_label_shuffle_plus_exact_degree_ppi_label_shuffle,3,4,73256,0.4970378572169722,0.0010805139732665697
191,protein_embedding_entity_label_shuffle_plus_exact_degree_ppi_label_shuffle,4,>4,3156,0.4811248583536507,0.005539577848739152
192,protein_embedding_entity_label_shuffle_plus_exact_degree_ppi_label_shuffle,0,1,12667,0.4855999706774462,0.0025954182575970547
192,protein_embedding_entity_label_shuffle_plus_exact_degree_ppi_label_shuffle,1,2,887495,0.5031853024056111,0.0003070183225279187
192,protein_embedding_entity_label_shuffle_plus_exact_degree_ppi_label_shuffle,2,3,712329,0.4948336221086057,0.00034089311814340586
192,protein_embedding_entity_label_shuffle_plus_exact_degree_ppi_label_shuffle,3,4,78122,0.5041726993980946,0.0010508192892340965
192,protein_embedding_entity_label_shuffle_plus_exact_degree_ppi_label_shuffle,4,>4,3108,0.4834807585971138,0.005094982746741288
193,protein_embedding_entity_label_shuffle_plus_exact_degree_ppi_label_shuffle,0,1,12723,0.4966167666664142,0.002559381573492936
193,protein_embedding_entity_label_shuffle_plus_exact_degree_ppi_label_shuffle,1,2,857152,0.49936703883299555,0.0003092065818851354
193,protein_embedding_entity_label_shuffle_plus_exact_degree_ppi_label_shuffle,2,3,744433,0.5005201073237958,0.0003371004863148984
193,protein_embedding_entity_label_shuffle_plus_exact_degree_ppi_label_shuffle,3,4,76600,0.4984910184808203,0.0010597931273441845
193,protein_embedding_entity_label_shuffle_plus_exact_degree_ppi_label_shuffle,4,>4,4653,0.48941340724522014,0.0040725863086346955
194,protein_embedding_entity_label_shuffle_plus_exact_degree_ppi_label_shuffle,0,1,12723,0.48018024395803893,0.002526529941566164
194,protein_embedding_entity_label_shuffle_plus_exact_degree_ppi_label_shuffle,1,2,865740,0.4964816505268594,0.0003081343862435456
194,protein_embedding_entity_label_shuffle_plus_exact_degree_ppi_label_shuffle,2,3,719348,0.503692597863003,0.0003428054850337405
194,protein_embedding_entity_label_shuffle_plus_exact_degree_ppi_label_shuffle,3,4,92537,0.5039403377545038,0.0009529462078233163
194,protein_embedding_entity_label_shuffle_plus_exact_degree_ppi_label_shuffle,4,>4,7055,0.4817959932676617,0.003442464084834751
195,protein_embedding_entity_label_shuffle_plus_exact_degree_ppi_label_shuffle,0,1,12705,0.47667427322305306,0.002538769143105258
195,protein_embedding_entity_label_shuffle_plus_exact_degree_ppi_label_shuffle,1,2,920398,0.49481586290852997,0.000301117597817115
195,protein_embedding_entity_label_shuffle_plus_exact_degree_ppi_label_shuffle,2,3,676770,0.505834026715079,0.00035044380103598714
195,protein_embedding_entity_label_shuffle_plus_exact_degree_ppi_label_shuffle,3,4,76648,0.5001048146132161,0.0010309905316937418
195,protein_embedding_entity_label_shuffle_plus_exact_degree_ppi_label_shuffle,4,>4,10882,0.5534028634848778,0.002970615492633864
196,protein_embedding_entity_label_shuffle_plus_exact_degree_ppi_label_shuffle,0,1,12914,0.49652477772724507,0.0025210719803860056
196,protein_embedding_entity_label_shuffle_plus_exact_degree_ppi_label_shuffle,1,2,893189,0.5002158268506129,0.00030464284702379874
196,protein_embedding_entity_label_shuffle_plus_exact_degree_ppi_label_shuffle,2,3,708074,0.5001471277915698,0.00034382360138482057
196,protein_embedding_entity_label_shuffle_plus_exact_degree_ppi_label_shuffle,3,4,78802,0.4977978836613208,0.001035830405268547
196,protein_embedding_entity_label_shuffle_plus_exact_degree_ppi_label_shuffle,4,>4,4424,0.5476463641021567,0.004309986560450157
197,protein_embedding_entity_label_shuffle_plus_exact_degree_ppi_label_shuffle,0,1,12838,0.49008197351449223,0.0025143711717218412
197,protein_embedding_entity_label_shuffle_plus_exact_degree_ppi_label_shuffle,1,2,888570,0.49699345857732213,0.00030556757608027823
197,protein_embedding_entity_label_shuffle_plus_exact_degree_ppi_label_shuffle,2,3,717403,0.501603547716638,0.0003414302420140069
197,protein_embedding_entity_label_shuffle_plus_exact_degree_ppi_label_shuffle,3,4,76094,0.5229874042950309,0.0010644413828712932
197,protein_embedding_entity_label_shuffle_plus_exact_degree_ppi_label_shuffle,4,>4,2498,0.594126711783067,0.005428162815449712
198,protein_embedding_entity_label_shuffle_plus_exact_degree_ppi_label_shuffle,0,1,13006,0.49591812547492586,0.002524191817484099
198,protein_embedding_entity_label_shuffle_plus_exact_degree_ppi_label_shuffle,1,2,876888,0.5000167117517224,0.00030844822226304197
198,protein_embedding_entity_label_shuffle_plus_exact_degree_ppi_label_shuffle,2,3,718085,0.5035669207503242,0.0003406273164529555
198,protein_embedding_entity_label_shuffle_plus_exact_degree_ppi_label_shuffle,3,4,84510,0.48270980976483174,0.0009859119706877866
198,protein_embedding_entity_label_shuffle_plus_exact_degree_ppi_label_shuffle,4,>4,3072,0.4240305049250046,0.004621059611421639
199,protein_embedding_entity_label_shuffle_plus_exact_degree_ppi_label_shuffle,0,1,12784,0.4885921497068323,0.002547002243330948
199,protein_embedding_entity_label_shuffle_plus_exact_degree_ppi_label_shuffle,1,2,903417,0.4995049451811389,0.00030539849857816364
199,protein_embedding_entity_label_shuffle_plus_exact_degree_ppi_label_shuffle,2,3,686470,0.4994212593252535,0.00034775212746303346
199,protein_embedding_entity_label_shuffle_plus_exact_degree_ppi_label_shuffle,3,4,82774,0.5125406802710496,0.0009776078945565097
199,protein_embedding_entity_label_shuffle_plus_exact_degree_ppi_label_shuffle,4,>4,6435,0.5130848936010813,0.003243128122335365
200,protein_embedding_entity_label_shuffle_plus_exact_degree_ppi_label_shuffle,0,1,12726,0.5015942416778094,0.0025707063363907875
200,protein_embedding_entity_label_shuffle_plus_exact_degree_ppi_label_shuffle,1,2,877780,0.49865664698313833,0.0003076399228296616
200,protein_embedding_entity_label_shuffle_plus_exact_degree_ppi_label_shuffle,2,3,708765,0.5003397059859773,0.00034251132239741333
200,protein_embedding_entity_label_shuffle_plus_exact_degree_ppi_label_shuffle,3,4,89726,0.5010007002849108,0.0009674604813952435
200,protein_embedding_entity_label_shuffle_plus_exact_degree_ppi_label_shuffle,4,>4,6564,0.556927928298402,0.003674194940310159
201,protein_embedding_entity_label_shuffle_plus_exact_degree_ppi_label_shuffle,0,1,12711,0.5023368709046292,0.00256734025924785
201,protein_embedding_entity_label_shuffle_plus_exact_degree_ppi_label_shuffle,1,2,895736,0.5025043431073639,0.0003063231864719899
201,protein_embedding_entity_label_shuffle_plus_exact_degree_ppi_label_shuffle,2,3,698129,0.49822866415078576,0.00034504823484506205
201,protein_embedding_entity_label_shuffle_plus_exact_degree_ppi_label_shuffle,3,4,82220,0.49070445434055565,0.00097911344655959
201,protein_embedding_entity_label_shuffle_plus_exact_degree_ppi_label_shuffle,4,>4,8607,0.44960411809098616,0.0028758703458773367
202,protein_embedding_entity_label_shuffle_plus_exact_degree_ppi_label_shuffle,0,1,12904,0.4816528163581958,0.0025077395444388266
202,protein_embedding_entity_label_shuffle_plus_exact_degree_ppi_label_shuffle,1,2,877340,0.49527308226772354,0.0003055086646437197
202,protein_embedding_entity_label_shuffle_plus_exact_degree_ppi_label_shuffle,2,3,721884,0.5074124315609109,0.00034304196912352957
202,protein_embedding_entity_label_shuffle_plus_exact_degree_ppi_label_shuffle,3,4,80703,0.4863404174840802,0.0010250378591996716
202,protein_embedding_entity_label_shuffle_plus_exact_degree_ppi_label_shuffle,4,>4,4572,0.4106174776420085,0.004032057613022558
203,protein_embedding_entity_label_shuffle_plus_exact_degree_ppi_label_shuffle,0,1,12709,0.4723729824244845,0.002595142521812307
203,protein_embedding_entity_label_shuffle_plus_exact_degree_ppi_label_shuffle,1,2,879051,0.4988508461783926,0.00030899319159507984
203,protein_embedding_entity_label_shuffle_plus_exact_degree_ppi_label_shuffle,2,3,709683,0.5039379833598354,0.000341611302921338
203,protein_embedding_entity_label_shuffle_plus_exact_degree_ppi_label_shuffle,3,4,92531,0.48946315712000316,0.0009262590621230865
203,protein_embedding_entity_label_shuffle_plus_exact_degree_ppi_label_shuffle,4,>4,3429,0.4971034541981985,0.0047410272622603064
204,protein_embedding_entity_label_shuffle_plus_exact_degree_ppi_label_shuffle,0,1,12991,0.49948400301478696,0.0025632048007620165
204,protein_embedding_entity_label_shuffle_plus_exact_degree_ppi_label_shuffle,1,2,872604,0.4946060166081014,0.0003082225815180383
204,protein_embedding_entity_label_shuffle_plus_exact_degree_ppi_label_shuffle,2,3,728428,0.5040143211032555,0.00033901360254174544
204,protein_embedding_entity_label_shuffle_plus_exact_degree_ppi_label_shuffle,3,4,75249,0.500368637512814,0.0010411390791609076
204,protein_embedding_entity_label_shuffle_plus_exact_degree_ppi_label_shuffle,4,>4,4448,0.5391287221917769,0.0044209224052503
205,protein_embedding_entity_label_shuffle_plus_exact_degree_ppi_label_shuffle,0,1,12781,0.5106471992001144,0.0025370643642661705
205,protein_embedding_entity_label_shuffle_plus_exact_degree_ppi_label_shuffle,1,2,890046,0.5032286757191479,0.0003058863523184536
205,protein_embedding_entity_label_shuffle_plus_exact_degree_ppi_label_shuffle,2,3,706572,0.49738649056634826,0.0003434095519726604
205,protein_embedding_entity_label_shuffle_plus_exact_degree_ppi_label_shuffle,3,4,84559,0.4833757849225159,0.0009929011894484968
205,protein_embedding_entity_label_shuffle_plus_exact_degree_ppi_label_shuffle,4,>4,3445,0.4692561931310467,0.004856282016028662
206,protein_embedding_entity_label_shuffle_plus_exact_degree_ppi_label_shuffle,0,1,12699,0.5062118984024769,0.002585843096301897
206,protein_embedding_entity_label_shuffle_plus_exact_degree_ppi_label_shuffle,1,2,906778,0.49980373073593365,0.0003035439301526643
206,protein_embedding_entity_label_shuffle_plus_exact_degree_ppi_label_shuffle,2,3,697053,0.49971260202776163,0.00034653976612591643
206,protein_embedding_entity_label_shuffle_plus_exact_degree_ppi_label_shuffle,3,4,77104,0.48989998324236955,0.0010095996791042322
206,protein_embedding_entity_label_shuffle_plus_exact_degree_ppi_label_shuffle,4,>4,3769,0.46580420698205544,0.004274974889878426
207,protein_embedding_entity_label_shuffle_plus_exact_degree_ppi_label_shuffle,0,1,12822,0.47601634162264966,0.0025267619687802316
207,protein_embedding_entity_label_shuffle_plus_exact_degree_ppi_label_shuffle,1,2,901689,0.5011089081981774,0.0003042204021353258
207,protein_embedding_entity_label_shuffle_plus_exact_degree_ppi_label_shuffle,2,3,709146,0.49779027444323576,0.0003418954364855362
207,protein_embedding_entity_label_shuffle_plus_exact_degree_ppi_label_shuffle,3,4,71836,0.5154006190150819,0.0010878605150546874
207,protein_embedding_entity_label_shuffle_plus_exact_degree_ppi_label_shuffle,4,>4,1910,0.5193896774868901,0.006856957136460545
208,protein_embedding_entity_label_shuffle_plus_exact_degree_ppi_label_shuffle,0,1,12908,0.5060319202230316,0.002579314592854769
208,protein_embedding_entity_label_shuffle_plus_exact_degree_ppi_label_shuffle,1,2,876131,0.5016624326865717,0.0003102420447251745
208,protein_embedding_entity_label_shuffle_plus_exact_degree_ppi_label_shuffle,2,3,709885,0.49682723501870224,0.00034050378084812263
208,protein_embedding_entity_label_shuffle_plus_exact_degree_ppi_label_shuffle,3,4,92833,0.5099663997248913,0.0009459436375288777
208,protein_embedding_entity_label_shuffle_plus_exact_degree_ppi_label_shuffle,4,>4,3804,0.5057439463469096,0.004696156792364854
209,protein_embedding_entity_label_shuffle_plus_exact_degree_ppi_label_shuffle,0,1,12849,0.4973312499680555,0.0026026323907479107
209,protein_embedding_entity_label_shuffle_plus_exact_degree_ppi_label_shuffle,1,2,896019,0.5010799397863985,0.00030307112667634685
209,protein_embedding_entity_label_shuffle_plus_exact_degree_ppi_label_shuffle,2,3,709734,0.50125175408781,0.0003449123296289635
209,protein_embedding_entity_label_shuffle_plus_exact_degree_ppi_label_shuffle,3,4,72568,0.48118644724773874,0.0010847970762308326
209,protein_embedding_entity_label_shuffle_plus_exact_degree_ppi_label_shuffle,4,>4,2550,0.4682639593059476,0.005945568333934467
210,protein_embedding_entity_label_shuffle_plus_exact_degree_ppi_label_shuffle,0,1,12975,0.4925632959273091,0.002490914358131801
210,protein_embedding_entity_label_shuffle_plus_exact_degree_ppi_label_shuffle,1,2,886293,0.4968304429631496,0.00030775850451006056
210,protein_embedding_entity_label_shuffle_plus_exact_degree_ppi_label_shuffle,2,3,716283,0.5019435676476609,0.00034054073762841805
210,protein_embedding_entity_label_shuffle_plus_exact_degree_ppi_label_shuffle,3,4,75487,0.5277877057089361,0.001040021964357626
210,protein_embedding_entity_label_shuffle_plus_exact_degree_ppi_label_shuffle,4,>4,2682,0.5451641754133384,0.005386401600839764
211,protein_embedding_entity_label_shuffle_plus_exact_degree_ppi_label_shuffle,0,1,12837,0.4988536347007937,0.0025783694684977363
211,protein_embedding_entity_label_shuffle_plus_exact_degree_ppi_label_shuffle,1,2,868984,0.4953049622361136,0.0003117893331714972
211,protein_embedding_entity_label_shuffle_plus_exact_degree_ppi_label_shuffle,2,3,722898,0.5063670001400581,0.0003368769479556752
211,protein_embedding_entity_label_shuffle_plus_exact_degree_ppi_label_shuffle,3,4,89954,0.4983303924233199,0.0009450363509101439
211,protein_embedding_entity_label_shuffle_plus_exact_degree_ppi_label_shuffle,4,>4,2730,0.4563709753633504,0.005276482390571326
212,protein_embedding_entity_label_shuffle_plus_exact_degree_ppi_label_shuffle,0,1,12906,0.5019078399534269,0.002556500784686764
212,protein_embedding_entity_label_shuffle_plus_exact_degree_ppi_label_shuffle,1,2,892852,0.500409572164184,0.000306022987868217
212,protein_embedding_entity_label_shuffle_plus_exact_degree_ppi_label_shuffle,2,3,698800,0.500726020811027,0.0003451718053523582
212,protein_embedding_entity_label_shuffle_plus_exact_degree_ppi_label_shuffle,3,4,88066,0.4910479340859594,0.0009658576267104212
212,protein_embedding_entity_label_shuffle_plus_exact_degree_ppi_label_shuffle,4,>4,2937,0.5039608391338658,0.0052631962733794375
213,protein_embedding_entity_label_shuffle_plus_exact_degree_ppi_label_shuffle,0,1,13092,0.5032119243116482,0.0025147853370112642
213,protein_embedding_entity_label_shuffle_plus_exact_degree_ppi_label_shuffle,1,2,881219,0.5034929030936557,0.00030697297112236235
213,protein_embedding_entity_label_shuffle_plus_exact_degree_ppi_label_shuffle,2,3,706835,0.49836896199293246,0.0003444175200160693
213,protein_embedding_entity_label_shuffle_plus_exact_degree_ppi_label_shuffle,3,4,90726,0.4766967225139836,0.000947926893444013
213,protein_embedding_entity_label_shuffle_plus_exact_degree_ppi_label_shuffle,4,>4,5531,0.3865390896826163,0.0036639735888807437
214,protein_embedding_entity_label_shuffle_plus_exact_degree_ppi_label_shuffle,0,1,12795,0.5002609150115173,0.002534274299775506
214,protein_embedding_entity_label_shuffle_plus_exact_degree_ppi_label_shuffle,1,2,889826,0.5025683249632331,0.0003068137525892913
214,protein_embedding_entity_label_shuffle_plus_exact_degree_ppi_label_shuffle,2,3,702236,0.49889627759946253,0.00034357207626825034
214,protein_embedding_entity_label_shuffle_plus_exact_degree_ppi_label_shuffle,3,4,88954,0.480824319966158,0.0009602528595884433
214,protein_embedding_entity_label_shuffle_plus_exact_degree_ppi_label_shuffle,4,>4,3592,0.46229262565130896,0.004811307609834034
215,protein_embedding_entity_label_shuffle_plus_exact_degree_ppi_label_shuffle,0,1,12733,0.502554913671264,0.0025573265317297596
215,protein_embedding_entity_label_shuffle_plus_exact_degree_ppi_label_shuffle,1,2,877275,0.4983194817453591,0.00030954275580266947
215,protein_embedding_entity_label_shuffle_plus_exact_degree_ppi_label_shuffle,2,3,720811,0.5016646137373434,0.0003391258553869239
215,protein_embedding_entity_label_shuffle_plus_exact_degree_ppi_label_shuffle,3,4,83324,0.49438714094974373,0.0009886048573812302
215,protein_embedding_entity_label_shuffle_plus_exact_degree_ppi_label_shuffle,4,>4,3260,0.4571874676659681,0.004876319163915093
216,protein_embedding_entity_label_shuffle_plus_exact_degree_ppi_label_shuffle,0,1,13058,0.5041498179607692,0.0025263495329315385
216,protein_embedding_entity_label_shuffle_plus_exact_degree_ppi_label_shuffle,1,2,881090,0.5082800896674328,0.00030789835237002544
216,protein_embedding_entity_label_shuffle_plus_exact_degree_ppi_label_shuffle,2,3,702667,0.4932517060170629,0.0003442893715195984
216,protein_embedding_entity_label_shuffle_plus_exact_degree_ppi_label_shuffle,3,4,90080,0.47341130964533684,0.0009539219884875555
216,protein_embedding_entity_label_shuffle_plus_exact_degree_ppi_label_shuffle,4,>4,10508,0.4822038817859084,0.002598892393541853
217,protein_embedding_entity_label_shuffle_plus_exact_degree_ppi_label_shuffle,0,1,12759,0.5010695933306577,0.0025586315823204957
217,protein_embedding_entity_label_shuffle_plus_exact_degree_ppi_label_shuffle,1,2,871798,0.4996549084123933,0.0003096435931303918
217,protein_embedding_entity_label_shuffle_plus_exact_degree_ppi_label_shuffle,2,3,730616,0.5003910936282525,0.0003371604456778916
217,protein_embedding_entity_label_shuffle_plus_exact_degree_ppi_label_shuffle,3,4,79780,0.4945132710754947,0.0010187098840185713
217,protein_embedding_entity_label_shuffle_plus_exact_degree_ppi_label_shuffle,4,>4,2450,0.5023088303682632,0.005554950232922804
218,protein_embedding_entity_label_shuffle_plus_exact_degree_ppi_label_shuffle,0,1,12476,0.5013340210476983,0.0026048506170133355
218,protein_embedding_entity_label_shuffle_plus_exact_degree_ppi_label_shuffle,1,2,896926,0.49834207784400003,0.0003062163393433334
218,protein_embedding_entity_label_shuffle_plus_exact_degree_ppi_label_shuffle,2,3,689034,0.4989639418273111,0.00034548670956173743
218,protein_embedding_entity_label_shuffle_plus_exact_degree_ppi_label_shuffle,3,4,93689,0.521230576711932,0.0009404116936245347
218,protein_embedding_entity_label_shuffle_plus_exact_degree_ppi_label_shuffle,4,>4,5278,0.6263516535397249,0.003832858258324489
219,protein_embedding_entity_label_shuffle_plus_exact_degree_ppi_label_shuffle,0,1,12954,0.5020406095102836,0.002540692798486369
219,protein_embedding_entity_label_shuffle_plus_exact_degree_ppi_label_shuffle,1,2,856799,0.5040709906621202,0.00031463122894382007
219,protein_embedding_entity_label_shuffle_plus_exact_degree_ppi_label_shuffle,2,3,723451,0.49702581785087463,0.0003373866218291384
219,protein_embedding_entity_label_shuffle_plus_exact_degree_ppi_label_shuffle,3,4,95913,0.48486782602667894,0.0009039469049914183
219,protein_embedding_entity_label_shuffle_plus_exact_degree_ppi_label_shuffle,4,>4,8286,0.4973052998358964,0.0031879591888584594
220,protein_embedding_entity_label_shuffle_plus_exact_degree_ppi_label_shuffle,0,1,12589,0.5330514888779084,0.002548578899097455
220,protein_embedding_entity_label_shuffle_plus_exact_degree_ppi_label_shuffle,1,2,885339,0.5021528013518208,0.00030803658309599583
220,protein_embedding_entity_label_shuffle_plus_exact_degree_ppi_label_shuffle,2,3,723147,0.49661231918990695,0.00033819310882877307
220,protein_embedding_entity_label_shuffle_plus_exact_degree_ppi_label_shuffle,3,4,75373,0.4958788748398941,0.0010412512621701966
220,protein_embedding_entity_label_shuffle_plus_exact_degree_ppi_label_shuffle,4,>4,955,0.5143058962478688,0.009412422469563789
221,protein_embedding_entity_label_shuffle_plus_exact_degree_ppi_label_shuffle,0,1,12746,0.5160865629057702,0.0025570811472299605
221,protein_embedding_entity_label_shuffle_plus_exact_degree_ppi_label_shuffle,1,2,877608,0.5041067538799102,0.00030705372900626904
221,protein_embedding_entity_label_shuffle_plus_exact_degree_ppi_label_shuffle,2,3,726389,0.4952193337346396,0.0003391475851624113
221,protein_embedding_entity_label_shuffle_plus_exact_degree_ppi_label_shuffle,3,4,71652,0.49097604689885066,0.0010998960713083103
221,protein_embedding_entity_label_shuffle_plus_exact_degree_ppi_label_shuffle,4,>4,5325,0.4694860730849238,0.003925856875385116
222,protein_embedding_entity_label_shuffle_plus_exact_degree_ppi_label_shuffle,0,1,12652,0.48884084016334595,0.0025618635291984855
222,protein_embedding_entity_label_shuffle_plus_exact_degree_ppi_label_shuffle,1,2,855332,0.500017760527159,0.00031267633735412723
222,protein_embedding_entity_label_shuffle_plus_exact_degree_ppi_label_shuffle,2,3,729692,0.5008710651916929,0.0003384972835929819
222,protein_embedding_entity_label_shuffle_plus_exact_degree_ppi_label_shuffle,3,4,89561,0.4930664488544794,0.0009528712666063515
222,protein_embedding_entity_label_shuffle_plus_exact_degree_ppi_label_shuffle,4,>4,8324,0.4750787488105062,0.0028421470051279898
223,protein_embedding_entity_label_shuffle_plus_exact_degree_ppi_label_shuffle,0,1,12703,0.4831062352385116,0.002503908333808373
223,protein_embedding_entity_label_shuffle_plus_exact_degree_ppi_label_shuffle,1,2,924397,0.49748176905351205,0.0002998383352903695
223,protein_embedding_entity_label_shuffle_plus_exact_degree_ppi_label_shuffle,2,3,679542,0.5015852185304261,0.0003509862130908581
223,protein_embedding_entity_label_shuffle_plus_exact_degree_ppi_label_shuffle,3,4,75971,0.506736709857461,0.001044791341084213
223,protein_embedding_entity_label_shuffle_plus_exact_degree_ppi_label_shuffle,4,>4,4790,0.6198261837047794,0.004096096380766351
224,protein_embedding_entity_label_shuffle_plus_exact_degree_ppi_label_shuffle,0,1,12699,0.504889604628342,0.0025727664696496167
224,protein_embedding_entity_label_shuffle_plus_exact_degree_ppi_label_shuffle,1,2,894855,0.49946120028697355,0.0003058136286218958
224,protein_embedding_entity_label_shuffle_plus_exact_degree_ppi_label_shuffle,2,3,700596,0.4974975110210242,0.0003437534618276155
224,protein_embedding_entity_label_shuffle_plus_exact_degree_ppi_label_shuffle,3,4,83550,0.5212110834809269,0.001003765176163075
224,protein_embedding_entity_label_shuffle_plus_exact_degree_ppi_label_shuffle,4,>4,3861,0.5192956519350629,0.004648093269775438
225,protein_embedding_entity_label_shuffle_plus_exact_degree_ppi_label_shuffle,0,1,12782,0.49614838303295156,0.0025419338206032144
225,protein_embedding_entity_label_shuffle_plus_exact_degree_ppi_label_shuffle,1,2,899917,0.49711488571833606,0.00030484039918745486
225,protein_embedding_entity_label_shuffle_plus_exact_degree_ppi_label_shuffle,2,3,700508,0.5033635127334996,0.00034525254714114006
225,protein_embedding_entity_label_shuffle_plus_exact_degree_ppi_label_shuffle,3,4,76410,0.5153325481945693,0.0010138842247614107
225,protein_embedding_entity_label_shuffle_plus_exact_degree_ppi_label_shuffle,4,>4,4103,0.5251882045538893,0.004025436212538843
226,protein_embedding_entity_label_shuffle_plus_exact_degree_ppi_label_shuffle,0,1,12779,0.47386514241498406,0.0025031714640405315
226,protein_embedding_entity_label_shuffle_plus_exact_degree_ppi_label_shuffle,1,2,901815,0.5018446250149549,0.00030290582850552445
226,protein_embedding_entity_label_shuffle_plus_exact_degree_ppi_label_shuffle,2,3,692112,0.4996634231904501,0.00034783919467531007
226,protein_embedding_entity_label_shuffle_plus_exact_degree_ppi_label_shuffle,3,4,84281,0.4921452216244046,0.0010031769792639255
226,protein_embedding_entity_label_shuffle_plus_exact_degree_ppi_label_shuffle,4,>4,4574,0.5076316030026757,0.004020555728795594
227,protein_embedding_entity_label_shuffle_plus_exact_degree_ppi_label_shuffle,0,1,12843,0.5052159688028285,0.0025737313317974178
227,protein_embedding_entity_label_shuffle_plus_exact_degree_ppi_label_shuffle,1,2,893148,0.5013196246701792,0.00030461650956086975
227,protein_embedding_entity_label_shuffle_plus_exact_degree_ppi_label_shuffle,2,3,698722,0.4982210094064581,0.0003462723614940604
227,protein_embedding_entity_label_shuffle_plus_exact_degree_ppi_label_shuffle,3,4,88103,0.5091423766130934,0.00098177970660698
227,protein_embedding_entity_label_shuffle_plus_exact_degree_ppi_label_shuffle,4,>4,2745,0.533534799977949,0.005618264077827486
228,protein_embedding_entity_label_shuffle_plus_exact_degree_ppi_label_shuffle,0,1,12653,0.48992516857347007,0.0025417343010452264
228,protein_embedding_entity_label_shuffle_plus_exact_degree_ppi_label_shuffle,1,2,878773,0.5013475293805478,0.0003075346627324277
228,protein_embedding_entity_label_shuffle_plus_exact_degree_ppi_label_shuffle,2,3,713962,0.499098002994098,0.00034249928105145
228,protein_embedding_entity_label_shuffle_plus_exact_degree_ppi_label_shuffle,3,4,88099,0.49440382962383617,0.0009660472142493607
228,protein_embedding_entity_label_shuffle_plus_exact_degree_ppi_label_shuffle,4,>4,3916,0.46371192152438906,0.004300653401713301
229,protein_embedding_entity_label_shuffle_plus_exact_degree_ppi_label_shuffle,0,1,12957,0.5051459806656168,0.002495669859298099
229,protein_embedding_entity_label_shuffle_plus_exact_degree_ppi_label_shuffle,1,2,896688,0.5010787149126787,0.0003041684596505767
229,protein_embedding_entity_label_shuffle_plus_exact_degree_ppi_label_shuffle,2,3,702374,0.497925725980962,0.00034463020756955504
229,protein_embedding_entity_label_shuffle_plus_exact_degree_ppi_label_shuffle,3,4,78608,0.4998993711246641,0.001043256737403435
229,protein_embedding_entity_label_shuffle_plus_exact_degree_ppi_label_shuffle,4,>4,3093,0.5082071703802298,0.0051445806641762
230,protein_embedding_entity_label_shuffle_plus_exact_degree_ppi_label_shuffle,0,1,12711,0.49675533324955795,0.002554979729435481
230,protein_embedding_entity_label_shuffle_plus_exact_degree_ppi_label_shuffle,1,2,915547,0.49688132940587915,0.0003012255486780825
230,protein_embedding_entity_label_shuffle_plus_exact_degree_ppi_label_shuffle,2,3,690968,0.5033547053540548,0.00034832787095993005
230,protein_embedding_entity_label_shuffle_plus_exact_degree_ppi_label_shuffle,3,4,70846,0.5096057659783232,0.001068656122274525
230,protein_embedding_entity_label_shuffle_plus_exact_degree_ppi_label_shuffle,4,>4,3648,0.5371256629111723,0.004671975354348521
231,protein_embedding_entity_label_shuffle_plus_exact_degree_ppi_label_shuffle,0,1,12854,0.5030793742051789,0.002545460199653074
231,protein_embedding_entity_label_shuffle_plus_exact_degree_ppi_label_shuffle,1,2,858089,0.4970526954070486,0.0003096042246255491
231,protein_embedding_entity_label_shuffle_plus_exact_degree_ppi_label_shuffle,2,3,735460,0.5018929614691335,0.00033870095357517243
231,protein_embedding_entity_label_shuffle_plus_exact_degree_ppi_label_shuffle,3,4,87255,0.5213864134308406,0.0009829729512356325
231,protein_embedding_entity_label_shuffle_plus_exact_degree_ppi_label_shuffle,4,>4,1903,0.5632990022951182,0.006621756425251189
232,protein_embedding_entity_label_shuffle_plus_exact_degree_ppi_label_shuffle,0,1,12820,0.4920844791195345,0.002572983458205584
232,protein_embedding_entity_label_shuffle_plus_exact_degree_ppi_label_shuffle,1,2,888145,0.5030238262622351,0.0003060329539265417
232,protein_embedding_entity_label_shuffle_plus_exact_degree_ppi_label_shuffle,2,3,708231,0.49504245030260274,0.0003436767591863387
232,protein_embedding_entity_label_shuffle_plus_exact_degree_ppi_label_shuffle,3,4,74969,0.49971526776201647,0.0010360714057999084
232,protein_embedding_entity_label_shuffle_plus_exact_degree_ppi_label_shuffle,4,>4,4038,0.45987024738475757,0.004376255409717283
233,protein_embedding_entity_label_shuffle_plus_exact_degree_ppi_label_shuffle,0,1,12597,0.5103541460890089,0.002575902462894604
233,protein_embedding_entity_label_shuffle_plus_exact_degree_ppi_label_shuffle,1,2,852112,0.5049546168964156,0.0003123253451009357
233,protein_embedding_entity_label_shuffle_plus_exact_degree_ppi_label_shuffle,2,3,742209,0.4930324914693376,0.00033415233781412926
233,protein_embedding_entity_label_shuffle_plus_exact_degree_ppi_label_shuffle,3,4,85763,0.5047664225049165,0.0010062023859214813
233,protein_embedding_entity_label_shuffle_plus_exact_degree_ppi_label_shuffle,4,>4,4722,0.4563362778106699,0.004592873466273625
234,protein_embedding_entity_label_shuffle_plus_exact_degree_ppi_label_shuffle,0,1,12537,0.4817912240825373,0.0025585226650178556
234,protein_embedding_entity_label_shuffle_plus_exact_degree_ppi_label_shuffle,1,2,896438,0.49727441223884733,0.0003031291420855663
234,protein_embedding_entity_label_shuffle_plus_exact_degree_ppi_label_shuffle,2,3,703909,0.5000307939884528,0.0003449381985875765
234,protein_embedding_entity_label_shuffle_plus_exact_degree_ppi_label_shuffle,3,4,80319,0.5147646593328684,0.0010371314698308315
234,protein_embedding_entity_label_shuffle_plus_exact_degree_ppi_label_shuffle,4,>4,2358,0.5199150124072566,0.006242045277699536
235,protein_embedding_entity_label_shuffle_plus_exact_degree_ppi_label_shuffle,0,1,12800,0.49910407726029177,0.0025257090238882595
235,protein_embedding_entity_label_shuffle_plus_exact_degree_ppi_label_shuffle,1,2,908380,0.5016518318119437,0.00030460241201098187
235,protein_embedding_entity_label_shuffle_plus_exact_degree_ppi_label_shuffle,2,3,696887,0.4972160082216258,0.00034299968022540045
235,protein_embedding_entity_label_shuffle_plus_exact_degree_ppi_label_shuffle,3,4,73423,0.49172526533258754,0.0010663490628982425
235,protein_embedding_entity_label_shuffle_plus_exact_degree_ppi_label_shuffle,4,>4,4071,0.5734905462667366,0.00475828826119517
236,protein_embedding_entity_label_shuffle_plus_exact_degree_ppi_label_shuffle,0,1,12725,0.501737803168159,0.002531187727585871
236,protein_embedding_entity_label_shuffle_plus_exact_degree_ppi_label_shuffle,1,2,874957,0.507150292842104,0.0003082780627162164
236,protein_embedding_entity_label_shuffle_plus_exact_degree_ppi_label_shuffle,2,3,714060,0.4938633393874241,0.0003423136124440832
236,protein_embedding_entity_label_shuffle_plus_exact_degree_ppi_label_shuffle,3,4,85125,0.47804909267289064,0.0009918776020705323
236,protein_embedding_entity_label_shuffle_plus_exact_degree_ppi_label_shuffle,4,>4,6853,0.531785405505592,0.0033529943789952095
237,protein_embedding_entity_label_shuffle_plus_exact_degree_ppi_label_shuffle,0,1,12672,0.5110587082244892,0.0025508807989231257
237,protein_embedding_entity_label_shuffle_plus_exact_degree_ppi_label_shuffle,1,2,897533,0.5020200531443637,0.0003051447923959231
237,protein_embedding_entity_label_shuffle_plus_exact_degree_ppi_label_shuffle,2,3,697102,0.498627945821554,0.00034491927050388737
237,protein_embedding_entity_label_shuffle_plus_exact_degree_ppi_label_shuffle,3,4,84051,0.49311995776476775,0.0009864240012660687
237,protein_embedding_entity_label_shuffle_plus_exact_degree_ppi_label_shuffle,4,>4,4203,0.5009527840531324,0.004807060806066793
238,protein_embedding_entity_label_shuffle_plus_exact_degree_ppi_label_shuffle,0,1,12524,0.4995423734394573,0.0026661819972722913
238,protein_embedding_entity_label_shuffle_plus_exact_degree_ppi_label_shuffle,1,2,913297,0.4986009420559531,0.0003032372686176364
238,protein_embedding_entity_label_shuffle_plus_exact_degree_ppi_label_shuffle,2,3,683879,0.4981884722418659,0.00034751678936225684
238,protein_embedding_entity_label_shuffle_plus_exact_degree_ppi_label_shuffle,3,4,83580,0.5221792472669263,0.0009829994305186537
238,protein_embedding_entity_label_shuffle_plus_exact_degree_ppi_label_shuffle,4,>4,4123,0.5535014020655566,0.00439394342742976
239,protein_embedding_entity_label_shuffle_plus_exact_degree_ppi_label_shuffle,0,1,12652,0.4965591213570237,0.002547930289558322
239,protein_embedding_entity_label_shuffle_plus_exact_degree_ppi_label_shuffle,1,2,905730,0.5007529061310161,0.0003022535819567377
239,protein_embedding_entity_label_shuffle_plus_exact_degree_ppi_label_shuffle,2,3,695853,0.4994727024022774,0.00034869554122164367
239,protein_embedding_entity_label_shuffle_plus_exact_degree_ppi_label_shuffle,3,4,76248,0.49491012587770256,0.0010322359928749535
239,protein_embedding_entity_label_shuffle_plus_exact_degree_ppi_label_shuffle,4,>4,5078,0.4674985247307442,0.00393025669490908
240,protein_embedding_entity_label_shuffle_plus_exact_degree_ppi_label_shuffle,0,1,12649,0.5342581182134202,0.002585576313844703
240,protein_embedding_entity_label_shuffle_plus_exact_degree_ppi_label_shuffle,1,2,923076,0.5055844793877279,0.0003011217229418876
240,protein_embedding_entity_label_shuffle_plus_exact_degree_ppi_label_shuffle,2,3,683228,0.4936172951037778,0.0003479725652851964
240,protein_embedding_entity_label_shuffle_plus_exact_degree_ppi_label_shuffle,3,4,74671,0.485809606978054,0.0010570061401258498
240,protein_embedding_entity_label_shuffle_plus_exact_degree_ppi_label_shuffle,4,>4,1937,0.4811725161643018,0.006649197900606652
241,protein_embedding_entity_label_shuffle_plus_exact_degree_ppi_label_shuffle,0,1,12927,0.517705127720326,0.0025620640226066585
241,protein_embedding_entity_label_shuffle_plus_exact_degree_ppi_label_shuffle,1,2,895758,0.5025716621639004,0.0003044223172736729
241,protein_embedding_entity_label_shuffle_plus_exact_degree_ppi_label_shuffle,2,3,707589,0.4991572056438113,0.00034411148135057
241,protein_embedding_entity_label_shuffle_plus_exact_degree_ppi_label_shuffle,3,4,76296,0.48249741365326426,0.0010250715153891346
241,protein_embedding_entity_label_shuffle_plus_exact_degree_ppi_label_shuffle,4,>4,2991,0.449822580691379,0.0048725094275596645
242,protein_embedding_entity_label_shuffle_plus_exact_degree_ppi_label_shuffle,0,1,13003,0.4897139706543155,0.0025205574786477665
242,protein_embedding_entity_label_shuffle_plus_exact_degree_ppi_label_shuffle,1,2,919464,0.49948381565196837,0.00030023767164969747
242,protein_embedding_entity_label_shuffle_plus_exact_degree_ppi_label_shuffle,2,3,679810,0.49953777044258996,0.00035293423350263184
242,protein_embedding_entity_label_shuffle_plus_exact_degree_ppi_label_shuffle,3,4,82529,0.5123676242246369,0.000981301640949224
242,protein_embedding_entity_label_shuffle_plus_exact_degree_ppi_label_shuffle,4,>4,2597,0.5264029904667181,0.005074182263211316
243,protein_embedding_entity_label_shuffle_plus_exact_degree_ppi_label_shuffle,0,1,12717,0.4991167554513906,0.002546679361689665
243,protein_embedding_entity_label_shuffle_plus_exact_degree_ppi_label_shuffle,1,2,887760,0.5000374728908127,0.0003060724587614717
243,protein_embedding_entity_label_shuffle_plus_exact_degree_ppi_label_shuffle,2,3,715695,0.5010654376357885,0.0003415376690859134
243,protein_embedding_entity_label_shuffle_plus_exact_degree_ppi_label_shuffle,3,4,76277,0.4964380081152397,0.0010453685934692426
243,protein_embedding_entity_label_shuffle_plus_exact_degree_ppi_label_shuffle,4,>4,3112,0.42069214627105916,0.005012776797231014
244,protein_embedding_entity_label_shuffle_plus_exact_degree_ppi_label_shuffle,0,1,12933,0.49516192183342567,0.0026256880296882247
244,protein_embedding_entity_label_shuffle_plus_exact_degree_ppi_label_shuffle,1,2,903729,0.5034679334248077,0.00030599936979805735
244,protein_embedding_entity_label_shuffle_plus_exact_degree_ppi_label_shuffle,2,3,691955,0.49715504370324437,0.00034350899835901164
244,protein_embedding_entity_label_shuffle_plus_exact_degree_ppi_label_shuffle,3,4,83422,0.4989897691439543,0.000998354449980982
244,protein_embedding_entity_label_shuffle_plus_exact_degree_ppi_label_shuffle,4,>4,3522,0.4911237906829451,0.00492055442627603
245,protein_embedding_entity_label_shuffle_plus_exact_degree_ppi_label_shuffle,0,1,12848,0.504050775629589,0.0026217866208766375
245,protein_embedding_entity_label_shuffle_plus_exact_degree_ppi_label_shuffle,1,2,875993,0.49999897824927086,0.00030907317336329723
245,protein_embedding_entity_label_shuffle_plus_exact_degree_ppi_label_shuffle,2,3,713947,0.5003424337155815,0.0003405233345757968
245,protein_embedding_entity_label_shuffle_plus_exact_degree_ppi_label_shuffle,3,4,89686,0.5050949536668551,0.0009665581824544817
245,protein_embedding_entity_label_shuffle_plus_exact_degree_ppi_label_shuffle,4,>4,4929,0.5249351627582235,0.004144600384494781
246,protein_embedding_entity_label_shuffle_plus_exact_degree_ppi_label_shuffle,0,1,12902,0.5044495674209598,0.002548553813796947
246,protein_embedding_entity_label_shuffle_plus_exact_degree_ppi_label_shuffle,1,2,901955,0.49518654002172474,0.0003035581637146827
246,protein_embedding_entity_label_shuffle_plus_exact_degree_ppi_label_shuffle,2,3,702391,0.5071742924937486,0.00034466314453110295
246,protein_embedding_entity_label_shuffle_plus_exact_degree_ppi_label_shuffle,3,4,74590,0.5029974549360449,0.001055503246827562
246,protein_embedding_entity_label_shuffle_plus_exact_degree_ppi_label_shuffle,4,>4,3723,0.5277108924595978,0.0043653676523895905
247,protein_embedding_entity_label_shuffle_plus_exact_degree_ppi_label_shuffle,0,1,12848,0.4822417137082223,0.002546812219743113
247,protein_embedding_entity_label_shuffle_plus_exact_degree_ppi_label_shuffle,1,2,883060,0.5004655612380312,0.00030791965324588184
247,protein_embedding_entity_label_shuffle_plus_exact_degree_ppi_label_shuffle,2,3,719238,0.4999651556058428,0.00034006696801742347
247,protein_embedding_entity_label_shuffle_plus_exact_degree_ppi_label_shuffle,3,4,76243,0.5009051559008499,0.0010414262578233868
247,protein_embedding_entity_label_shuffle_plus_exact_degree_ppi_label_shuffle,4,>4,4172,0.4641317835785037,0.003932797191160574
248,protein_embedding_entity_label_shuffle_plus_exact_degree_ppi_label_shuffle,0,1,12762,0.49814873872584126,0.0025059417857016086
248,protein_embedding_entity_label_shuffle_plus_exact_degree_ppi_label_shuffle,1,2,905234,0.503331322765105,0.00030508780577090746
248,protein_embedding_entity_label_shuffle_plus_exact_degree_ppi_label_shuffle,2,3,688227,0.4974548230674451,0.0003459378491915824
248,protein_embedding_entity_label_shuffle_plus_exact_degree_ppi_label_shuffle,3,4,85975,0.48916654675952553,0.0009801393216842687
248,protein_embedding_entity_label_shuffle_plus_exact_degree_ppi_label_shuffle,4,>4,3363,0.4862272847265199,0.004975196366431498
249,protein_embedding_entity_label_shuffle_plus_exact_degree_ppi_label_shuffle,0,1,12638,0.501609993056407,0.0026097308982052135
249,protein_embedding_entity_label_shuffle_plus_exact_degree_ppi_label_shuffle,1,2,908996,0.5029428825837516,0.00030446181589884193
249,protein_embedding_entity_label_shuffle_plus_exact_degree_ppi_label_shuffle,2,3,691133,0.4979454847616526,0.00034499366084072164
249,protein_embedding_entity_label_shuffle_plus_exact_degree_ppi_label_shuffle,3,4,81771,0.48192124358645994,0.0009872719739146285
249,protein_embedding_entity_label_shuffle_plus_exact_degree_ppi_label_shuffle,4,>4,2865,0.40468040983008324,0.0049166636055446135
250,protein_embedding_entity_label_shuffle_plus_exact_degree_ppi_label_shuffle,0,1,12788,0.5116307949441445,0.0025798016614527273
250,protein_embedding_entity_label_shuffle_plus_exact_degree_ppi_label_shuffle,1,2,901941,0.5058388342048764,0.00030344822642820827
250,protein_embedding_entity_label_shuffle_plus_exact_degree_ppi_label_shuffle,2,3,693112,0.4965608108735698,0.0003475906602226596
250,protein_embedding_entity_label_shuffle_plus_exact_degree_ppi_label_shuffle,3,4,82094,0.47858219462377827,0.001003238367886866
250,protein_embedding_entity_label_shuffle_plus_exact_degree_ppi_label_shuffle,4,>4,5626,0.4367524350926078,0.003571068772140559
251,protein_embedding_entity_label_shuffle_plus_exact_degree_ppi_label_shuffle,0,1,12835,0.46607912307867616,0.0025293365400053877
251,protein_embedding_entity_label_shuffle_plus_exact_degree_ppi_label_shuffle,1,2,906975,0.5008743290106821,0.00030385147931317596
251,protein_embedding_entity_label_shuffle_plus_exact_degree_ppi_label_shuffle,2,3,690041,0.5006043853130554,0.000347037766738775
251,protein_embedding_entity_label_shuffle_plus_exact_degree_ppi_label_shuffle,3,4,82181,0.49566724583437033,0.0009959908976607942
251,protein_embedding_entity_label_shuffle_plus_exact_degree_ppi_label_shuffle,4,>4,3529,0.4700359630180682,0.0044635590920716
252,protein_embedding_entity_label_shuffle_plus_exact_degree_ppi_label_shuffle,0,1,13049,0.49187353331479255,0.002569062368035005
252,protein_embedding_entity_label_shuffle_plus_exact_degree_ppi_label_shuffle,1,2,870094,0.49528188030126136,0.00030908329265072525
252,protein_embedding_entity_label_shuffle_plus_exact_degree_ppi_label_shuffle,2,3,715479,0.5045110910555689,0.0003416565153412847
252,protein_embedding_entity_label_shuffle_plus_exact_degree_ppi_label_shuffle,3,4,94142,0.5121888604729936,0.0009478928467318943
252,protein_embedding_entity_label_shuffle_plus_exact_degree_ppi_label_shuffle,4,>4,4639,0.46379933605746104,0.0043889840861792975
253,protein_embedding_entity_label_shuffle_plus_exact_degree_ppi_label_shuffle,0,1,13031,0.47711698021264387,0.0024700458083283263
253,protein_embedding_entity_label_shuffle_plus_exact_degree_ppi_label_shuffle,1,2,873396,0.4931272401660816,0.00030619974049735663
253,protein_embedding_entity_label_shuffle_plus_exact_degree_ppi_label_shuffle,2,3,715640,0.5043751120180164,0.0003433817954378934
253,protein_embedding_entity_label_shuffle_plus_exact_degree_ppi_label_shuffle,3,4,92489,0.5267142269291484,0.0009664330619240042
253,protein_embedding_entity_label_shuffle_plus_exact_degree_ppi_label_shuffle,4,>4,2847,0.5043287258272146,0.005505907061345471
254,protein_embedding_entity_label_shuffle_plus_exact_degree_ppi_label_shuffle,0,1,12676,0.5068606651615442,0.00263099482444844
254,protein_embedding_entity_label_shuffle_plus_exact_degree_ppi_label_shuffle,1,2,870843,0.4973269145678943,0.0003099026485833548
254,protein_embedding_entity_label_shuffle_plus_exact_degree_ppi_label_shuffle,2,3,730297,0.5034595239020184,0.00033736803090475884
254,protein_embedding_entity_label_shuffle_plus_exact_degree_ppi_label_shuffle,3,4,77957,0.5013973542570743,0.0010240504330156616
254,protein_embedding_entity_label_shuffle_plus_exact_degree_ppi_label_shuffle,4,>4,1947,0.4583413530314173,0.006368999217299534
255,protein_embedding_entity_label_shuffle_plus_exact_degree_ppi_label_shuffle,0,1,12824,0.5011974067835121,0.002504718334881581
255,protein_embedding_entity_label_shuffle_plus_exact_degree_ppi_label_shuffle,1,2,895558,0.4952470682296065,0.00030406098125165603
255,protein_embedding_entity_label_shuffle_plus_exact_degree_ppi_label_shuffle,2,3,696130,0.5062041812020347,0.00034752777886099163
255,protein_embedding_entity_label_shuffle_plus_exact_degree_ppi_label_shuffle,3,4,79933,0.5056015184965826,0.001019021254430133
255,protein_embedding_entity_label_shuffle_plus_exact_degree_ppi_label_shuffle,4,>4,3759,0.4836581762862398,0.004344552573793405
256,protein_embedding_entity_label_shuffle_plus_exact_degree_ppi_label_shuffle,0,1,12891,0.48177693268296234,0.0025543419814564876
256,protein_embedding_entity_label_shuffle_plus_exact_degree_ppi_label_shuffle,1,2,889669,0.4988320314706222,0.00030608283893176103
256,protein_embedding_entity_label_shuffle_plus_exact_degree_ppi_label_shuffle,2,3,707472,0.5020189259639805,0.0003436131253935696
256,protein_embedding_entity_label_shuffle_plus_exact_degree_ppi_label_shuffle,3,4,78683,0.49456160494360246,0.0010208311022425211
256,protein_embedding_entity_label_shuffle_plus_exact_degree_ppi_label_shuffle,4,>4,6846,0.5437282733041913,0.0035258064116667253
257,protein_embedding_entity_label_shuffle_plus_exact_degree_ppi_label_shuffle,0,1,12767,0.5014430453463983,0.0025533564938266685
257,protein_embedding_entity_label_shuffle_plus_exact_degree_ppi_label_shuffle,1,2,905058,0.4960278851620552,0.0003026638932989813
257,protein_embedding_entity_label_shuffle_plus_exact_degree_ppi_label_shuffle,2,3,695128,0.502551639508977,0.00034648978924267855
257,protein_embedding_entity_label_shuffle_plus_exact_degree_ppi_label_shuffle,3,4,78637,0.510716203033343,0.0010397145687686433
257,protein_embedding_entity_label_shuffle_plus_exact_degree_ppi_label_shuffle,4,>4,3971,0.47313979140444434,0.0046382232345100706
258,protein_embedding_entity_label_shuffle_plus_exact_degree_ppi_label_shuffle,0,1,12866,0.5002601696746425,0.0025440938199672103
258,protein_embedding_entity_label_shuffle_plus_exact_degree_ppi_label_shuffle,1,2,884163,0.5008128362913908,0.0003066403296539068
258,protein_embedding_entity_label_shuffle_plus_exact_degree_ppi_label_shuffle,2,3,712633,0.5013275948168834,0.0003423662020022995
258,protein_embedding_entity_label_shuffle_plus_exact_degree_ppi_label_shuffle,3,4,82845,0.4726211729826502,0.0009913209012790939
258,protein_embedding_entity_label_shuffle_plus_exact_degree_ppi_label_shuffle,4,>4,3054,0.4280451433272871,0.004860205913623966
259,protein_embedding_entity_label_shuffle_plus_exact_degree_ppi_label_shuffle,0,1,12668,0.5061072963541933,0.00254930013631197
259,protein_embedding_entity_label_shuffle_plus_exact_degree_ppi_label_shuffle,1,2,893704,0.502809930456754,0.00030696124864445286
259,protein_embedding_entity_label_shuffle_plus_exact_degree_ppi_label_shuffle,2,3,705848,0.4961937367154595,0.00034164771859490595
259,protein_embedding_entity_label_shuffle_plus_exact_degree_ppi_label_shuffle,3,4,82100,0.49179054037901676,0.000995767971023857
259,protein_embedding_entity_label_shuffle_plus_exact_degree_ppi_label_shuffle,4,>4,3083,0.5058103217983086,0.005004115922061531
260,protein_embedding_entity_label_shuffle_plus_exact_degree_ppi_label_shuffle,0,1,12719,0.49120705555606736,0.002599591965455293
260,protein_embedding_entity_label_shuffle_plus_exact_degree_ppi_label_shuffle,1,2,890879,0.49804351243688527,0.0003045486344692115
260,protein_embedding_entity_label_shuffle_plus_exact_degree_ppi_label_shuffle,2,3,707297,0.49878690946855825,0.00034417359457678096
260,protein_embedding_entity_label_shuffle_plus_exact_degree_ppi_label_shuffle,3,4,76964,0.515737822977837,0.001054465882104166
260,protein_embedding_entity_label_shuffle_plus_exact_degree_ppi_label_shuffle,4,>4,4021,0.4989362510636151,0.004269704652984925
261,protein_embedding_entity_label_shuffle_plus_exact_degree_ppi_label_shuffle,0,1,12655,0.5298753918318623,0.002577622746140638
261,protein_embedding_entity_label_shuffle_plus_exact_degree_ppi_label_shuffle,1,2,896235,0.5003718305362062,0.0003049102156755901
261,protein_embedding_entity_label_shuffle_plus_exact_degree_ppi_label_shuffle,2,3,712778,0.5004892167519445,0.00034207267031935673
261,protein_embedding_entity_label_shuffle_plus_exact_degree_ppi_label_shuffle,3,4,71041,0.49607817873739274,0.0010862956912207906
261,protein_embedding_entity_label_shuffle_plus_exact_degree_ppi_label_shuffle,4,>4,4694,0.43169682551873817,0.004188492938467949
262,protein_embedding_entity_label_shuffle_plus_exact_degree_ppi_label_shuffle,0,1,12890,0.4999359792262336,0.0025307549731348367
262,protein_embedding_entity_label_shuffle_plus_exact_degree_ppi_label_shuffle,1,2,885143,0.5045249659567479,0.0003090077864155464
262,protein_embedding_entity_label_shuffle_plus_exact_degree_ppi_label_shuffle,2,3,718957,0.498761768965307,0.0003386649858522911
262,protein_embedding_entity_label_shuffle_plus_exact_degree_ppi_label_shuffle,3,4,74908,0.4688236455608342,0.0010234070794071291
262,protein_embedding_entity_label_shuffle_plus_exact_degree_ppi_label_shuffle,4,>4,1822,0.4072351344791296,0.005769383330198587
263,protein_embedding_entity_label_shuffle_plus_exact_degree_ppi_label_shuffle,0,1,12699,0.4934296527488026,0.0025603791044074525
263,protein_embedding_entity_label_shuffle_plus_exact_degree_ppi_label_shuffle,1,2,907056,0.5029323580659626,0.00030243134320074346
263,protein_embedding_entity_label_shuffle_plus_exact_degree_ppi_label_shuffle,2,3,699622,0.4984525010140365,0.00034572343048378727
263,protein_embedding_entity_label_shuffle_plus_exact_degree_ppi_label_shuffle,3,4,74738,0.4836068864043331,0.0010723991265602043
263,protein_embedding_entity_label_shuffle_plus_exact_degree_ppi_label_shuffle,4,>4,3288,0.5010797760372786,0.005245267017538198
264,protein_embedding_entity_label_shuffle_plus_exact_degree_ppi_label_shuffle,0,1,12860,0.5454305094546718,0.0026194699638558043
264,protein_embedding_entity_label_shuffle_plus_exact_degree_ppi_label_shuffle,1,2,894539,0.504978240324958,0.0003061993753394801
264,protein_embedding_entity_label_shuffle_plus_exact_degree_ppi_label_shuffle,2,3,711373,0.4957064363832988,0.00034063802758918776
264,protein_embedding_entity_label_shuffle_plus_exact_degree_ppi_label_shuffle,3,4,72921,0.48916222142531457,0.0010625944706527458
264,protein_embedding_entity_label_shuffle_plus_exact_degree_ppi_label_shuffle,4,>4,2027,0.4351187393331114,0.00626375170693245
265,protein_embedding_entity_label_shuffle_plus_exact_degree_ppi_label_shuffle,0,1,12891,0.5029109872718687,0.002607732258412678
265,protein_embedding_entity_label_shuffle_plus_exact_degree_ppi_label_shuffle,1,2,924866,0.49825803631707805,0.0003010297440531797
265,protein_embedding_entity_label_shuffle_plus_exact_degree_ppi_label_shuffle,2,3,666916,0.5036092347253271,0.0003520609094810272
265,protein_embedding_entity_label_shuffle_plus_exact_degree_ppi_label_shuffle,3,4,84367,0.48678458456859813,0.0009899215073266312
265,protein_embedding_entity_label_shuffle_plus_exact_degree_ppi_label_shuffle,4,>4,4680,0.4866139973986474,0.003909954710584256
266,protein_embedding_entity_label_shuffle_plus_exact_degree_ppi_label_shuffle,0,1,12718,0.4916676721186419,0.0025424565075257465
266,protein_embedding_entity_label_shuffle_plus_exact_degree_ppi_label_shuffle,1,2,866805,0.4971931438147988,0.00030990218561449223
266,protein_embedding_entity_label_shuffle_plus_exact_degree_ppi_label_shuffle,2,3,738678,0.5049161810428509,0.0003362057394931255
266,protein_embedding_entity_label_shuffle_plus_exact_degree_ppi_label_shuffle,3,4,76136,0.4938047667425693,0.0010581565040251105
266,protein_embedding_entity_label_shuffle_plus_exact_degree_ppi_label_shuffle,4,>4,3066,0.387786364015491,0.00505949985724757
267,protein_embedding_entity_label_shuffle_plus_exact_degree_ppi_label_shuffle,0,1,12886,0.4982374522139049,0.0025679956157361496
267,protein_embedding_entity_label_shuffle_plus_exact_degree_ppi_label_shuffle,1,2,905312,0.5021597652151153,0.0003035622479732769
267,protein_embedding_entity_label_shuffle_plus_exact_degree_ppi_label_shuffle,2,3,694885,0.5002523544762647,0.00034622257273604244
267,protein_embedding_entity_label_shuffle_plus_exact_degree_ppi_label_shuffle,3,4,78233,0.4820674099349611,0.0010047113950549093
267,protein_embedding_entity_label_shuffle_plus_exact_degree_ppi_label_shuffle,4,>4,4245,0.3972219811759193,0.004122759897794152
268,protein_embedding_entity_label_shuffle_plus_exact_degree_ppi_label_shuffle,0,1,12760,0.4815449253507735,0.0025197656106907165
268,protein_embedding_entity_label_shuffle_plus_exact_degree_ppi_label_shuffle,1,2,901676,0.49732077617771236,0.00030456321141576515
268,protein_embedding_entity_label_shuffle_plus_exact_degree_ppi_label_shuffle,2,3,701450,0.5034430687378396,0.00034454775771599
268,protein_embedding_entity_label_shuffle_plus_exact_degree_ppi_label_shuffle,3,4,75888,0.5068904405492833,0.0010328469711309942
268,protein_embedding_entity_label_shuffle_plus_exact_degree_ppi_label_shuffle,4,>4,5629,0.5006452790078718,0.0038139429385009357
269,protein_embedding_entity_label_shuffle_plus_exact_degree_ppi_label_shuffle,0,1,12747,0.5022728601457949,0.0025782978401455428
269,protein_embedding_entity_label_shuffle_plus_exact_degree_ppi_label_shuffle,1,2,900028,0.5038245142712362,0.0003059533212391586
269,protein_embedding_entity_label_shuffle_plus_exact_degree_ppi_label_shuffle,2,3,688857,0.4933387706303582,0.0003451794777485697
269,protein_embedding_entity_label_shuffle_plus_exact_degree_ppi_label_shuffle,3,4,84028,0.5036562057802147,0.0009909114846305374
269,protein_embedding_entity_label_shuffle_plus_exact_degree_ppi_label_shuffle,4,>4,6220,0.4852799363665375,0.003568317406078146
270,protein_embedding_entity_label_shuffle_plus_exact_degree_ppi_label_shuffle,0,1,12807,0.4833715029519037,0.002523320797174081
270,protein_embedding_entity_label_shuffle_plus_exact_degree_ppi_label_shuffle,1,2,876215,0.49988559110223274,0.00031023263102144264
270,protein_embedding_entity_label_shuffle_plus_exact_degree_ppi_label_shuffle,2,3,726993,0.500122384291578,0.00033668108740409646
270,protein_embedding_entity_label_shuffle_plus_exact_degree_ppi_label_shuffle,3,4,79152,0.49912638866362813,0.001010530520412564
270,protein_embedding_entity_label_shuffle_plus_exact_degree_ppi_label_shuffle,4,>4,2236,0.4986916440025612,0.005678403001898792
271,protein_embedding_entity_label_shuffle_plus_exact_degree_ppi_label_shuffle,0,1,12924,0.49859506512943436,0.0025146303357410408
271,protein_embedding_entity_label_shuffle_plus_exact_degree_ppi_label_shuffle,1,2,904705,0.4962379462105362,0.0003035782716958726
271,protein_embedding_entity_label_shuffle_plus_exact_degree_ppi_label_shuffle,2,3,691601,0.5046340739701569,0.00034708719907968383
271,protein_embedding_entity_label_shuffle_plus_exact_degree_ppi_label_shuffle,3,4,81989,0.49908171371756177,0.0010082358659307146
271,protein_embedding_entity_label_shuffle_plus_exact_degree_ppi_label_shuffle,4,>4,4342,0.4871301120035146,0.0044426805817759756
272,protein_embedding_entity_label_shuffle_plus_exact_degree_ppi_label_shuffle,0,1,12713,0.5016948611221898,0.002562048036050713
272,protein_embedding_entity_label_shuffle_plus_exact_degree_ppi_label_shuffle,1,2,896540,0.5024270090405656,0.00030355150863553006
272,protein_embedding_entity_label_shuffle_plus_exact_degree_ppi_label_shuffle,2,3,700895,0.49823167922354084,0.00034535202710447545
272,protein_embedding_entity_label_shuffle_plus_exact_degree_ppi_label_shuffle,3,4,79437,0.5014808015277665,0.0010523671170422366
272,protein_embedding_entity_label_shuffle_plus_exact_degree_ppi_label_shuffle,4,>4,5976,0.46715923000215254,0.003886964405431715
273,protein_embedding_entity_label_shuffle_plus_exact_degree_ppi_label_shuffle,0,1,12803,0.4979929735962895,0.0025530226402405206
273,protein_embedding_entity_label_shuffle_plus_exact_degree_ppi_label_shuffle,1,2,884818,0.499190248454642,0.00030756426089133054
273,protein_embedding_entity_label_shuffle_plus_exact_degree_ppi_label_shuffle,2,3,718312,0.50313324743169,0.000339924899332628
273,protein_embedding_entity_label_shuffle_plus_exact_degree_ppi_label_shuffle,3,4,76916,0.4933009636671764,0.0010383832884752636
273,protein_embedding_entity_label_shuffle_plus_exact_degree_ppi_label_shuffle,4,>4,4554,0.37320432407149484,0.004305489750589391
274,protein_embedding_entity_label_shuffle_plus_exact_degree_ppi_label_shuffle,0,1,12710,0.507930659099666,0.0025452811536257097
274,protein_embedding_entity_label_shuffle_plus_exact_degree_ppi_label_shuffle,1,2,886171,0.4962094294266492,0.0003039411268491718
274,protein_embedding_entity_label_shuffle_plus_exact_degree_ppi_label_shuffle,2,3,709895,0.5032698330006753,0.00034586417457953196
274,protein_embedding_entity_label_shuffle_plus_exact_degree_ppi_label_shuffle,3,4,82780,0.5089471117707222,0.0010176033548939022
274,protein_embedding_entity_label_shuffle_plus_exact_degree_ppi_label_shuffle,4,>4,4005,0.47586953520214625,0.004548858258221853
275,protein_embedding_entity_label_shuffle_plus_exact_degree_ppi_label_shuffle,0,1,12673,0.519358628950276,0.0025951593937906447
275,protein_embedding_entity_label_shuffle_plus_exact_degree_ppi_label_shuffle,1,2,899676,0.4990759004130298,0.000303808686635081
275,protein_embedding_entity_label_shuffle_plus_exact_degree_ppi_label_shuffle,2,3,690567,0.49930796165464647,0.0003474291636599032
275,protein_embedding_entity_label_shuffle_plus_exact_degree_ppi_label_shuffle,3,4,86853,0.5006287689201365,0.0009875167125576831
275,protein_embedding_entity_label_shuffle_plus_exact_degree_ppi_label_shuffle,4,>4,5792,0.5174461772010001,0.003943272482268473
276,protein_embedding_entity_label_shuffle_plus_exact_degree_ppi_label_shuffle,0,1,12821,0.506724900000384,0.002586834151534588
276,protein_embedding_entity_label_shuffle_plus_exact_degree_ppi_label_shuffle,1,2,865164,0.49986512412267337,0.00031003146402099096
276,protein_embedding_entity_label_shuffle_plus_exact_degree_ppi_label_shuffle,2,3,726402,0.4986903749072802,0.00033903396402310367
276,protein_embedding_entity_label_shuffle_plus_exact_degree_ppi_label_shuffle,3,4,90026,0.5093520538195034,0.0009769749959280026
276,protein_embedding_entity_label_shuffle_plus_exact_degree_ppi_label_shuffle,4,>4,2990,0.5047101862935949,0.00524850593584929
277,protein_embedding_entity_label_shuffle_plus_exact_degree_ppi_label_shuffle,0,1,12783,0.5077109630961242,0.002530441077783463
277,protein_embedding_entity_label_shuffle_plus_exact_degree_ppi_label_shuffle,1,2,886328,0.5052740756256404,0.0003079508661000359
277,protein_embedding_entity_label_shuffle_plus_exact_degree_ppi_label_shuffle,2,3,708905,0.4936780683127362,0.00034263721821208774
277,protein_embedding_entity_label_shuffle_plus_exact_degree_ppi_label_shuffle,3,4,80193,0.49367907223894375,0.000989181861346849
277,protein_embedding_entity_label_shuffle_plus_exact_degree_ppi_label_shuffle,4,>4,3672,0.5069234066131334,0.004213254531416959
278,protein_embedding_entity_label_shuffle_plus_exact_degree_ppi_label_shuffle,0,1,12668,0.4965082670045902,0.0025353044894353967
278,protein_embedding_entity_label_shuffle_plus_exact_degree_ppi_label_shuffle,1,2,854311,0.5024230597115602,0.00031400704725424006
278,protein_embedding_entity_label_shuffle_plus_exact_degree_ppi_label_shuffle,2,3,734445,0.4985302923480877,0.0003360078291214522
278,protein_embedding_entity_label_shuffle_plus_exact_degree_ppi_label_shuffle,3,4,91312,0.4916591234820418,0.0009292515734126386
278,protein_embedding_entity_label_shuffle_plus_exact_degree_ppi_label_shuffle,4,>4,2825,0.47087529642580034,0.005074396207958374
279,protein_embedding_entity_label_shuffle_plus_exact_degree_ppi_label_shuffle,0,1,12932,0.5040779054247893,0.0026073517609347787
279,protein_embedding_entity_label_shuffle_plus_exact_degree_ppi_label_shuffle,1,2,901561,0.4985172045911611,0.00030458114424754637
279,protein_embedding_entity_label_shuffle_plus_exact_degree_ppi_label_shuffle,2,3,702198,0.49867234045496,0.00034345576220270806
279,protein_embedding_entity_label_shuffle_plus_exact_degree_ppi_label_shuffle,3,4,78158,0.5230094981799355,0.0010321311933366134
279,protein_embedding_entity_label_shuffle_plus_exact_degree_ppi_label_shuffle,4,>4,2554,0.6552134726172394,0.005669086750106588
280,protein_embedding_entity_label_shuffle_plus_exact_degree_ppi_label_shuffle,0,1,12778,0.519639352354353,0.0025580969438686045
280,protein_embedding_entity_label_shuffle_plus_exact_degree_ppi_label_shuffle,1,2,891025,0.5042592644631803,0.00030682092485737376
280,protein_embedding_entity_label_shuffle_plus_exact_degree_ppi_label_shuffle,2,3,701937,0.4939675061799018,0.00034356156502768766
280,protein_embedding_entity_label_shuffle_plus_exact_degree_ppi_label_shuffle,3,4,81702,0.49874794132471306,0.0010123269401890397
280,protein_embedding_entity_label_shuffle_plus_exact_degree_ppi_label_shuffle,4,>4,6278,0.5079746102052723,0.0034828042415056735
281,protein_embedding_entity_label_shuffle_plus_exact_degree_ppi_label_shuffle,0,1,12493,0.4955208434768128,0.002495250871443824
281,protein_embedding_entity_label_shuffle_plus_exact_degree_ppi_label_shuffle,1,2,855756,0.4931947298937021,0.00030953713625537404
281,protein_embedding_entity_label_shuffle_plus_exact_degree_ppi_label_shuffle,2,3,736763,0.5051172495761541,0.0003384426912124572
281,protein_embedding_entity_label_shuffle_plus_exact_degree_ppi_label_shuffle,3,4,85680,0.5176337669245231,0.0010045580176874806
281,protein_embedding_entity_label_shuffle_plus_exact_degree_ppi_label_shuffle,4,>4,3028,0.5465142010219128,0.005598784436836808
282,protein_embedding_entity_label_shuffle_plus_exact_degree_ppi_label_shuffle,0,1,12903,0.49558637428625335,0.002547489299813499
282,protein_embedding_entity_label_shuffle_plus_exact_degree_ppi_label_shuffle,1,2,882918,0.4986739399075538,0.0003060679269819257
282,protein_embedding_entity_label_shuffle_plus_exact_degree_ppi_label_shuffle,2,3,714176,0.49935827907985814,0.00034160244936960434
282,protein_embedding_entity_label_shuffle_plus_exact_degree_ppi_label_shuffle,3,4,81947,0.509106510475603,0.0010384608746926876
282,protein_embedding_entity_label_shuffle_plus_exact_degree_ppi_label_shuffle,4,>4,5459,0.6010712322288506,0.004070940404375652
283,protein_embedding_entity_label_shuffle_plus_exact_degree_ppi_label_shuffle,0,1,12882,0.5093723969475771,0.0025689584556341065
283,protein_embedding_entity_label_shuffle_plus_exact_degree_ppi_label_shuffle,1,2,898661,0.5081709659722186,0.0003065753394517853
283,protein_embedding_entity_label_shuffle_plus_exact_degree_ppi_label_shuffle,2,3,700647,0.4929212146548965,0.00034386999494412466
283,protein_embedding_entity_label_shuffle_plus_exact_degree_ppi_label_shuffle,3,4,81059,0.4764818025693324,0.0009651841729484522
283,protein_embedding_entity_label_shuffle_plus_exact_degree_ppi_label_shuffle,4,>4,4154,0.3901572967553805,0.004142343691095073
284,protein_embedding_entity_label_shuffle_plus_exact_degree_ppi_label_shuffle,0,1,12804,0.48321704458832493,0.002483381801173809
284,protein_embedding_entity_label_shuffle_plus_exact_degree_ppi_label_shuffle,1,2,884448,0.5026083210163269,0.00030711603308036583
284,protein_embedding_entity_label_shuffle_plus_exact_degree_ppi_label_shuffle,2,3,702665,0.4986913140638375,0.00034461170367967175
284,protein_embedding_entity_label_shuffle_plus_exact_degree_ppi_label_shuffle,3,4,88112,0.484774900900368,0.0009659749425754194
284,protein_embedding_entity_label_shuffle_plus_exact_degree_ppi_label_shuffle,4,>4,5691,0.41121636004369205,0.003554599200060816
285,protein_embedding_entity_label_shuffle_plus_exact_degree_ppi_label_shuffle,0,1,12801,0.5189726455985422,0.002570131121238685
285,protein_embedding_entity_label_shuffle_plus_exact_degree_ppi_label_shuffle,1,2,938497,0.5003129444249711,0.000298723674022282
285,protein_embedding_entity_label_shuffle_plus_exact_degree_ppi_label_shuffle,2,3,671017,0.4985863533424849,0.0003509377195567881
285,protein_embedding_entity_label_shuffle_plus_exact_degree_ppi_label_shuffle,3,4,71503,0.4954759478486348,0.001069699885141046
285,protein_embedding_entity_label_shuffle_plus_exact_degree_ppi_label_shuffle,4,>4,3585,0.43898581197329234,0.005006046384256971
286,protein_embedding_entity_label_shuffle_plus_exact_degree_ppi_label_shuffle,0,1,12611,0.5058259931901653,0.0025912140759075885
286,protein_embedding_entity_label_shuffle_plus_exact_degree_ppi_label_shuffle,1,2,901979,0.5006876978940409,0.0003050959476737801
286,protein_embedding_entity_label_shuffle_plus_exact_degree_ppi_label_shuffle,2,3,699297,0.49726380877858184,0.00034392518049480386
286,protein_embedding_entity_label_shuffle_plus_exact_degree_ppi_label_shuffle,3,4,77760,0.504863162279119,0.001019402155449434
286,protein_embedding_entity_label_shuffle_plus_exact_degree_ppi_label_shuffle,4,>4,5756,0.6662259559249205,0.0037244182056710585
287,protein_embedding_entity_label_shuffle_plus_exact_degree_ppi_label_shuffle,0,1,12797,0.5212609642489845,0.002588329524389795
287,protein_embedding_entity_label_shuffle_plus_exact_degree_ppi_label_shuffle,1,2,850516,0.4970255652137021,0.0003127632479631903
287,protein_embedding_entity_label_shuffle_plus_exact_degree_ppi_label_shuffle,2,3,730239,0.5029803792172429,0.00033796888935553926
287,protein_embedding_entity_label_shuffle_plus_exact_degree_ppi_label_shuffle,3,4,95650,0.5082629324494192,0.0009370869064984246
287,protein_embedding_entity_label_shuffle_plus_exact_degree_ppi_label_shuffle,4,>4,6359,0.4273390456817474,0.0037315249456865754
288,protein_embedding_entity_label_shuffle_plus_exact_degree_ppi_label_shuffle,0,1,12764,0.5085387337497569,0.0025434147725515227
288,protein_embedding_entity_label_shuffle_plus_exact_degree_ppi_label_shuffle,1,2,885161,0.4995140094769164,0.00030677076519012013
288,protein_embedding_entity_label_shuffle_plus_exact_degree_ppi_label_shuffle,2,3,709944,0.4999654696083307,0.000342814753774402
288,protein_embedding_entity_label_shuffle_plus_exact_degree_ppi_label_shuffle,3,4,83430,0.5004664483300427,0.0009937720883313821
288,protein_embedding_entity_label_shuffle_plus_exact_degree_ppi_label_shuffle,4,>4,6104,0.4428079336761637,0.0032961500688909857
289,protein_embedding_entity_label_shuffle_plus_exact_degree_ppi_label_shuffle,0,1,12872,0.48331964933838695,0.0025673666656627985
289,protein_embedding_entity_label_shuffle_plus_exact_degree_ppi_label_shuffle,1,2,865200,0.500162993003461,0.0003104146781461452
289,protein_embedding_entity_label_shuffle_plus_exact_degree_ppi_label_shuffle,2,3,724500,0.501521828514063,0.00033950136270762026
289,protein_embedding_entity_label_shuffle_plus_exact_degree_ppi_label_shuffle,3,4,88795,0.49365013371294825,0.0009619905768203163
289,protein_embedding_entity_label_shuffle_plus_exact_degree_ppi_label_shuffle,4,>4,4194,0.484980034151528,0.004271188387856442
290,protein_embedding_entity_label_shuffle_plus_exact_degree_ppi_label_shuffle,0,1,12876,0.5251135148185152,0.0025167909367614927
290,protein_embedding_entity_label_shuffle_plus_exact_degree_ppi_label_shuffle,1,2,881606,0.5023509839120003,0.00030797522180783316
290,protein_embedding_entity_label_shuffle_plus_exact_degree_ppi_label_shuffle,2,3,714845,0.4976402663656788,0.00034076417765053715
290,protein_embedding_entity_label_shuffle_plus_exact_degree_ppi_label_shuffle,3,4,83057,0.4915328076666484,0.0009988072651271674
290,protein_embedding_entity_label_shuffle_plus_exact_degree_ppi_label_shuffle,4,>4,5019,0.4663334363704852,0.004285782455766423
291,protein_embedding_entity_label_shuffle_plus_exact_degree_ppi_label_shuffle,0,1,12789,0.49149437458865464,0.0025168509888681963
291,protein_embedding_entity_label_shuffle_plus_exact_degree_ppi_label_shuffle,1,2,920930,0.5003139283494799,0.00029987132162086406
291,protein_embedding_entity_label_shuffle_plus_exact_degree_ppi_label_shuffle,2,3,683759,0.49894326499375935,0.0003494014547329901
291,protein_embedding_entity_label_shuffle_plus_exact_degree_ppi_label_shuffle,3,4,73520,0.5031980069889024,0.0010866413739215519
291,protein_embedding_entity_label_shuffle_plus_exact_degree_ppi_label_shuffle,4,>4,2722,0.4896244793710757,0.005700060749408937
292,protein_embedding_entity_label_shuffle_plus_exact_degree_ppi_label_shuffle,0,1,12538,0.4791334841721685,0.0025346698808743537
292,protein_embedding_entity_label_shuffle_plus_exact_degree_ppi_label_shuffle,1,2,856856,0.5002717761317628,0.00031221049405075603
292,protein_embedding_entity_label_shuffle_plus_exact_degree_ppi_label_shuffle,2,3,733497,0.5009357408224921,0.00033651100251872617
292,protein_embedding_entity_label_shuffle_plus_exact_degree_ppi_label_shuffle,3,4,87697,0.4962991003650227,0.0009845641510428209
292,protein_embedding_entity_label_shuffle_plus_exact_degree_ppi_label_shuffle,4,>4,6815,0.4724130125374568,0.0032791186167595585
293,protein_embedding_entity_label_shuffle_plus_exact_degree_ppi_label_shuffle,0,1,12840,0.49468186566186384,0.0025579469185898723
293,protein_embedding_entity_label_shuffle_plus_exact_degree_ppi_label_shuffle,1,2,857999,0.5020416971434086,0.0003113316327087101
293,protein_embedding_entity_label_shuffle_plus_exact_degree_ppi_label_shuffle,2,3,736836,0.49744616114370455,0.00033695369473427903
293,protein_embedding_entity_label_shuffle_plus_exact_degree_ppi_label_shuffle,3,4,86174,0.5040593684376727,0.0009819790072241796
293,protein_embedding_entity_label_shuffle_plus_exact_degree_ppi_label_shuffle,4,>4,3554,0.5412219185700274,0.004466435132551119
294,protein_embedding_entity_label_shuffle_plus_exact_degree_ppi_label_shuffle,0,1,12991,0.5046851585866918,0.0025572056310568326
294,protein_embedding_entity_label_shuffle_plus_exact_degree_ppi_label_shuffle,1,2,874887,0.49644529098052975,0.00030755485361429896
294,protein_embedding_entity_label_shuffle_plus_exact_degree_ppi_label_shuffle,2,3,717192,0.5041639513116876,0.00034205855192628995
294,protein_embedding_entity_label_shuffle_plus_exact_degree_ppi_label_shuffle,3,4,87911,0.5052129006444233,0.0009746434618035449
294,protein_embedding_entity_label_shuffle_plus_exact_degree_ppi_label_shuffle,4,>4,4422,0.48070998762615674,0.004301177462993265
295,protein_embedding_entity_label_shuffle_plus_exact_degree_ppi_label_shuffle,0,1,12766,0.507647836894051,0.002518786137415854
295,protein_embedding_entity_label_shuffle_plus_exact_degree_ppi_label_shuffle,1,2,859717,0.5015563562351276,0.00031120649772394514
295,protein_embedding_entity_label_shuffle_plus_exact_degree_ppi_label_shuffle,2,3,736681,0.4985861126778555,0.000336183963682893
295,protein_embedding_entity_label_shuffle_plus_exact_degree_ppi_label_shuffle,3,4,84696,0.4942969611930916,0.001002981649986448
295,protein_embedding_entity_label_shuffle_plus_exact_degree_ppi_label_shuffle,4,>4,1701,0.4722578216807216,0.007044682590843441
296,protein_embedding_entity_label_shuffle_plus_exact_degree_ppi_label_shuffle,0,1,12847,0.48662554414037423,0.00250789191326454
296,protein_embedding_entity_label_shuffle_plus_exact_degree_ppi_label_shuffle,1,2,892853,0.4900959277174771,0.0003034066777641232
296,protein_embedding_entity_label_shuffle_plus_exact_degree_ppi_label_shuffle,2,3,713003,0.5098395780750828,0.0003445027420421723
296,protein_embedding_entity_label_shuffle_plus_exact_degree_ppi_label_shuffle,3,4,75515,0.5164901851117202,0.0010519140674876293
296,protein_embedding_entity_label_shuffle_plus_exact_degree_ppi_label_shuffle,4,>4,3185,0.500127517037313,0.004950857600928124
297,protein_embedding_entity_label_shuffle_plus_exact_degree_ppi_label_shuffle,0,1,12781,0.49381735772151775,0.002521042221709659
297,protein_embedding_entity_label_shuffle_plus_exact_degree_ppi_label_shuffle,1,2,886719,0.5011486287912028,0.00030643218202954577
297,protein_embedding_entity_label_shuffle_plus_exact_degree_ppi_label_shuffle,2,3,699516,0.4990419078549452,0.0003458974428023492
297,protein_embedding_entity_label_shuffle_plus_exact_degree_ppi_label_shuffle,3,4,89672,0.5030864572076004,0.0009579522584728111
297,protein_embedding_entity_label_shuffle_plus_exact_degree_ppi_label_shuffle,4,>4,5032,0.46016275800271983,0.0041281059526373405
298,protein_embedding_entity_label_shuffle_plus_exact_degree_ppi_label_shuffle,0,1,12936,0.5020062943659145,0.0025139340544555627
298,protein_embedding_entity_label_shuffle_plus_exact_degree_ppi_label_shuffle,1,2,898268,0.4998411463997853,0.00030375121071055697
298,protein_embedding_entity_label_shuffle_plus_exact_degree_ppi_label_shuffle,2,3,701631,0.49673835463631777,0.0003453437585841412
298,protein_embedding_entity_label_shuffle_plus_exact_degree_ppi_label_shuffle,3,4,75084,0.5136860983022805,0.0010627412461655895
298,protein_embedding_entity_label_shuffle_plus_exact_degree_ppi_label_shuffle,4,>4,5801,0.488414902807951,0.0034940369641169484
299,protein_embedding_entity_label_shuffle_plus_exact_degree_ppi_label_shuffle,0,1,12642,0.5162777842809763,0.0025584517978789576
299,protein_embedding_entity_label_shuffle_plus_exact_degree_ppi_label_shuffle,1,2,893691,0.5061987714984626,0.0003057770717302521
299,protein_embedding_entity_label_shuffle_plus_exact_degree_ppi_label_shuffle,2,3,705615,0.49346826039141733,0.00034329240270094196
299,protein_embedding_entity_label_shuffle_plus_exact_degree_ppi_label_shuffle,3,4,78834,0.4902726923640928,0.001031789539300843
299,protein_embedding_entity_label_shuffle_plus_exact_degree_ppi_label_shuffle,4,>4,2938,0.5204329244357282,0.005221081025960525
300,protein_embedding_entity_label_shuffle_plus_exact_degree_ppi_label_shuffle,0,1,12713,0.49297454764662474,0.0025018147914632983
300,protein_embedding_entity_label_shuffle_plus_exact_degree_ppi_label_shuffle,1,2,904489,0.49958992713091105,0.0003017977484335209
300,protein_embedding_entity_label_shuffle_plus_exact_degree_ppi_label_shuffle,2,3,696095,0.4978079480534066,0.00034853316628398343
300,protein_embedding_entity_label_shuffle_plus_exact_degree_ppi_label_shuffle,3,4,80684,0.5095604638587137,0.001012733749254285
300,protein_embedding_entity_label_shuffle_plus_exact_degree_ppi_label_shuffle,4,>4,3422,0.44555792455109633,0.004930138382805311
301,protein_embedding_entity_label_shuffle_plus_exact_degree_ppi_label_shuffle,0,1,12716,0.4878191996206204,0.002565894476737939
301,protein_embedding_entity_label_shuffle_plus_exact_degree_ppi_label_shuffle,1,2,866102,0.5005224174881917,0.00030992249478891326
301,protein_embedding_entity_label_shuffle_plus_exact_degree_ppi_label_shuffle,2,3,724723,0.49671588215684176,0.0003383345589674854
301,protein_embedding_entity_label_shuffle_plus_exact_degree_ppi_label_shuffle,3,4,85724,0.5106537679444643,0.000995922592874576
301,protein_embedding_entity_label_shuffle_plus_exact_degree_ppi_label_shuffle,4,>4,4455,0.5518600748307454,0.004409817163433483
302,protein_embedding_entity_label_shuffle_plus_exact_degree_ppi_label_shuffle,0,1,12772,0.49852496256670187,0.002559162685353391
302,protein_embedding_entity_label_shuffle_plus_exact_degree_ppi_label_shuffle,1,2,860827,0.4965521916357585,0.00031163319096736347
302,protein_embedding_entity_label_shuffle_plus_exact_degree_ppi_label_shuffle,2,3,728071,0.5043268945033195,0.00033772033718709315
302,protein_embedding_entity_label_shuffle_plus_exact_degree_ppi_label_shuffle,3,4,85294,0.49414056571247317,0.000982519044180729
302,protein_embedding_entity_label_shuffle_plus_exact_degree_ppi_label_shuffle,4,>4,6757,0.4393716106399728,0.003606996761503062
303,protein_embedding_entity_label_shuffle_plus_exact_degree_ppi_label_shuffle,0,1,12619,0.5034534585654575,0.0025397346591498108
303,protein_embedding_entity_label_shuffle_plus_exact_degree_ppi_label_shuffle,1,2,879327,0.5030824875352843,0.0003069744647646983
303,protein_embedding_entity_label_shuffle_plus_exact_degree_ppi_label_shuffle,2,3,712959,0.49709913309624226,0.0003421903593091125
303,protein_embedding_entity_label_shuffle_plus_exact_degree_ppi_label_shuffle,3,4,83523,0.48705713415552654,0.0010060145143974484
303,protein_embedding_entity_label_shuffle_plus_exact_degree_ppi_label_shuffle,4,>4,3452,0.4288525246047852,0.004734358913732819
304,protein_embedding_entity_label_shuffle_plus_exact_degree_ppi_label_shuffle,0,1,12570,0.47665277347662693,0.0025774529263838985
304,protein_embedding_entity_label_shuffle_plus_exact_degree_ppi_label_shuffle,1,2,889782,0.4967038115841234,0.0003057068764822688
304,protein_embedding_entity_label_shuffle_plus_exact_degree_ppi_label_shuffle,2,3,713476,0.5046199784803028,0.000342668601244159
304,protein_embedding_entity_label_shuffle_plus_exact_degree_ppi_label_shuffle,3,4,76860,0.4848537404507801,0.0010226061003899623
304,protein_embedding_entity_label_shuffle_plus_exact_degree_ppi_label_shuffle,4,>4,4715,0.4934052147925894,0.004137008798908849
305,protein_embedding_entity_label_shuffle_plus_exact_degree_ppi_label_shuffle,0,1,12598,0.5118222638651835,0.0025822889978447325
305,protein_embedding_entity_label_shuffle_plus_exact_degree_ppi_label_shuffle,1,2,913243,0.5015698525952959,0.0003012757622561261
305,protein_embedding_entity_label_shuffle_plus_exact_degree_ppi_label_shuffle,2,3,687306,0.4959893600240431,0.00034816610547067084
305,protein_embedding_entity_label_shuffle_plus_exact_degree_ppi_label_shuffle,3,4,78637,0.509831420592001,0.0010562244753150839
305,protein_embedding_entity_label_shuffle_plus_exact_degree_ppi_label_shuffle,4,>4,3777,0.5343660169050056,0.0048867338470296355
306,protein_embedding_entity_label_shuffle_plus_exact_degree_ppi_label_shuffle,0,1,12739,0.49388667844355305,0.0025228350472313505
306,protein_embedding_entity_label_shuffle_plus_exact_degree_ppi_label_shuffle,1,2,910865,0.4956449881928828,0.0003014541569646181
306,protein_embedding_entity_label_shuffle_plus_exact_degree_ppi_label_shuffle,2,3,696807,0.5063396944355902,0.0003472202893705062
306,protein_embedding_entity_label_shuffle_plus_exact_degree_ppi_label_shuffle,3,4,73877,0.4981318877266194,0.001069459456566156
306,protein_embedding_entity_label_shuffle_plus_exact_degree_ppi_label_shuffle,4,>4,3115,0.4535538433365781,0.004828261879227026
307,protein_embedding_entity_label_shuffle_plus_exact_degree_ppi_label_shuffle,0,1,12764,0.5092788153072887,0.002512909455958153
307,protein_embedding_entity_label_shuffle_plus_exact_degree_ppi_label_shuffle,1,2,908770,0.5007351031761865,0.0003014144602257795
307,protein_embedding_entity_label_shuffle_plus_exact_degree_ppi_label_shuffle,2,3,690229,0.4997859537789416,0.00034917508955081004
307,protein_embedding_entity_label_shuffle_plus_exact_degree_ppi_label_shuffle,3,4,79087,0.5000001956516769,0.0010487277806189702
307,protein_embedding_entity_label_shuffle_plus_exact_degree_ppi_label_shuffle,4,>4,4711,0.48762524763777815,0.004220628810901401
308,protein_embedding_entity_label_shuffle_plus_exact_degree_ppi_label_shuffle,0,1,12823,0.4890820462132001,0.002504489615206538
308,protein_embedding_entity_label_shuffle_plus_exact_degree_ppi_label_shuffle,1,2,868756,0.5037774353075243,0.0003085539111450537
308,protein_embedding_entity_label_shuffle_plus_exact_degree_ppi_label_shuffle,2,3,716027,0.4957357476185211,0.00034273408359397834
308,protein_embedding_entity_label_shuffle_plus_exact_degree_ppi_label_shuffle,3,4,95603,0.4965224750145607,0.0009293934281254805
308,protein_embedding_entity_label_shuffle_plus_exact_degree_ppi_label_shuffle,4,>4,4194,0.4902422774283795,0.004332010558012096
309,protein_embedding_entity_label_shuffle_plus_exact_degree_ppi_label_shuffle,0,1,12746,0.5104963659955672,0.0025128600674366904
309,protein_embedding_entity_label_shuffle_plus_exact_degree_ppi_label_shuffle,1,2,896104,0.4972636445862919,0.00030486623579231345
309,protein_embedding_entity_label_shuffle_plus_exact_degree_ppi_label_shuffle,2,3,692476,0.4981850005735246,0.0003463475050881757
309,protein_embedding_entity_label_shuffle_plus_exact_degree_ppi_label_shuffle,3,4,88257,0.5290529540715465,0.0009769087798157457
309,protein_embedding_entity_label_shuffle_plus_exact_degree_ppi_label_shuffle,4,>4,5978,0.5759407578075395,0.0036724203554330073
310,protein_embedding_entity_label_shuffle_plus_exact_degree_ppi_label_shuffle,0,1,12932,0.49469435122320504,0.0025638492489789997
310,protein_embedding_entity_label_shuffle_plus_exact_degree_ppi_label_shuffle,1,2,883662,0.49505298031583894,0.0003071639574533143
310,protein_embedding_entity_label_shuffle_plus_exact_degree_ppi_label_shuffle,2,3,710776,0.5043419204450511,0.000342717213076987
310,protein_embedding_entity_label_shuffle_plus_exact_degree_ppi_label_shuffle,3,4,85372,0.5199074836850553,0.0009757532705475973
310,protein_embedding_entity_label_shuffle_plus_exact_degree_ppi_label_shuffle,4,>4,2819,0.5638164107823709,0.005190568190379665
311,protein_embedding_entity_label_shuffle_plus_exact_degree_ppi_label_shuffle,0,1,12738,0.48499037122368976,0.0024988981613777305
311,protein_embedding_entity_label_shuffle_plus_exact_degree_ppi_label_shuffle,1,2,895285,0.49645269700292877,0.00030481111346313135
311,protein_embedding_entity_label_shuffle_plus_exact_degree_ppi_label_shuffle,2,3,705011,0.5058373291720673,0.00034458904893012977
311,protein_embedding_entity_label_shuffle_plus_exact_degree_ppi_label_shuffle,3,4,79654,0.4936083092462682,0.0010111282373054375
311,protein_embedding_entity_label_shuffle_plus_exact_degree_ppi_label_shuffle,4,>4,2873,0.4514312183519615,0.005193441726408246
312,protein_embedding_entity_label_shuffle_plus_exact_degree_ppi_label_shuffle,0,1,12968,0.5105286022211935,0.002516507427831042
312,protein_embedding_entity_label_shuffle_plus_exact_degree_ppi_label_shuffle,1,2,888303,0.5047375294578395,0.00030685370417163403
312,protein_embedding_entity_label_shuffle_plus_exact_degree_ppi_label_shuffle,2,3,714178,0.49368407169650247,0.0003408832711106912
312,protein_embedding_entity_label_shuffle_plus_exact_degree_ppi_label_shuffle,3,4,71297,0.5001076383542957,0.0010890901201857847
312,protein_embedding_entity_label_shuffle_plus_exact_degree_ppi_label_shuffle,4,>4,1458,0.4587422843128179,0.007998413266329546
313,protein_embedding_entity_label_shuffle_plus_exact_degree_ppi_label_shuffle,0,1,12892,0.47560415724090377,0.0025080178337559336
313,protein_embedding_entity_label_shuffle_plus_exact_degree_ppi_label_shuffle,1,2,910030,0.4938971280802152,0.00030052440133408314
313,protein_embedding_entity_label_shuffle_plus_exact_degree_ppi_label_shuffle,2,3,693158,0.5037734812356957,0.00034830110804058594
313,protein_embedding_entity_label_shuffle_plus_exact_degree_ppi_label_shuffle,3,4,74399,0.5377001326329045,0.0010761697310363312
313,protein_embedding_entity_label_shuffle_plus_exact_degree_ppi_label_shuffle,4,>4,3241,0.4883857929979329,0.005364407134876556
314,protein_embedding_entity_label_shuffle_plus_exact_degree_ppi_label_shuffle,0,1,12755,0.5003199504197978,0.0025912494045601353
314,protein_embedding_entity_label_shuffle_plus_exact_degree_ppi_label_shuffle,1,2,894997,0.502345989894536,0.0003071438142116649
314,protein_embedding_entity_label_shuffle_plus_exact_degree_ppi_label_shuffle,2,3,701999,0.4992141860615602,0.00034314882320020916
314,protein_embedding_entity_label_shuffle_plus_exact_degree_ppi_label_shuffle,3,4,81692,0.4850807178670783,0.0009851787382656504
314,protein_embedding_entity_label_shuffle_plus_exact_degree_ppi_label_shuffle,4,>4,4118,0.5217743933534592,0.00418755445543995
315,protein_embedding_entity_label_shuffle_plus_exact_degree_ppi_label_shuffle,0,1,12715,0.5029451670300219,0.002572034017102028
315,protein_embedding_entity_label_shuffle_plus_exact_degree_ppi_label_shuffle,1,2,885704,0.5011166466998808,0.0003069101574219067
315,protein_embedding_entity_label_shuffle_plus_exact_degree_ppi_label_shuffle,2,3,708899,0.5007200105771025,0.000343348044257088
315,protein_embedding_entity_label_shuffle_plus_exact_degree_ppi_label_shuffle,3,4,84666,0.4913097241459811,0.0009772842972896087
315,protein_embedding_entity_label_shuffle_plus_exact_degree_ppi_label_shuffle,4,>4,3577,0.4585849935167441,0.00446204477537285
316,protein_embedding_entity_label_shuffle_plus_exact_degree_ppi_label_shuffle,0,1,12777,0.5085869422905298,0.00259410573370352
316,protein_embedding_entity_label_shuffle_plus_exact_degree_ppi_label_shuffle,1,2,921388,0.49918941501997016,0.0002998216333602393
316,protein_embedding_entity_label_shuffle_plus_exact_degree_ppi_label_shuffle,2,3,684538,0.5022214844626427,0.00035065552516041495
316,protein_embedding_entity_label_shuffle_plus_exact_degree_ppi_label_shuffle,3,4,70539,0.49784127357972535,0.0010836700077193446
316,protein_embedding_entity_label_shuffle_plus_exact_degree_ppi_label_shuffle,4,>4,6319,0.4229635532192236,0.003238495938600014
317,protein_embedding_entity_label_shuffle_plus_exact_degree_ppi_label_shuffle,0,1,12635,0.5124076726856571,0.0025717211918617634
317,protein_embedding_entity_label_shuffle_plus_exact_degree_ppi_label_shuffle,1,2,883617,0.5025257468949921,0.0003074777585683247
317,protein_embedding_entity_label_shuffle_plus_exact_degree_ppi_label_shuffle,2,3,714889,0.49977171762337985,0.00034171360344236975
317,protein_embedding_entity_label_shuffle_plus_exact_degree_ppi_label_shuffle,3,4,76861,0.4842448931402474,0.0010236362618723605
317,protein_embedding_entity_label_shuffle_plus_exact_degree_ppi_label_shuffle,4,>4,3878,0.38176498158014915,0.0039753530134831105
318,protein_embedding_entity_label_shuffle_plus_exact_degree_ppi_label_shuffle,0,1,12589,0.49389260782092037,0.002628805117296268
318,protein_embedding_entity_label_shuffle_plus_exact_degree_ppi_label_shuffle,1,2,898665,0.5010773782385607,0.00030570544039791884
318,protein_embedding_entity_label_shuffle_plus_exact_degree_ppi_label_shuffle,2,3,700144,0.49822728431870067,0.00034306226768580445
318,protein_embedding_entity_label_shuffle_plus_exact_degree_ppi_label_shuffle,3,4,83078,0.5095127798739975,0.0010049232904916717
318,protein_embedding_entity_label_shuffle_plus_exact_degree_ppi_label_shuffle,4,>4,2927,0.49559568720510266,0.005477064484688545
319,protein_embedding_entity_label_shuffle_plus_exact_degree_ppi_label_shuffle,0,1,12675,0.5046283787228695,0.0024957100540842787
319,protein_embedding_entity_label_shuffle_plus_exact_degree_ppi_label_shuffle,1,2,915465,0.49826705342062316,0.0003002446611684402
319,protein_embedding_entity_label_shuffle_plus_exact_degree_ppi_label_shuffle,2,3,678068,0.5022538819184443,0.00035231554751469663
319,protein_embedding_entity_label_shuffle_plus_exact_degree_ppi_label_shuffle,3,4,75997,0.5069842003737474,0.0010606090459898102
319,protein_embedding_entity_label_shuffle_plus_exact_degree_ppi_label_shuffle,4,>4,5999,0.43184474433101894,0.00352278022716848
320,protein_embedding_entity_label_shuffle_plus_exact_degree_ppi_label_shuffle,0,1,12749,0.4976509174376732,0.0025821148681912692
320,protein_embedding_entity_label_shuffle_plus_exact_degree_ppi_label_shuffle,1,2,873442,0.4981722036882855,0.0003085676332181961
320,protein_embedding_entity_label_shuffle_plus_exact_degree_ppi_label_shuffle,2,3,719039,0.5012092919601125,0.00034170485143858643
320,protein_embedding_entity_label_shuffle_plus_exact_degree_ppi_label_shuffle,3,4,89456,0.5100793590529974,0.0009517946870352307
320,protein_embedding_entity_label_shuffle_plus_exact_degree_ppi_label_shuffle,4,>4,2717,0.5438988978554695,0.005268811293278536
321,protein_embedding_entity_label_shuffle_plus_exact_degree_ppi_label_shuffle,0,1,12634,0.49695963868858567,0.002560143765965177
321,protein_embedding_entity_label_shuffle_plus_exact_degree_ppi_label_shuffle,1,2,878842,0.4997040362780527,0.000306740756992413
321,protein_embedding_entity_label_shuffle_plus_exact_degree_ppi_label_shuffle,2,3,706702,0.5015006158379152,0.00034497654474173017
321,protein_embedding_entity_label_shuffle_plus_exact_degree_ppi_label_shuffle,3,4,92603,0.49468321409422833,0.0009498395742941903
321,protein_embedding_entity_label_shuffle_plus_exact_degree_ppi_label_shuffle,4,>4,6622,0.4757665812003839,0.003487458254901811
322,protein_embedding_entity_label_shuffle_plus_exact_degree_ppi_label_shuffle,0,1,12722,0.5135895625792704,0.0026280481824585266
322,protein_embedding_entity_label_shuffle_plus_exact_degree_ppi_label_shuffle,1,2,890757,0.5046529458118958,0.00030704246332650763
322,protein_embedding_entity_label_shuffle_plus_exact_degree_ppi_label_shuffle,2,3,712979,0.49699737946805417,0.00034039390652643685
322,protein_embedding_entity_label_shuffle_plus_exact_degree_ppi_label_shuffle,3,4,75624,0.47425170150356916,0.001038585705025247
322,protein_embedding_entity_label_shuffle_plus_exact_degree_ppi_label_shuffle,4,>4,1638,0.4112625738232856,0.006954605448311989
323,protein_embedding_entity_label_shuffle_plus_exact_degree_ppi_label_shuffle,0,1,12727,0.5165262815361814,0.0025259591965928687
323,protein_embedding_entity_label_shuffle_plus_exact_degree_ppi_label_shuffle,1,2,877994,0.5077609695481704,0.0003078647823071467
323,protein_embedding_entity_label_shuffle_plus_exact_degree_ppi_label_shuffle,2,3,722538,0.4944346057953746,0.00034012522042165867
323,protein_embedding_entity_label_shuffle_plus_exact_degree_ppi_label_shuffle,3,4,77527,0.4802143670283031,0.0010303359167823161
323,protein_embedding_entity_label_shuffle_plus_exact_degree_ppi_label_shuffle,4,>4,2934,0.45568848274080526,0.004954426281819151
324,protein_embedding_entity_label_shuffle_plus_exact_degree_ppi_label_shuffle,0,1,12743,0.5228841855036209,0.002531076429000475
324,protein_embedding_entity_label_shuffle_plus_exact_degree_ppi_label_shuffle,1,2,894316,0.5070706664259519,0.00030562515628624427
324,protein_embedding_entity_label_shuffle_plus_exact_degree_ppi_label_shuffle,2,3,712519,0.4954196641178702,0.000341810588979659
324,protein_embedding_entity_label_shuffle_plus_exact_degree_ppi_label_shuffle,3,4,71975,0.46837481308609613,0.0010549820124483677
324,protein_embedding_entity_label_shuffle_plus_exact_degree_ppi_label_shuffle,4,>4,4008,0.46543452508691646,0.004381161471591402
325,protein_embedding_entity_label_shuffle_plus_exact_degree_ppi_label_shuffle,0,1,13100,0.4990762073130305,0.0025447068085538093
325,protein_embedding_entity_label_shuffle_plus_exact_degree_ppi_label_shuffle,1,2,876429,0.5118236802535121,0.0003093693110540071
325,protein_embedding_entity_label_shuffle_plus_exact_degree_ppi_label_shuffle,2,3,713615,0.48905362893825705,0.00033958040332376785
325,protein_embedding_entity_label_shuffle_plus_exact_degree_ppi_label_shuffle,3,4,88958,0.4804754549266025,0.0009657665523187854
325,protein_embedding_entity_label_shuffle_plus_exact_degree_ppi_label_shuffle,4,>4,5301,0.6069965657263442,0.0038750835128612726
326,protein_embedding_entity_label_shuffle_plus_exact_degree_ppi_label_shuffle,0,1,12619,0.4941271471291103,0.0025437625356723535
326,protein_embedding_entity_label_shuffle_plus_exact_degree_ppi_label_shuffle,1,2,868929,0.4981275574492609,0.00030860779039424546
326,protein_embedding_entity_label_shuffle_plus_exact_degree_ppi_label_shuffle,2,3,727297,0.5019393279692979,0.0003399326710549986
326,protein_embedding_entity_label_shuffle_plus_exact_degree_ppi_label_shuffle,3,4,81609,0.5130935284618432,0.0010104981121908014
326,protein_embedding_entity_label_shuffle_plus_exact_degree_ppi_label_shuffle,4,>4,5107,0.4816623049199305,0.004209485262093043
327,protein_embedding_entity_label_shuffle_plus_exact_degree_ppi_label_shuffle,0,1,12928,0.5036737583700869,0.002588506052798641
327,protein_embedding_entity_label_shuffle_plus_exact_degree_ppi_label_shuffle,1,2,871505,0.5035363316222841,0.00030994147883249063
327,protein_embedding_entity_label_shuffle_plus_exact_degree_ppi_label_shuffle,2,3,724512,0.49781007153729406,0.00033797357553150406
327,protein_embedding_entity_label_shuffle_plus_exact_degree_ppi_label_shuffle,3,4,85674,0.4875639201923054,0.0009895349779401653
327,protein_embedding_entity_label_shuffle_plus_exact_degree_ppi_label_shuffle,4,>4,2784,0.4717274756719325,0.0057169760543597445
328,protein_embedding_entity_label_shuffle_plus_exact_degree_ppi_label_shuffle,0,1,12822,0.5097529545659076,0.00257917531555602
328,protein_embedding_entity_label_shuffle_plus_exact_degree_ppi_label_shuffle,1,2,914139,0.4969534419271447,0.0003011988062101169
328,protein_embedding_entity_label_shuffle_plus_exact_degree_ppi_label_shuffle,2,3,685869,0.5025594529551035,0.000348977399837244
328,protein_embedding_entity_label_shuffle_plus_exact_degree_ppi_label_shuffle,3,4,80014,0.5066982378874322,0.0010418839294909549
328,protein_embedding_entity_label_shuffle_plus_exact_degree_ppi_label_shuffle,4,>4,2717,0.4997393407123304,0.005593510840850054
329,protein_embedding_entity_label_shuffle_plus_exact_degree_ppi_label_shuffle,0,1,12673,0.4967380957280083,0.0025871426443149627
329,protein_embedding_entity_label_shuffle_plus_exact_degree_ppi_label_shuffle,1,2,867216,0.5040211734025362,0.00031070379777349235
329,protein_embedding_entity_label_shuffle_plus_exact_degree_ppi_label_shuffle,2,3,727327,0.4971058399514627,0.0003380829859257729
329,protein_embedding_entity_label_shuffle_plus_exact_degree_ppi_label_shuffle,3,4,86944,0.4829904144727698,0.0009685140058873003
329,protein_embedding_entity_label_shuffle_plus_exact_degree_ppi_label_shuffle,4,>4,3243,0.46529743336546936,0.004932082232464985
330,protein_embedding_entity_label_shuffle_plus_exact_degree_ppi_label_shuffle,0,1,12785,0.4980229042444279,0.0025423067521407926
330,protein_embedding_entity_label_shuffle_plus_exact_degree_ppi_label_shuffle,1,2,881506,0.499777934276699,0.00030560284688996276
330,protein_embedding_entity_label_shuffle_plus_exact_degree_ppi_label_shuffle,2,3,721413,0.5010518419873634,0.00034172595742384656
330,protein_embedding_entity_label_shuffle_plus_exact_degree_ppi_label_shuffle,3,4,77733,0.49181782448744615,0.0010592667101607318
330,protein_embedding_entity_label_shuffle_plus_exact_degree_ppi_label_shuffle,4,>4,2124,0.494891992088221,0.006193380265378095
331,protein_embedding_entity_label_shuffle_plus_exact_degree_ppi_label_shuffle,0,1,12720,0.5051932574029866,0.00257467094549197
331,protein_embedding_entity_label_shuffle_plus_exact_degree_ppi_label_shuffle,1,2,881162,0.49838503292548086,0.0003066484683640328
331,protein_embedding_entity_label_shuffle_plus_exact_degree_ppi_label_shuffle,2,3,711816,0.49999278550771925,0.0003430954552354463
331,protein_embedding_entity_label_shuffle_plus_exact_degree_ppi_label_shuffle,3,4,82973,0.5147755365308984,0.001003768728189871
331,protein_embedding_entity_label_shuffle_plus_exact_degree_ppi_label_shuffle,4,>4,6890,0.5794495176845418,0.0033467110078941992
332,protein_embedding_entity_label_shuffle_plus_exact_degree_ppi_label_shuffle,0,1,12644,0.5050145539645536,0.0025438460214942463
332,protein_embedding_entity_label_shuffle_plus_exact_degree_ppi_label_shuffle,1,2,893885,0.49767080669913166,0.00030678967918505734
332,protein_embedding_entity_label_shuffle_plus_exact_degree_ppi_label_shuffle,2,3,708781,0.5026978745020172,0.00034199039090496055
332,protein_embedding_entity_label_shuffle_plus_exact_degree_ppi_label_shuffle,3,4,76268,0.4927149845594509,0.0010147995695731708
332,protein_embedding_entity_label_shuffle_plus_exact_degree_ppi_label_shuffle,4,>4,2142,0.46590769933735504,0.0055041422797065045
333,protein_embedding_entity_label_shuffle_plus_exact_degree_ppi_label_shuffle,0,1,12850,0.5045290002815052,0.0025030065957604643
333,protein_embedding_entity_label_shuffle_plus_exact_degree_ppi_label_shuffle,1,2,881166,0.5039522924632991,0.0003067100524392912
333,protein_embedding_entity_label_shuffle_plus_exact_degree_ppi_label_shuffle,2,3,724257,0.4978607115824666,0.0003391654567290049
333,protein_embedding_entity_label_shuffle_plus_exact_degree_ppi_label_shuffle,3,4,76673,0.4814046571330466,0.0010679672369687274
333,protein_embedding_entity_label_shuffle_plus_exact_degree_ppi_label_shuffle,4,>4,2457,0.40481574393964154,0.005899883939699951
334,protein_embedding_entity_label_shuffle_plus_exact_degree_ppi_label_shuffle,0,1,12708,0.5038788667483081,0.00254173455305432
334,protein_embedding_entity_label_shuffle_plus_exact_degree_ppi_label_shuffle,1,2,899461,0.5003679503076132,0.000304526402703774
334,protein_embedding_entity_label_shuffle_plus_exact_degree_ppi_label_shuffle,2,3,707299,0.49667441574992516,0.00034280474820317346
334,protein_embedding_entity_label_shuffle_plus_exact_degree_ppi_label_shuffle,3,4,75441,0.5050240098285692,0.0010513737295652517
334,protein_embedding_entity_label_shuffle_plus_exact_degree_ppi_label_shuffle,4,>4,2494,0.488163134255335,0.005356813435466444
335,protein_embedding_entity_label_shuffle_plus_exact_degree_ppi_label_shuffle,0,1,12865,0.48508978364457717,0.0025206586548034973
335,protein_embedding_entity_label_shuffle_plus_exact_degree_ppi_label_shuffle,1,2,878488,0.49727733666453433,0.000305526647239421
335,protein_embedding_entity_label_shuffle_plus_exact_degree_ppi_label_shuffle,2,3,713233,0.5040336559179361,0.0003435411147738718
335,protein_embedding_entity_label_shuffle_plus_exact_degree_ppi_label_shuffle,3,4,80869,0.5030540347292269,0.0010375477345521832
335,protein_embedding_entity_label_shuffle_plus_exact_degree_ppi_label_shuffle,4,>4,6425,0.4954232211274712,0.003556433726079236
336,protein_embedding_entity_label_shuffle_plus_exact_degree_ppi_label_shuffle,0,1,12815,0.5242158970106396,0.0025538980827968824
336,protein_embedding_entity_label_shuffle_plus_exact_degree_ppi_label_shuffle,1,2,882666,0.5048591737312605,0.0003074273874480704
336,protein_embedding_entity_label_shuffle_plus_exact_degree_ppi_label_shuffle,2,3,705514,0.4932941330460621,0.00034319350348885775
336,protein_embedding_entity_label_shuffle_plus_exact_degree_ppi_label_shuffle,3,4,87467,0.507346206457744,0.0009800218294574836
336,protein_embedding_entity_label_shuffle_plus_exact_degree_ppi_label_shuffle,4,>4,7099,0.5057420543187858,0.003461425340179666
337,protein_embedding_entity_label_shuffle_plus_exact_degree_ppi_label_shuffle,0,1,12933,0.49283412080558275,0.002526455844856407
337,protein_embedding_entity_label_shuffle_plus_exact_degree_ppi_label_shuffle,1,2,892251,0.5002952021787009,0.0003062276698879775
337,protein_embedding_entity_label_shuffle_plus_exact_degree_ppi_label_shuffle,2,3,689972,0.499715846301181,0.0003466086429103501
337,protein_embedding_entity_label_shuffle_plus_exact_degree_ppi_label_shuffle,3,4,92930,0.5073625378453464,0.0009412086960217618
337,protein_embedding_entity_label_shuffle_plus_exact_degree_ppi_label_shuffle,4,>4,7475,0.5999719230253143,0.003055292988753762
338,protein_embedding_entity_label_shuffle_plus_exact_degree_ppi_label_shuffle,0,1,12850,0.5234420931948688,0.0025466668208265894
338,protein_embedding_entity_label_shuffle_plus_exact_degree_ppi_label_shuffle,1,2,881734,0.501434120248956,0.0003064682496478709
338,protein_embedding_entity_label_shuffle_plus_exact_degree_ppi_label_shuffle,2,3,713209,0.49674543373664287,0.0003421511354602048
338,protein_embedding_entity_label_shuffle_plus_exact_degree_ppi_label_shuffle,3,4,84422,0.5036455230649285,0.00101075440085616
338,protein_embedding_entity_label_shuffle_plus_exact_degree_ppi_label_shuffle,4,>4,5188,0.4768676917345535,0.004105878185598452
339,protein_embedding_entity_label_shuffle_plus_exact_degree_ppi_label_shuffle,0,1,12839,0.4846372425545656,0.0025963478727260327
339,protein_embedding_entity_label_shuffle_plus_exact_degree_ppi_label_shuffle,1,2,857404,0.49884822876000856,0.0003113159956420614
339,protein_embedding_entity_label_shuffle_plus_exact_degree_ppi_label_shuffle,2,3,731567,0.5002486339617604,0.00033796080630734256
339,protein_embedding_entity_label_shuffle_plus_exact_degree_ppi_label_shuffle,3,4,88074,0.5074635231824289,0.0009816934130489339
339,protein_embedding_entity_label_shuffle_plus_exact_degree_ppi_label_shuffle,4,>4,5677,0.5927550088471037,0.003747769148221438
340,protein_embedding_entity_label_shuffle_plus_exact_degree_ppi_label_shuffle,0,1,12711,0.5195962453619942,0.0025639500139160525
340,protein_embedding_entity_label_shuffle_plus_exact_degree_ppi_label_shuffle,1,2,876915,0.500511081502993,0.00031016883584329507
340,protein_embedding_entity_label_shuffle_plus_exact_degree_ppi_label_shuffle,2,3,724503,0.49904237967846665,0.0003373506337730608
340,protein_embedding_entity_label_shuffle_plus_exact_degree_ppi_label_shuffle,3,4,77926,0.49647113993062125,0.0010053762237251602
340,protein_embedding_entity_label_shuffle_plus_exact_degree_ppi_label_shuffle,4,>4,3506,0.4477197419905405,0.004340656898478092
341,protein_embedding_entity_label_shuffle_plus_exact_degree_ppi_label_shuffle,0,1,12690,0.4978285173306723,0.0025865780619016713
341,protein_embedding_entity_label_shuffle_plus_exact_degree_ppi_label_shuffle,1,2,907127,0.5009459680227388,0.00030424482832383857
341,protein_embedding_entity_label_shuffle_plus_exact_degree_ppi_label_shuffle,2,3,688753,0.49862563363557494,0.0003460151153623845
341,protein_embedding_entity_label_shuffle_plus_exact_degree_ppi_label_shuffle,3,4,84008,0.49339546800000306,0.0009977461676509488
341,protein_embedding_entity_label_shuffle_plus_exact_degree_ppi_label_shuffle,4,>4,4825,0.5884658932320371,0.00441253438959142
342,protein_embedding_entity_label_shuffle_plus_exact_degree_ppi_label_shuffle,0,1,12686,0.5117652372725441,0.002561278642028914
342,protein_embedding_entity_label_shuffle_plus_exact_degree_ppi_label_shuffle,1,2,886886,0.5010836873932962,0.0003054468384865994
342,protein_embedding_entity_label_shuffle_plus_exact_degree_ppi_label_shuffle,2,3,713817,0.49784482750449327,0.00034301068892393736
342,protein_embedding_entity_label_shuffle_plus_exact_degree_ppi_label_shuffle,3,4,78333,0.5105902154168191,0.0010391802387002356
342,protein_embedding_entity_label_shuffle_plus_exact_degree_ppi_label_shuffle,4,>4,3839,0.6416871368985102,0.004595144826438381
343,protein_embedding_entity_label_shuffle_plus_exact_degree_ppi_label_shuffle,0,1,12691,0.4961956372878834,0.002531616039975182
343,protein_embedding_entity_label_shuffle_plus_exact_degree_ppi_label_shuffle,1,2,884460,0.49549661492547986,0.0003062380993083971
343,protein_embedding_entity_label_shuffle_plus_exact_degree_ppi_label_shuffle,2,3,702224,0.5019011928745564,0.0003442601866072111
343,protein_embedding_entity_label_shuffle_plus_exact_degree_ppi_label_shuffle,3,4,91515,0.5139560217150918,0.0009605329484308851
343,protein_embedding_entity_label_shuffle_plus_exact_degree_ppi_label_shuffle,4,>4,2830,0.5470582014541812,0.005487135898331776
344,protein_embedding_entity_label_shuffle_plus_exact_degree_ppi_label_shuffle,0,1,12698,0.47518612125634263,0.0025476325413234173
344,protein_embedding_entity_label_shuffle_plus_exact_degree_ppi_label_shuffle,1,2,898730,0.49787850360007957,0.0003029711068617982
344,protein_embedding_entity_label_shuffle_plus_exact_degree_ppi_label_shuffle,2,3,696934,0.5005676643512553,0.00034698848350179004
344,protein_embedding_entity_label_shuffle_plus_exact_degree_ppi_label_shuffle,3,4,77567,0.49996589734952024,0.0010409452140325208
344,protein_embedding_entity_label_shuffle_plus_exact_degree_ppi_label_shuffle,4,>4,4112,0.5820689304277871,0.004658192330770151
345,protein_embedding_entity_label_shuffle_plus_exact_degree_ppi_label_shuffle,0,1,12823,0.4860652815162068,0.002555184439910137
345,protein_embedding_entity_label_shuffle_plus_exact_degree_ppi_label_shuffle,1,2,891675,0.4979636110564921,0.00030450787204670083
345,protein_embedding_entity_label_shuffle_plus_exact_degree_ppi_label_shuffle,2,3,712673,0.5031404348624422,0.00034297527051645833
345,protein_embedding_entity_label_shuffle_plus_exact_degree_ppi_label_shuffle,3,4,76402,0.5012331804598256,0.0010648917452257749
345,protein_embedding_entity_label_shuffle_plus_exact_degree_ppi_label_shuffle,4,>4,1988,0.5312814481925499,0.006886537570353072
346,protein_embedding_entity_label_shuffle_plus_exact_degree_ppi_label_shuffle,0,1,12612,0.5079357775927256,0.0025337915356996926
346,protein_embedding_entity_label_shuffle_plus_exact_degree_ppi_label_shuffle,1,2,889041,0.5019000936342011,0.0003043359225666145
346,protein_embedding_entity_label_shuffle_plus_exact_degree_ppi_label_shuffle,2,3,710385,0.49877297018972744,0.0003436704062840735
346,protein_embedding_entity_label_shuffle_plus_exact_degree_ppi_label_shuffle,3,4,78990,0.5025528287651754,0.0010579828107329737
346,protein_embedding_entity_label_shuffle_plus_exact_degree_ppi_label_shuffle,4,>4,2692,0.4825871186485916,0.0058644697137540365
347,protein_embedding_entity_label_shuffle_plus_exact_degree_ppi_label_shuffle,0,1,12767,0.5130664623183703,0.0025897439003994263
347,protein_embedding_entity_label_shuffle_plus_exact_degree_ppi_label_shuffle,1,2,866222,0.49857641040426265,0.00031126620004582657
347,protein_embedding_entity_label_shuffle_plus_exact_degree_ppi_label_shuffle,2,3,729752,0.49880386756773265,0.0003359977057813554
347,protein_embedding_entity_label_shuffle_plus_exact_degree_ppi_label_shuffle,3,4,82995,0.5096330143618667,0.0010055368732751796
347,protein_embedding_entity_label_shuffle_plus_exact_degree_ppi_label_shuffle,4,>4,3825,0.6524162784711782,0.004710238078514112
348,protein_embedding_entity_label_shuffle_plus_exact_degree_ppi_label_shuffle,0,1,12810,0.48748047627224855,0.0025470463705220877
348,protein_embedding_entity_label_shuffle_plus_exact_degree_ppi_label_shuffle,1,2,911892,0.4979171764183635,0.0003027556978857449
348,protein_embedding_entity_label_shuffle_plus_exact_degree_ppi_label_shuffle,2,3,692555,0.5012067294319568,0.00034674667042572485
348,protein_embedding_entity_label_shuffle_plus_exact_degree_ppi_label_shuffle,3,4,75273,0.5018996358449603,0.001033483474182572
348,protein_embedding_entity_label_shuffle_plus_exact_degree_ppi_label_shuffle,4,>4,3031,0.4978277698805372,0.0047019141067913
349,protein_embedding_entity_label_shuffle_plus_exact_degree_ppi_label_shuffle,0,1,12864,0.51251557764532,0.0025223395117848903
349,protein_embedding_entity_label_shuffle_plus_exact_degree_ppi_label_shuffle,1,2,887077,0.5032127579429622,0.0003056961646142328
349,protein_embedding_entity_label_shuffle_plus_exact_degree_ppi_label_shuffle,2,3,712553,0.4989267267014837,0.0003431209538006252
349,protein_embedding_entity_label_shuffle_plus_exact_degree_ppi_label_shuffle,3,4,78563,0.4740274752066107,0.0010251425480529684
349,protein_embedding_entity_label_shuffle_plus_exact_degree_ppi_label_shuffle,4,>4,4504,0.38828730636471215,0.004283348686629941
350,protein_embedding_entity_label_shuffle_plus_exact_degree_ppi_label_shuffle,0,1,12812,0.48169872733398217,0.0025536969045878584
350,protein_embedding_entity_label_shuffle_plus_exact_degree_ppi_label_shuffle,1,2,863025,0.4999776371182652,0.0003108979324818151
350,protein_embedding_entity_label_shuffle_plus_exact_degree_ppi_label_shuffle,2,3,726470,0.4981179480550913,0.00033697528521104894
350,protein_embedding_entity_label_shuffle_plus_exact_degree_ppi_label_shuffle,3,4,88907,0.5144315503716665,0.0009986579752276528
350,protein_embedding_entity_label_shuffle_plus_exact_degree_ppi_label_shuffle,4,>4,2506,0.5978913351368136,0.00593402150393073
351,protein_embedding_entity_label_shuffle_plus_exact_degree_ppi_label_shuffle,0,1,12922,0.5024657270182517,0.0025757129319656834
351,protein_embedding_entity_label_shuffle_plus_exact_degree_ppi_label_shuffle,1,2,900265,0.5002766218482856,0.0003057720191935785
351,protein_embedding_entity_label_shuffle_plus_exact_degree_ppi_label_shuffle,2,3,696277,0.49813681885270744,0.0003433998721875166
351,protein_embedding_entity_label_shuffle_plus_exact_degree_ppi_label_shuffle,3,4,83391,0.5127496850594297,0.0010027873686929538
351,protein_embedding_entity_label_shuffle_plus_exact_degree_ppi_label_shuffle,4,>4,4548,0.4655927808841166,0.004388503835905309
352,protein_embedding_entity_label_shuffle_plus_exact_degree_ppi_label_shuffle,0,1,12866,0.48289234096361966,0.0025424793979340757
352,protein_embedding_entity_label_shuffle_plus_exact_degree_ppi_label_shuffle,1,2,894427,0.5014271065020817,0.0003058721945369881
352,protein_embedding_entity_label_shuffle_plus_exact_degree_ppi_label_shuffle,2,3,707271,0.496888140639968,0.0003425277451006782
352,protein_embedding_entity_label_shuffle_plus_exact_degree_ppi_label_shuffle,3,4,76524,0.5069233462945859,0.0010270949114282925
352,protein_embedding_entity_label_shuffle_plus_exact_degree_ppi_label_shuffle,4,>4,2633,0.5597115714123873,0.005323241059629512
353,protein_embedding_entity_label_shuffle_plus_exact_degree_ppi_label_shuffle,0,1,12715,0.5042199856944469,0.0025471513081174366
353,protein_embedding_entity_label_shuffle_plus_exact_degree_ppi_label_shuffle,1,2,881555,0.49844954773459493,0.0003087252640824132
353,protein_embedding_entity_label_shuffle_plus_exact_degree_ppi_label_shuffle,2,3,711769,0.49896565098927653,0.0003408316376428838
353,protein_embedding_entity_label_shuffle_plus_exact_degree_ppi_label_shuffle,3,4,86377,0.5027983345700336,0.0009696441391043475
353,protein_embedding_entity_label_shuffle_plus_exact_degree_ppi_label_shuffle,4,>4,3145,0.5081023978328013,0.004689792862290785
354,protein_embedding_entity_label_shuffle_plus_exact_degree_ppi_label_shuffle,0,1,12657,0.5059234101596399,0.002550000284982426
354,protein_embedding_entity_label_shuffle_plus_exact_degree_ppi_label_shuffle,1,2,877153,0.5003005478139049,0.00030964968255291464
354,protein_embedding_entity_label_shuffle_plus_exact_degree_ppi_label_shuffle,2,3,716940,0.4990816535620583,0.0003396713023043886
354,protein_embedding_entity_label_shuffle_plus_exact_degree_ppi_label_shuffle,3,4,84529,0.505233034824173,0.0009658753440402885
354,protein_embedding_entity_label_shuffle_plus_exact_degree_ppi_label_shuffle,4,>4,6124,0.5971358797531735,0.0037226248452611257
355,protein_embedding_entity_label_shuffle_plus_exact_degree_ppi_label_shuffle,0,1,12695,0.4943977325922887,0.0025055740486785534
355,protein_embedding_entity_label_shuffle_plus_exact_degree_ppi_label_shuffle,1,2,861260,0.4970842180510066,0.0003102958747472545
355,protein_embedding_entity_label_shuffle_plus_exact_degree_ppi_label_shuffle,2,3,733542,0.5032832754152513,0.0003377628738078429
355,protein_embedding_entity_label_shuffle_plus_exact_degree_ppi_label_shuffle,3,4,81864,0.5019774737679107,0.0010166161641763372
355,protein_embedding_entity_label_shuffle_plus_exact_degree_ppi_label_shuffle,4,>4,4359,0.4691429047783998,0.004110454731014988
356,protein_embedding_entity_label_shuffle_plus_exact_degree_ppi_label_shuffle,0,1,12782,0.5106985625099947,0.002591025084650096
356,protein_embedding_entity_label_shuffle_plus_exact_degree_ppi_label_shuffle,1,2,922585,0.5096931376264964,0.00030126856383555826
356,protein_embedding_entity_label_shuffle_plus_exact_degree_ppi_label_shuffle,2,3,681547,0.490167772274758,0.00034754014487274046
356,protein_embedding_entity_label_shuffle_plus_exact_degree_ppi_label_shuffle,3,4,73093,0.47691555036640615,0.0010782936233675558
356,protein_embedding_entity_label_shuffle_plus_exact_degree_ppi_label_shuffle,4,>4,5554,0.49218139384621123,0.0038108337254682276
357,protein_embedding_entity_label_shuffle_plus_exact_degree_ppi_label_shuffle,0,1,12511,0.5132321259730224,0.002588148690940501
357,protein_embedding_entity_label_shuffle_plus_exact_degree_ppi_label_shuffle,1,2,878000,0.503578219110703,0.00030887656825211434
357,protein_embedding_entity_label_shuffle_plus_exact_degree_ppi_label_shuffle,2,3,710525,0.49673169893975755,0.00034123324384356684
357,protein_embedding_entity_label_shuffle_plus_exact_degree_ppi_label_shuffle,3,4,90908,0.4881406257469618,0.0009586596733985543
357,protein_embedding_entity_label_shuffle_plus_exact_degree_ppi_label_shuffle,4,>4,3617,0.46311793238795385,0.004854180842197196
358,protein_embedding_entity_label_shuffle_plus_exact_degree_ppi_label_shuffle,0,1,12800,0.5215789852769527,0.002527746213355316
358,protein_embedding_entity_label_shuffle_plus_exact_degree_ppi_label_shuffle,1,2,899932,0.5004235819836169,0.000303134155489785
358,protein_embedding_entity_label_shuffle_plus_exact_degree_ppi_label_shuffle,2,3,698719,0.4995507172690021,0.00034651156979245744
358,protein_embedding_entity_label_shuffle_plus_exact_degree_ppi_label_shuffle,3,4,76700,0.4950429346973238,0.0010718987741937223
358,protein_embedding_entity_label_shuffle_plus_exact_degree_ppi_label_shuffle,4,>4,5569,0.5615039767736981,0.0036298217700616495
359,protein_embedding_entity_label_shuffle_plus_exact_degree_ppi_label_shuffle,0,1,12708,0.5174110951726321,0.0026315212211335576
359,protein_embedding_entity_label_shuffle_plus_exact_degree_ppi_label_shuffle,1,2,896372,0.5006747757067768,0.00030699001869253524
359,protein_embedding_entity_label_shuffle_plus_exact_degree_ppi_label_shuffle,2,3,692568,0.49910999294206865,0.0003454770399174349
359,protein_embedding_entity_label_shuffle_plus_exact_degree_ppi_label_shuffle,3,4,86629,0.5001032653570813,0.00094868250399281
359,protein_embedding_entity_label_shuffle_plus_exact_degree_ppi_label_shuffle,4,>4,7284,0.525454831306898,0.003204957235992543
360,protein_embedding_entity_label_shuffle_plus_exact_degree_ppi_label_shuffle,0,1,12825,0.5091463108304539,0.002566089137173627
360,protein_embedding_entity_label_shuffle_plus_exact_degree_ppi_label_shuffle,1,2,892318,0.5051084030202525,0.0003055901219973259
360,protein_embedding_entity_label_shuffle_plus_exact_degree_ppi_label_shuffle,2,3,706441,0.49662817421483674,0.0003435176956431085
360,protein_embedding_entity_label_shuffle_plus_exact_degree_ppi_label_shuffle,3,4,79836,0.4801164244597144,0.0010229099342665795
360,protein_embedding_entity_label_shuffle_plus_exact_degree_ppi_label_shuffle,4,>4,2300,0.5050586538343712,0.006515073642003534
361,protein_embedding_entity_label_shuffle_plus_exact_degree_ppi_label_shuffle,0,1,12682,0.5014691441236011,0.0025607544405506274
361,protein_embedding_entity_label_shuffle_plus_exact_degree_ppi_label_shuffle,1,2,916055,0.499077856618604,0.000302720409355988
361,protein_embedding_entity_label_shuffle_plus_exact_degree_ppi_label_shuffle,2,3,677590,0.49899572349157545,0.00034975540829141645
361,protein_embedding_entity_label_shuffle_plus_exact_degree_ppi_label_shuffle,3,4,80246,0.5117119377457838,0.001005449017373077
361,protein_embedding_entity_label_shuffle_plus_exact_degree_ppi_label_shuffle,4,>4,3468,0.4895162156359293,0.004798189116656523
362,protein_embedding_entity_label_shuffle_plus_exact_degree_ppi_label_shuffle,0,1,12869,0.4952070219538094,0.0025460831272260927
362,protein_embedding_entity_label_shuffle_plus_exact_degree_ppi_label_shuffle,1,2,900485,0.5009263614870737,0.0003033302568779938
362,protein_embedding_entity_label_shuffle_plus_exact_degree_ppi_label_shuffle,2,3,702803,0.4997160270337887,0.00034514635133631335
362,protein_embedding_entity_label_shuffle_plus_exact_degree_ppi_label_shuffle,3,4,72714,0.482275503405072,0.0010808633086351667
362,protein_embedding_entity_label_shuffle_plus_exact_degree_ppi_label_shuffle,4,>4,8532,0.5084350252667493,0.003211697997685068
363,protein_embedding_entity_label_shuffle_plus_exact_degree_ppi_label_shuffle,0,1,12955,0.49990802546235624,0.0025365332914457106
363,protein_embedding_entity_label_shuffle_plus_exact_degree_ppi_label_shuffle,1,2,872153,0.49936527509965173,0.0003105242611507411
363,protein_embedding_entity_label_shuffle_plus_exact_degree_ppi_label_shuffle,2,3,716350,0.502879455506609,0.000339799329448522
363,protein_embedding_entity_label_shuffle_plus_exact_degree_ppi_label_shuffle,3,4,88100,0.4783299885378982,0.0009604146673582649
363,protein_embedding_entity_label_shuffle_plus_exact_degree_ppi_label_shuffle,4,>4,6003,0.49686977547691646,0.003618408147691978
364,protein_embedding_entity_label_shuffle_plus_exact_degree_ppi_label_shuffle,0,1,12741,0.49126641450983,0.002552068532448474
364,protein_embedding_entity_label_shuffle_plus_exact_degree_ppi_label_shuffle,1,2,869301,0.502780418111009,0.00031100223165449507
364,protein_embedding_entity_label_shuffle_plus_exact_degree_ppi_label_shuffle,2,3,734631,0.4991619850894222,0.00033555755403634447
364,protein_embedding_entity_label_shuffle_plus_exact_degree_ppi_label_shuffle,3,4,76957,0.47938083906037965,0.001024130962297888
364,protein_embedding_entity_label_shuffle_plus_exact_degree_ppi_label_shuffle,4,>4,1931,0.4897701447792391,0.006533663695922
365,protein_embedding_entity_label_shuffle_plus_exact_degree_ppi_label_shuffle,0,1,12650,0.5057071111382125,0.002583593915465734
365,protein_embedding_entity_label_shuffle_plus_exact_degree_ppi_label_shuffle,1,2,885303,0.5068433674377615,0.00030829272531398394
365,protein_embedding_entity_label_shuffle_plus_exact_degree_ppi_label_shuffle,2,3,717089,0.4936036679622399,0.0003395498822048307
365,protein_embedding_entity_label_shuffle_plus_exact_degree_ppi_label_shuffle,3,4,75369,0.4921570090763144,0.0010294750877590418
365,protein_embedding_entity_label_shuffle_plus_exact_degree_ppi_label_shuffle,4,>4,1469,0.48828375161819587,0.00730389401074058
366,protein_embedding_entity_label_shuffle_plus_exact_degree_ppi_label_shuffle,0,1,12923,0.5178131708039498,0.0025190675994984446
366,protein_embedding_entity_label_shuffle_plus_exact_degree_ppi_label_shuffle,1,2,898734,0.49866839023898984,0.0003058537220132646
366,protein_embedding_entity_label_shuffle_plus_exact_degree_ppi_label_shuffle,2,3,713050,0.5003430067136035,0.00034064903879305584
366,protein_embedding_entity_label_shuffle_plus_exact_degree_ppi_label_shuffle,3,4,70545,0.5113536138929562,0.0010738852925518093
366,protein_embedding_entity_label_shuffle_plus_exact_degree_ppi_label_shuffle,4,>4,2151,0.5307131221767465,0.006088358655912224
367,protein_embedding_entity_label_shuffle_plus_exact_degree_ppi_label_shuffle,0,1,12628,0.4948934561377917,0.0025704070025981264
367,protein_embedding_entity_label_shuffle_plus_exact_degree_ppi_label_shuffle,1,2,886291,0.5045099565645613,0.00030745020634244884
367,protein_embedding_entity_label_shuffle_plus_exact_degree_ppi_label_shuffle,2,3,713423,0.4952945455970811,0.00034081711149225525
367,protein_embedding_entity_label_shuffle_plus_exact_degree_ppi_label_shuffle,3,4,80855,0.48547149914142584,0.001002072676196717
367,protein_embedding_entity_label_shuffle_plus_exact_degree_ppi_label_shuffle,4,>4,4206,0.5132789097921986,0.004322588346566289
368,protein_embedding_entity_label_shuffle_plus_exact_degree_ppi_label_shuffle,0,1,12598,0.4868019556054497,0.0025001727676522895
368,protein_embedding_entity_label_shuffle_plus_exact_degree_ppi_label_shuffle,1,2,894938,0.4945044028082652,0.00030379173901466666
368,protein_embedding_entity_label_shuffle_plus_exact_degree_ppi_label_shuffle,2,3,699973,0.5049594445086222,0.00034605632853669895
368,protein_embedding_entity_label_shuffle_plus_exact_degree_ppi_label_shuffle,3,4,81031,0.5211905581598931,0.0010203661761735597
368,protein_embedding_entity_label_shuffle_plus_exact_degree_ppi_label_shuffle,4,>4,5180,0.4657294838157733,0.00410512994361605
369,protein_embedding_entity_label_shuffle_plus_exact_degree_ppi_label_shuffle,0,1,12754,0.49608320965459146,0.0025745887889923754
369,protein_embedding_entity_label_shuffle_plus_exact_degree_ppi_label_shuffle,1,2,882808,0.5030118783011055,0.00030790176169139216
369,protein_embedding_entity_label_shuffle_plus_exact_degree_ppi_label_shuffle,2,3,709441,0.4962298767190627,0.0003427867657747663
369,protein_embedding_entity_label_shuffle_plus_exact_degree_ppi_label_shuffle,3,4,85573,0.504545397666079,0.0009709048187966332
369,protein_embedding_entity_label_shuffle_plus_exact_degree_ppi_label_shuffle,4,>4,3144,0.5228363750838668,0.005000965447906223
370,protein_embedding_entity_label_shuffle_plus_exact_degree_ppi_label_shuffle,0,1,12819,0.4939338546973718,0.0025397059226011415
370,protein_embedding_entity_label_shuffle_plus_exact_degree_ppi_label_shuffle,1,2,900133,0.49963571388258815,0.0003051753441893572
370,protein_embedding_entity_label_shuffle_plus_exact_degree_ppi_label_shuffle,2,3,692850,0.5036723120165475,0.00034586121181410514
370,protein_embedding_entity_label_shuffle_plus_exact_degree_ppi_label_shuffle,3,4,82951,0.4812446154156734,0.0009857052296525998
370,protein_embedding_entity_label_shuffle_plus_exact_degree_ppi_label_shuffle,4,>4,6808,0.4370538846783764,0.0033704630283852032
371,protein_embedding_entity_label_shuffle_plus_exact_degree_ppi_label_shuffle,0,1,12679,0.4903021215002912,0.0025275648266838316
371,protein_embedding_entity_label_shuffle_plus_exact_degree_ppi_label_shuffle,1,2,922943,0.5009994518512454,0.00029934300190970155
371,protein_embedding_entity_label_shuffle_plus_exact_degree_ppi_label_shuffle,2,3,684510,0.49865223325735003,0.0003500017421283889
371,protein_embedding_entity_label_shuffle_plus_exact_degree_ppi_label_shuffle,3,4,72498,0.5113524411866439,0.0010981441035916972
371,protein_embedding_entity_label_shuffle_plus_exact_degree_ppi_label_shuffle,4,>4,2931,0.47595753207574043,0.005733861328110691
372,protein_embedding_entity_label_shuffle_plus_exact_degree_ppi_label_shuffle,0,1,12741,0.48967449114172973,0.002569202371845613
372,protein_embedding_entity_label_shuffle_plus_exact_degree_ppi_label_shuffle,1,2,901753,0.49849460224612596,0.0003052998808339243
372,protein_embedding_entity_label_shuffle_plus_exact_degree_ppi_label_shuffle,2,3,696521,0.5015582422541723,0.00034462219148849964
372,protein_embedding_entity_label_shuffle_plus_exact_degree_ppi_label_shuffle,3,4,81082,0.5072656814841051,0.0010022786308010823
372,protein_embedding_entity_label_shuffle_plus_exact_degree_ppi_label_shuffle,4,>4,5306,0.44672123068368763,0.004017832705498202
373,protein_embedding_entity_label_shuffle_plus_exact_degree_ppi_label_shuffle,0,1,12795,0.5114148861533853,0.0025385948733131413
373,protein_embedding_entity_label_shuffle_plus_exact_degree_ppi_label_shuffle,1,2,916296,0.5044260054204469,0.00030033466004994106
373,protein_embedding_entity_label_shuffle_plus_exact_degree_ppi_label_shuffle,2,3,689458,0.4943450738979335,0.0003484448352611974
373,protein_embedding_entity_label_shuffle_plus_exact_degree_ppi_label_shuffle,3,4,72726,0.49448891210103335,0.001091828516125398
373,protein_embedding_entity_label_shuffle_plus_exact_degree_ppi_label_shuffle,4,>4,2445,0.43707620538625847,0.0060118478255888055
374,protein_embedding_entity_label_shuffle_plus_exact_degree_ppi_label_shuffle,0,1,12531,0.4921808117215002,0.0025625778764458273
374,protein_embedding_entity_label_shuffle_plus_exact_degree_ppi_label_shuffle,1,2,899564,0.5011094748787231,0.0003035318148063301
374,protein_embedding_entity_label_shuffle_plus_exact_degree_ppi_label_shuffle,2,3,698906,0.49885695215733916,0.0003460754269971613
374,protein_embedding_entity_label_shuffle_plus_exact_degree_ppi_label_shuffle,3,4,81999,0.49583197401654294,0.0010190429460481176
374,protein_embedding_entity_label_shuffle_plus_exact_degree_ppi_label_shuffle,4,>4,2561,0.5070270970408796,0.006177078696430248
375,protein_embedding_entity_label_shuffle_plus_exact_degree_ppi_label_shuffle,0,1,12816,0.4838516252122746,0.0025794346246980717
375,protein_embedding_entity_label_shuffle_plus_exact_degree_ppi_label_shuffle,1,2,878467,0.4997359434689101,0.0003102642447539033
375,protein_embedding_entity_label_shuffle_plus_exact_degree_ppi_label_shuffle,2,3,716767,0.5017782509616263,0.00033954471644780364
375,protein_embedding_entity_label_shuffle_plus_exact_degree_ppi_label_shuffle,3,4,85199,0.5009321296388297,0.0009545503166020287
375,protein_embedding_entity_label_shuffle_plus_exact_degree_ppi_label_shuffle,4,>4,4154,0.4640262627252323,0.004067844315214645
376,protein_embedding_entity_label_shuffle_plus_exact_degree_ppi_label_shuffle,0,1,13012,0.5270129128483356,0.002600581352713004
376,protein_embedding_entity_label_shuffle_plus_exact_degree_ppi_label_shuffle,1,2,906318,0.5051685970581815,0.000305793931843083
376,protein_embedding_entity_label_shuffle_plus_exact_degree_ppi_label_shuffle,2,3,700390,0.49472413576321533,0.00034110435549287776
376,protein_embedding_entity_label_shuffle_plus_exact_degree_ppi_label_shuffle,3,4,72893,0.4871382670232237,0.0010414414194510554
376,protein_embedding_entity_label_shuffle_plus_exact_degree_ppi_label_shuffle,4,>4,2948,0.4056627686783946,0.0052448367358418554
377,protein_embedding_entity_label_shuffle_plus_exact_degree_ppi_label_shuffle,0,1,12738,0.4949783571897839,0.0025225051544702933
377,protein_embedding_entity_label_shuffle_plus_exact_degree_ppi_label_shuffle,1,2,906851,0.49747610005972887,0.00030250793992385433
377,protein_embedding_entity_label_shuffle_plus_exact_degree_ppi_label_shuffle,2,3,682458,0.5047789881259127,0.00035037106652209185
377,protein_embedding_entity_label_shuffle_plus_exact_degree_ppi_label_shuffle,3,4,87777,0.4946736970106046,0.0009828680801000063
377,protein_embedding_entity_label_shuffle_plus_exact_degree_ppi_label_shuffle,4,>4,5737,0.4796730841622084,0.003710858525129949
378,protein_embedding_entity_label_shuffle_plus_exact_degree_ppi_label_shuffle,0,1,12709,0.5099019239392761,0.002558245822510329
378,protein_embedding_entity_label_shuffle_plus_exact_degree_ppi_label_shuffle,1,2,879432,0.5049974536890719,0.00030666602440454114
378,protein_embedding_entity_label_shuffle_plus_exact_degree_ppi_label_shuffle,2,3,710472,0.4962538131995847,0.0003441963647808386
378,protein_embedding_entity_label_shuffle_plus_exact_degree_ppi_label_shuffle,3,4,86754,0.48199268663141337,0.0009741568175621028
378,protein_embedding_entity_label_shuffle_plus_exact_degree_ppi_label_shuffle,4,>4,4353,0.508388461880724,0.004155146223319545
379,protein_embedding_entity_label_shuffle_plus_exact_degree_ppi_label_shuffle,0,1,12678,0.5115441336220131,0.002547797653522444
379,protein_embedding_entity_label_shuffle_plus_exact_degree_ppi_label_shuffle,1,2,917191,0.4964153005033381,0.0002991387566736896
379,protein_embedding_entity_label_shuffle_plus_exact_degree_ppi_label_shuffle,2,3,683567,0.5034989896078808,0.0003513762005378138
379,protein_embedding_entity_label_shuffle_plus_exact_degree_ppi_label_shuffle,3,4,79239,0.5113317415003183,0.0010585162866484023
379,protein_embedding_entity_label_shuffle_plus_exact_degree_ppi_label_shuffle,4,>4,4728,0.5569592563212304,0.0040073871012465965
380,protein_embedding_entity_label_shuffle_plus_exact_degree_ppi_label_shuffle,0,1,12601,0.5005030019746854,0.0025271129562850127
380,protein_embedding_entity_label_shuffle_plus_exact_degree_ppi_label_shuffle,1,2,872232,0.49925228997519616,0.00030801640249515004
380,protein_embedding_entity_label_shuffle_plus_exact_degree_ppi_label_shuffle,2,3,724093,0.5024069868214373,0.00034030987638736015
380,protein_embedding_entity_label_shuffle_plus_exact_degree_ppi_label_shuffle,3,4,83588,0.49585486772614756,0.001013197312482844
380,protein_embedding_entity_label_shuffle_plus_exact_degree_ppi_label_shuffle,4,>4,3047,0.5379649653687726,0.005412161939842449
381,protein_embedding_entity_label_shuffle_plus_exact_degree_ppi_label_shuffle,0,1,13023,0.5224401068476785,0.0026107662743845607
381,protein_embedding_entity_label_shuffle_plus_exact_degree_ppi_label_shuffle,1,2,881682,0.5025896654167885,0.00030998775231572915
381,protein_embedding_entity_label_shuffle_plus_exact_degree_ppi_label_shuffle,2,3,708382,0.4951024035283562,0.00033977643384260493
381,protein_embedding_entity_label_shuffle_plus_exact_degree_ppi_label_shuffle,3,4,90895,0.4957030058142313,0.0009322678974067587
381,protein_embedding_entity_label_shuffle_plus_exact_degree_ppi_label_shuffle,4,>4,3421,0.5575617726930232,0.004664904503332494
382,protein_embedding_entity_label_shuffle_plus_exact_degree_ppi_label_shuffle,0,1,12848,0.503995462765225,0.002564707076313169
382,protein_embedding_entity_label_shuffle_plus_exact_degree_ppi_label_shuffle,1,2,904179,0.5053482593460586,0.00030274943818923403
382,protein_embedding_entity_label_shuffle_plus_exact_degree_ppi_label_shuffle,2,3,691983,0.49691313745661125,0.00034800018727401075
382,protein_embedding_entity_label_shuffle_plus_exact_degree_ppi_label_shuffle,3,4,80884,0.48443768830424716,0.0010207739265977779
382,protein_embedding_entity_label_shuffle_plus_exact_degree_ppi_label_shuffle,4,>4,3826,0.48745366395879336,0.004465897057515984
383,protein_embedding_entity_label_shuffle_plus_exact_degree_ppi_label_shuffle,0,1,12972,0.5130473155179704,0.0025222463199582328
383,protein_embedding_entity_label_shuffle_plus_exact_degree_ppi_label_shuffle,1,2,875955,0.5022107640416719,0.00030833113647216166
383,protein_embedding_entity_label_shuffle_plus_exact_degree_ppi_label_shuffle,2,3,711471,0.495957702512258,0.0003417076627949389
383,protein_embedding_entity_label_shuffle_plus_exact_degree_ppi_label_shuffle,3,4,92823,0.49593076961040244,0.0009506172676287193
383,protein_embedding_entity_label_shuffle_plus_exact_degree_ppi_label_shuffle,4,>4,4182,0.6356574788542044,0.00456520641137444
384,protein_embedding_entity_label_shuffle_plus_exact_degree_ppi_label_shuffle,0,1,12806,0.5006512212507379,0.0025417324922386575
384,protein_embedding_entity_label_shuffle_plus_exact_degree_ppi_label_shuffle,1,2,874634,0.49516385831244414,0.0003071602128043455
384,protein_embedding_entity_label_shuffle_plus_exact_degree_ppi_label_shuffle,2,3,721858,0.5058878641354738,0.00034145146250861744
384,protein_embedding_entity_label_shuffle_plus_exact_degree_ppi_label_shuffle,3,4,76483,0.5069454530525298,0.0010538960463779014
384,protein_embedding_entity_label_shuffle_plus_exact_degree_ppi_label_shuffle,4,>4,7939,0.4066287739884433,0.0030823310508269553
385,protein_embedding_entity_label_shuffle_plus_exact_degree_ppi_label_shuffle,0,1,12824,0.4850386894385383,0.0025307241651501156
385,protein_embedding_entity_label_shuffle_plus_exact_degree_ppi_label_shuffle,1,2,890508,0.49903264942910897,0.00030408112953489555
385,protein_embedding_entity_label_shuffle_plus_exact_degree_ppi_label_shuffle,2,3,709484,0.4998792384016798,0.00034573813302273606
385,protein_embedding_entity_label_shuffle_plus_exact_degree_ppi_label_shuffle,3,4,81375,0.5080502819542329,0.001009562361552347
385,protein_embedding_entity_label_shuffle_plus_exact_degree_ppi_label_shuffle,4,>4,3212,0.5901382103700402,0.005111202226999572
386,protein_embedding_entity_label_shuffle_plus_exact_degree_ppi_label_shuffle,0,1,12889,0.48287668642343623,0.0024927738401156587
386,protein_embedding_entity_label_shuffle_plus_exact_degree_ppi_label_shuffle,1,2,920892,0.49761071495156317,0.0002995721895430051
386,protein_embedding_entity_label_shuffle_plus_exact_degree_ppi_label_shuffle,2,3,685664,0.502810477696267,0.0003507408316512794
386,protein_embedding_entity_label_shuffle_plus_exact_degree_ppi_label_shuffle,3,4,72537,0.5102296201894948,0.0010788533455438109
386,protein_embedding_entity_label_shuffle_plus_exact_degree_ppi_label_shuffle,4,>4,3579,0.49765435916813044,0.004340763839974211
387,protein_embedding_entity_label_shuffle_plus_exact_degree_ppi_label_shuffle,0,1,12903,0.5176564896075609,0.0025792750754741727
387,protein_embedding_entity_label_shuffle_plus_exact_degree_ppi_label_shuffle,1,2,883717,0.5015983767466511,0.0003087863441339478
387,protein_embedding_entity_label_shuffle_plus_exact_degree_ppi_label_shuffle,2,3,716802,0.4992761404736413,0.00033943530388234926
387,protein_embedding_entity_label_shuffle_plus_exact_degree_ppi_label_shuffle,3,4,79394,0.4895626598416601,0.0010068761080627014
387,protein_embedding_entity_label_shuffle_plus_exact_degree_ppi_label_shuffle,4,>4,4587,0.4526187444348288,0.0038272248066092067
388,protein_embedding_entity_label_shuffle_plus_exact_degree_ppi_label_shuffle,0,1,12876,0.49189376323118333,0.0025361228096671623
388,protein_embedding_entity_label_shuffle_plus_exact_degree_ppi_label_shuffle,1,2,888224,0.5014517076888982,0.0003059644744444143
388,protein_embedding_entity_label_shuffle_plus_exact_degree_ppi_label_shuffle,2,3,718204,0.4999457333457921,0.00034103569324624194
388,protein_embedding_entity_label_shuffle_plus_exact_degree_ppi_label_shuffle,3,4,75737,0.4817889814088301,0.0010496325400094894
388,protein_embedding_entity_label_shuffle_plus_exact_degree_ppi_label_shuffle,4,>4,2362,0.4526427878196374,0.005579237261362198
389,protein_embedding_entity_label_shuffle_plus_exact_degree_ppi_label_shuffle,0,1,12715,0.5101682044438413,0.0025652895981250973
389,protein_embedding_entity_label_shuffle_plus_exact_degree_ppi_label_shuffle,1,2,876015,0.4946653255335803,0.0003074700464455814
389,protein_embedding_entity_label_shuffle_plus_exact_degree_ppi_label_shuffle,2,3,722090,0.506086573662645,0.0003396391025383872
389,protein_embedding_entity_label_shuffle_plus_exact_degree_ppi_label_shuffle,3,4,77637,0.5106648421270511,0.0010588698412418716
389,protein_embedding_entity_label_shuffle_plus_exact_degree_ppi_label_shuffle,4,>4,1584,0.5156770670652365,0.00788771141991676
390,protein_embedding_entity_label_shuffle_plus_exact_degree_ppi_label_shuffle,0,1,12913,0.4828840939937343,0.002488357877141997
390,protein_embedding_entity_label_shuffle_plus_exact_degree_ppi_label_shuffle,1,2,894682,0.5019101410430187,0.00030618183942358624
390,protein_embedding_entity_label_shuffle_plus_exact_degree_ppi_label_shuffle,2,3,688240,0.49950190636080466,0.00034645158120053806
390,protein_embedding_entity_label_shuffle_plus_exact_degree_ppi_label_shuffle,3,4,91838,0.48677747558818446,0.0009507580186185617
390,protein_embedding_entity_label_shuffle_plus_exact_degree_ppi_label_shuffle,4,>4,7888,0.5448385985520179,0.003295202666487156
391,protein_embedding_entity_label_shuffle_plus_exact_degree_ppi_label_shuffle,0,1,12756,0.5123322261931181,0.002543997387511777
391,protein_embedding_entity_label_shuffle_plus_exact_degree_ppi_label_shuffle,1,2,913989,0.5035565976129391,0.0003023768138288986
391,protein_embedding_entity_label_shuffle_plus_exact_degree_ppi_label_shuffle,2,3,701115,0.49370809458553777,0.0003432681136852387
391,protein_embedding_entity_label_shuffle_plus_exact_degree_ppi_label_shuffle,3,4,67863,0.49914586945505246,0.0010977732724326249
391,protein_embedding_entity_label_shuffle_plus_exact_degree_ppi_label_shuffle,4,>4,1680,0.5417672933079053,0.0075216392457292764
392,protein_embedding_entity_label_shuffle_plus_exact_degree_ppi_label_shuffle,0,1,12590,0.5046067106492622,0.002600134165743267
392,protein_embedding_entity_label_shuffle_plus_exact_degree_ppi_label_shuffle,1,2,876808,0.497047229514008,0.0003083367623288438
392,protein_embedding_entity_label_shuffle_plus_exact_degree_ppi_label_shuffle,2,3,716624,0.49958044547575514,0.0003400378005839974
392,protein_embedding_entity_label_shuffle_plus_exact_degree_ppi_label_shuffle,3,4,85791,0.5280160591129114,0.00098974276464811
392,protein_embedding_entity_label_shuffle_plus_exact_degree_ppi_label_shuffle,4,>4,5590,0.5093696859559759,0.003654601703952384
393,protein_embedding_entity_label_shuffle_plus_exact_degree_ppi_label_shuffle,0,1,12842,0.5061908369331439,0.002525068606839046
393,protein_embedding_entity_label_shuffle_plus_exact_degree_ppi_label_shuffle,1,2,870563,0.49715293315686176,0.00030802583620621795
393,protein_embedding_entity_label_shuffle_plus_exact_degree_ppi_label_shuffle,2,3,725579,0.5046361076155209,0.0003404161439931991
393,protein_embedding_entity_label_shuffle_plus_exact_degree_ppi_label_shuffle,3,4,84396,0.4961692482215651,0.000995676960893392
393,protein_embedding_entity_label_shuffle_plus_exact_degree_ppi_label_shuffle,4,>4,4023,0.393865550526468,0.004332350283580364
394,protein_embedding_entity_label_shuffle_plus_exact_degree_ppi_label_shuffle,0,1,12822,0.49363102067455933,0.0025003306984372137
394,protein_embedding_entity_label_shuffle_plus_exact_degree_ppi_label_shuffle,1,2,896193,0.49237787988950826,0.0003011634949401477
394,protein_embedding_entity_label_shuffle_plus_exact_degree_ppi_label_shuffle,2,3,701338,0.5075000470841358,0.00034783459668109824
394,protein_embedding_entity_label_shuffle_plus_exact_degree_ppi_label_shuffle,3,4,84240,0.510380724161418,0.0010270472856185923
394,protein_embedding_entity_label_shuffle_plus_exact_degree_ppi_label_shuffle,4,>4,2810,0.5076568480575389,0.005665215743694505
395,protein_embedding_entity_label_shuffle_plus_exact_degree_ppi_label_shuffle,0,1,12603,0.5119457736262202,0.0026011167147441823
395,protein_embedding_entity_label_shuffle_plus_exact_degree_ppi_label_shuffle,1,2,903693,0.5021332017253345,0.00030348925686414
395,protein_embedding_entity_label_shuffle_plus_exact_degree_ppi_label_shuffle,2,3,700875,0.49713250619501537,0.00034465943947754396
395,protein_embedding_entity_label_shuffle_plus_exact_degree_ppi_label_shuffle,3,4,76389,0.49135971540353557,0.0010501732144210898
395,protein_embedding_entity_label_shuffle_plus_exact_degree_ppi_label_shuffle,4,>4,3843,0.5395690626171473,0.0044674588524249575
396,protein_embedding_entity_label_shuffle_plus_exact_degree_ppi_label_shuffle,0,1,12925,0.48822592145315735,0.0025259562726247385
396,protein_embedding_entity_label_shuffle_plus_exact_degree_ppi_label_shuffle,1,2,920848,0.5019681345609862,0.00030130077143027714
396,protein_embedding_entity_label_shuffle_plus_exact_degree_ppi_label_shuffle,2,3,685110,0.4973549528264499,0.00034838123723934735
396,protein_embedding_entity_label_shuffle_plus_exact_degree_ppi_label_shuffle,3,4,72840,0.5065173959232329,0.0010517846332027344
396,protein_embedding_entity_label_shuffle_plus_exact_degree_ppi_label_shuffle,4,>4,1997,0.5359730017127299,0.005950723672862549
397,protein_embedding_entity_label_shuffle_plus_exact_degree_ppi_label_shuffle,0,1,12609,0.5183889077482291,0.0025625117846966297
397,protein_embedding_entity_label_shuffle_plus_exact_degree_ppi_label_shuffle,1,2,914699,0.5074727487727699,0.0003033308635872408
397,protein_embedding_entity_label_shuffle_plus_exact_degree_ppi_label_shuffle,2,3,675785,0.49075320353216073,0.00034911454494120184
397,protein_embedding_entity_label_shuffle_plus_exact_degree_ppi_label_shuffle,3,4,87155,0.47488778725216263,0.0009400603005277843
397,protein_embedding_entity_label_shuffle_plus_exact_degree_ppi_label_shuffle,4,>4,3472,0.43659209000579663,0.004376686035169602
398,protein_embedding_entity_label_shuffle_plus_exact_degree_ppi_label_shuffle,0,1,12777,0.506325515608681,0.0025664596381975357
398,protein_embedding_entity_label_shuffle_plus_exact_degree_ppi_label_shuffle,1,2,862780,0.5002903432032969,0.00031202980213561
398,protein_embedding_entity_label_shuffle_plus_exact_degree_ppi_label_shuffle,2,3,721229,0.5017475160826969,0.00033903610643237916
398,protein_embedding_entity_label_shuffle_plus_exact_degree_ppi_label_shuffle,3,4,94216,0.4853691976742916,0.0009269195150830907
398,protein_embedding_entity_label_shuffle_plus_exact_degree_ppi_label_shuffle,4,>4,6401,0.4913017979952555,0.0036106526468336645
399,protein_embedding_entity_label_shuffle_plus_exact_degree_ppi_label_shuffle,0,1,12468,0.5157147015857004,0.002563897976226781
399,protein_embedding_entity_label_shuffle_plus_exact_degree_ppi_label_shuffle,1,2,893874,0.49901386042824125,0.00030576149236870737
399,protein_embedding_entity_label_shuffle_plus_exact_degree_ppi_label_shuffle,2,3,701690,0.5000851341581898,0.00034377137091560366
399,protein_embedding_entity_label_shuffle_plus_exact_degree_ppi_label_shuffle,3,4,86129,0.5118745529529134,0.0009857733901868324
399,protein_embedding_entity_label_shuffle_plus_exact_degree_ppi_label_shuffle,4,>4,3242,0.5272878639730578,0.005321959382113704
400,protein_embedding_entity_label_shuffle_plus_exact_degree_ppi_label_shuffle,0,1,12887,0.5177174898003081,0.0025571662984431925
400,protein_embedding_entity_label_shuffle_plus_exact_degree_ppi_label_shuffle,1,2,882020,0.5035256052142878,0.00030908736237208166
400,protein_embedding_entity_label_shuffle_plus_exact_degree_ppi_label_shuffle,2,3,714569,0.4982851042233227,0.00033906082735083684
400,protein_embedding_entity_label_shuffle_plus_exact_degree_ppi_label_shuffle,3,4,80145,0.4808689712908068,0.0010125325606200146
400,protein_embedding_entity_label_shuffle_plus_exact_degree_ppi_label_shuffle,4,>4,7782,0.48237182714541327,0.003161341056011476
401,protein_embedding_entity_label_shuffle_plus_exact_degree_ppi_label_shuffle,0,1,12793,0.4950370394828453,0.0025255375037164947
401,protein_embedding_entity_label_shuffle_plus_exact_degree_ppi_label_shuffle,1,2,857923,0.49205351434721245,0.0003104364803026239
401,protein_embedding_entity_label_shuffle_plus_exact_degree_ppi_label_shuffle,2,3,737662,0.506259360521135,0.00033695656104121453
401,protein_embedding_entity_label_shuffle_plus_exact_degree_ppi_label_shuffle,3,4,84469,0.5104694114275765,0.0009923074871844224
401,protein_embedding_entity_label_shuffle_plus_exact_degree_ppi_label_shuffle,4,>4,4556,0.6466822258261034,0.004332623523560711
402,protein_embedding_entity_label_shuffle_plus_exact_degree_ppi_label_shuffle,0,1,12756,0.48965718685970683,0.0025588552760863327
402,protein_embedding_entity_label_shuffle_plus_exact_degree_ppi_label_shuffle,1,2,852814,0.4998238959604213,0.0003112527796876037
402,protein_embedding_entity_label_shuffle_plus_exact_degree_ppi_label_shuffle,2,3,731374,0.502097158896061,0.00033876316508865033
402,protein_embedding_entity_label_shuffle_plus_exact_degree_ppi_label_shuffle,3,4,92583,0.49553479071989376,0.0009580626755877327
402,protein_embedding_entity_label_shuffle_plus_exact_degree_ppi_label_shuffle,4,>4,4193,0.4942366076439438,0.0043201135354582944
403,protein_embedding_entity_label_shuffle_plus_exact_degree_ppi_label_shuffle,0,1,12691,0.5104874611863233,0.002529621439613117
403,protein_embedding_entity_label_shuffle_plus_exact_degree_ppi_label_shuffle,1,2,886108,0.5009304102341077,0.0003074408602313032
403,protein_embedding_entity_label_shuffle_plus_exact_degree_ppi_label_shuffle,2,3,710760,0.4977614631643665,0.000341432899344313
403,protein_embedding_entity_label_shuffle_plus_exact_degree_ppi_label_shuffle,3,4,82840,0.5058512865108671,0.00100112135642485
403,protein_embedding_entity_label_shuffle_plus_exact_degree_ppi_label_shuffle,4,>4,3162,0.5115032991529292,0.005164039110988749
404,protein_embedding_entity_label_shuffle_plus_exact_degree_ppi_label_shuffle,0,1,12830,0.5078866904222638,0.0025779975297356666
404,protein_embedding_entity_label_shuffle_plus_exact_degree_ppi_label_shuffle,1,2,892982,0.49675130400510037,0.00030478023416703206
404,protein_embedding_entity_label_shuffle_plus_exact_degree_ppi_label_shuffle,2,3,705499,0.5012396091510115,0.0003441174514446496
404,protein_embedding_entity_label_shuffle_plus_exact_degree_ppi_label_shuffle,3,4,81793,0.5059690498648574,0.0010093345534539242
404,protein_embedding_entity_label_shuffle_plus_exact_degree_ppi_label_shuffle,4,>4,4299,0.6165315354415376,0.004129321465404473
405,protein_embedding_entity_label_shuffle_plus_exact_degree_ppi_label_shuffle,0,1,12832,0.4991640383976574,0.0025077884855866242
405,protein_embedding_entity_label_shuffle_plus_exact_degree_ppi_label_shuffle,1,2,898864,0.5035648367946305,0.0003037556335153929
405,protein_embedding_entity_label_shuffle_plus_exact_degree_ppi_label_shuffle,2,3,702466,0.4978545995808119,0.0003447942162195229
405,protein_embedding_entity_label_shuffle_plus_exact_degree_ppi_label_shuffle,3,4,79587,0.4814950145593009,0.001027989763762147
405,protein_embedding_entity_label_shuffle_plus_exact_degree_ppi_label_shuffle,4,>4,3654,0.4224508684629286,0.0049312626834167135
406,protein_embedding_entity_label_shuffle_plus_exact_degree_ppi_label_shuffle,0,1,12572,0.5019113813583213,0.0026184883720428266
406,protein_embedding_entity_label_shuffle_plus_exact_degree_ppi_label_shuffle,1,2,889199,0.5018211777379491,0.0003074733559640605
406,protein_embedding_entity_label_shuffle_plus_exact_degree_ppi_label_shuffle,2,3,707614,0.5013228972610152,0.0003416552473132366
406,protein_embedding_entity_label_shuffle_plus_exact_degree_ppi_label_shuffle,3,4,83619,0.4720736484312462,0.0009740464637142399
406,protein_embedding_entity_label_shuffle_plus_exact_degree_ppi_label_shuffle,4,>4,4399,0.4165499274503337,0.004210103567785419
407,protein_embedding_entity_label_shuffle_plus_exact_degree_ppi_label_shuffle,0,1,12859,0.5181178262910806,0.002590542011015273
407,protein_embedding_entity_label_shuffle_plus_exact_degree_ppi_label_shuffle,1,2,919700,0.5047179685239929,0.00030039639618306116
407,protein_embedding_entity_label_shuffle_plus_exact_degree_ppi_label_shuffle,2,3,684640,0.4931664571724924,0.0003482495800400306
407,protein_embedding_entity_label_shuffle_plus_exact_degree_ppi_label_shuffle,3,4,72892,0.4997343663207805,0.0010982448057335766
407,protein_embedding_entity_label_shuffle_plus_exact_degree_ppi_label_shuffle,4,>4,5470,0.5903022437528395,0.004070174653912977
408,protein_embedding_entity_label_shuffle_plus_exact_degree_ppi_label_shuffle,0,1,12675,0.4927291684036448,0.002595704469673145
408,protein_embedding_entity_label_shuffle_plus_exact_degree_ppi_label_shuffle,1,2,883164,0.4978643610390511,0.0003070621150962209
408,protein_embedding_entity_label_shuffle_plus_exact_degree_ppi_label_shuffle,2,3,705121,0.5019646293008144,0.00034358027616319356
408,protein_embedding_entity_label_shuffle_plus_exact_degree_ppi_label_shuffle,3,4,91317,0.4981471215351275,0.0009698442476950136
408,protein_embedding_entity_label_shuffle_plus_exact_degree_ppi_label_shuffle,4,>4,3284,0.47680593180542297,0.004987778313751319
409,protein_embedding_entity_label_shuffle_plus_exact_degree_ppi_label_shuffle,0,1,12833,0.5072767231877237,0.002569519902730197
409,protein_embedding_entity_label_shuffle_plus_exact_degree_ppi_label_shuffle,1,2,878716,0.5071951646931729,0.0003088678203678719
409,protein_embedding_entity_label_shuffle_plus_exact_degree_ppi_label_shuffle,2,3,707473,0.49282490150769054,0.00034196486111998505
409,protein_embedding_entity_label_shuffle_plus_exact_degree_ppi_label_shuffle,3,4,93509,0.4846074986710599,0.0009416700568979134
409,protein_embedding_entity_label_shuffle_plus_exact_degree_ppi_label_shuffle,4,>4,3030,0.489591812353018,0.005291595954856438
410,protein_embedding_entity_label_shuffle_plus_exact_degree_ppi_label_shuffle,0,1,12643,0.512648392827028,0.002649951314376476
410,protein_embedding_entity_label_shuffle_plus_exact_degree_ppi_label_shuffle,1,2,898634,0.5020420651087742,0.00030428463188471083
410,protein_embedding_entity_label_shuffle_plus_exact_degree_ppi_label_shuffle,2,3,700935,0.49634367217832565,0.00034402731224678
410,protein_embedding_entity_label_shuffle_plus_exact_degree_ppi_label_shuffle,3,4,77890,0.5027253478212556,0.001045796597003322
410,protein_embedding_entity_label_shuffle_plus_exact_degree_ppi_label_shuffle,4,>4,5459,0.5538175790741756,0.003980628400552604
411,protein_embedding_entity_label_shuffle_plus_exact_degree_ppi_label_shuffle,0,1,12798,0.5045055683872944,0.0025670840879655965
411,protein_embedding_entity_label_shuffle_plus_exact_degree_ppi_label_shuffle,1,2,885096,0.5021694623824958,0.00030620278377455214
411,protein_embedding_entity_label_shuffle_plus_exact_degree_ppi_label_shuffle,2,3,708586,0.5007572115448029,0.00034411054489962077
411,protein_embedding_entity_label_shuffle_plus_exact_degree_ppi_label_shuffle,3,4,87229,0.4768783378889093,0.0009682220782821209
411,protein_embedding_entity_label_shuffle_plus_exact_degree_ppi_label_shuffle,4,>4,3694,0.4454565056639303,0.004349804098165758
412,protein_embedding_entity_label_shuffle_plus_exact_degree_ppi_label_shuffle,0,1,12913,0.5041364376582785,0.0026038977853171438
412,protein_embedding_entity_label_shuffle_plus_exact_degree_ppi_label_shuffle,1,2,905046,0.5043916643979927,0.0003038195286886046
412,protein_embedding_entity_label_shuffle_plus_exact_degree_ppi_label_shuffle,2,3,688677,0.4960367015907508,0.00034674408886295217
412,protein_embedding_entity_label_shuffle_plus_exact_degree_ppi_label_shuffle,3,4,83979,0.4847615631148434,0.0010022057488421688
412,protein_embedding_entity_label_shuffle_plus_exact_degree_ppi_label_shuffle,4,>4,4946,0.537164255479274,0.0041811062001231615
413,protein_embedding_entity_label_shuffle_plus_exact_degree_ppi_label_shuffle,0,1,12668,0.48296724178992556,0.0025156554602366087
413,protein_embedding_entity_label_shuffle_plus_exact_degree_ppi_label_shuffle,1,2,872725,0.4976452703669633,0.000308524310270285
413,protein_embedding_entity_label_shuffle_plus_exact_degree_ppi_label_shuffle,2,3,731997,0.5031799247771774,0.0003384537410554955
413,protein_embedding_entity_label_shuffle_plus_exact_degree_ppi_label_shuffle,3,4,76162,0.5024329101899503,0.0010439825298166402
413,protein_embedding_entity_label_shuffle_plus_exact_degree_ppi_label_shuffle,4,>4,3851,0.40765864042606065,0.0043982040790032356
414,protein_embedding_entity_label_shuffle_plus_exact_degree_ppi_label_shuffle,0,1,12967,0.5121593311120829,0.0025698478122207703
414,protein_embedding_entity_label_shuffle_plus_exact_degree_ppi_label_shuffle,1,2,886353,0.500999593615778,0.0003075339741533233
414,protein_embedding_entity_label_shuffle_plus_exact_degree_ppi_label_shuffle,2,3,711194,0.4991194675509221,0.0003410581612062509
414,protein_embedding_entity_label_shuffle_plus_exact_degree_ppi_label_shuffle,3,4,82910,0.5117908831990094,0.000997050800920243
414,protein_embedding_entity_label_shuffle_plus_exact_degree_ppi_label_shuffle,4,>4,2137,0.5107671661703266,0.006346767254870547
415,protein_embedding_entity_label_shuffle_plus_exact_degree_ppi_label_shuffle,0,1,12619,0.501184695395319,0.0026462995469037774
415,protein_embedding_entity_label_shuffle_plus_exact_degree_ppi_label_shuffle,1,2,909242,0.5010546683917301,0.00030268835652780897
415,protein_embedding_entity_label_shuffle_plus_exact_degree_ppi_label_shuffle,2,3,692354,0.49826892471065226,0.0003474390729232549
415,protein_embedding_entity_label_shuffle_plus_exact_degree_ppi_label_shuffle,3,4,77279,0.4926410295228175,0.0010273724852654278
415,protein_embedding_entity_label_shuffle_plus_exact_degree_ppi_label_shuffle,4,>4,4067,0.5499476228639467,0.004096731547460805
416,protein_embedding_entity_label_shuffle_plus_exact_degree_ppi_label_shuffle,0,1,12727,0.49861823446827697,0.0026151133162845906
416,protein_embedding_entity_label_shuffle_plus_exact_degree_ppi_label_shuffle,1,2,899697,0.500343366765878,0.00030558670244223686
416,protein_embedding_entity_label_shuffle_plus_exact_degree_ppi_label_shuffle,2,3,701669,0.5012618137272841,0.00034308757157493403
416,protein_embedding_entity_label_shuffle_plus_exact_degree_ppi_label_shuffle,3,4,78766,0.48610923750993856,0.0010180358129504767
416,protein_embedding_entity_label_shuffle_plus_exact_degree_ppi_label_shuffle,4,>4,2702,0.44691309212084035,0.00566982165599653
417,protein_embedding_entity_label_shuffle_plus_exact_degree_ppi_label_shuffle,0,1,12819,0.5047294180641713,0.00258724277492775
417,protein_embedding_entity_label_shuffle_plus_exact_degree_ppi_label_shuffle,1,2,845846,0.5002440087426301,0.0003155337613859137
417,protein_embedding_entity_label_shuffle_plus_exact_degree_ppi_label_shuffle,2,3,734161,0.5009655273154031,0.00033539344371419664
417,protein_embedding_entity_label_shuffle_plus_exact_degree_ppi_label_shuffle,3,4,97404,0.49448219576236546,0.0009093249499260282
417,protein_embedding_entity_label_shuffle_plus_exact_degree_ppi_label_shuffle,4,>4,5331,0.4257676503482702,0.003710632193741691
418,protein_embedding_entity_label_shuffle_plus_exact_degree_ppi_label_shuffle,0,1,12679,0.5023407941911301,0.002506139837181047
418,protein_embedding_entity_label_shuffle_plus_exact_degree_ppi_label_shuffle,1,2,885100,0.49824151825724333,0.00030469817594891787
418,protein_embedding_entity_label_shuffle_plus_exact_degree_ppi_label_shuffle,2,3,699080,0.5022032620893593,0.00034786243552924813
418,protein_embedding_entity_label_shuffle_plus_exact_degree_ppi_label_shuffle,3,4,88308,0.5018032514964988,0.000986377485306051
418,protein_embedding_entity_label_shuffle_plus_exact_degree_ppi_label_shuffle,4,>4,10394,0.5464412801738321,0.002815248981332068
419,protein_embedding_entity_label_shuffle_plus_exact_degree_ppi_label_shuffle,0,1,12754,0.5165706379139633,0.002632310153659228
419,protein_embedding_entity_label_shuffle_plus_exact_degree_ppi_label_shuffle,1,2,917472,0.5057569418818786,0.0003039405726752944
419,protein_embedding_entity_label_shuffle_plus_exact_degree_ppi_label_shuffle,2,3,684412,0.4933507540982093,0.00034567819620396977
419,protein_embedding_entity_label_shuffle_plus_exact_degree_ppi_label_shuffle,3,4,77580,0.49006232248455844,0.001007147739464265
419,protein_embedding_entity_label_shuffle_plus_exact_degree_ppi_label_shuffle,4,>4,3343,0.5180134129700767,0.004860521141064337
420,protein_embedding_entity_label_shuffle_plus_exact_degree_ppi_label_shuffle,0,1,12942,0.49896514268313547,0.0025647679549994787
420,protein_embedding_entity_label_shuffle_plus_exact_degree_ppi_label_shuffle,1,2,907953,0.49402678616443885,0.00030212652000297433
420,protein_embedding_entity_label_shuffle_plus_exact_degree_ppi_label_shuffle,2,3,691494,0.5079902131833258,0.00034817894289855664
420,protein_embedding_entity_label_shuffle_plus_exact_degree_ppi_label_shuffle,3,4,81917,0.4957579563826253,0.001009360397414624
420,protein_embedding_entity_label_shuffle_plus_exact_degree_ppi_label_shuffle,4,>4,3097,0.4533844974523509,0.005115881921586037
421,protein_embedding_entity_label_shuffle_plus_exact_degree_ppi_label_shuffle,0,1,12488,0.4978148305761172,0.0025551095106480515
421,protein_embedding_entity_label_shuffle_plus_exact_degree_ppi_label_shuffle,1,2,909912,0.5002535019453784,0.00030308396895050593
421,protein_embedding_entity_label_shuffle_plus_exact_degree_ppi_label_shuffle,2,3,694448,0.4997309306983122,0.0003457542284706153
421,protein_embedding_entity_label_shuffle_plus_exact_degree_ppi_label_shuffle,3,4,78179,0.4977243084956103,0.001034889110387178
421,protein_embedding_entity_label_shuffle_plus_exact_degree_ppi_label_shuffle,4,>4,2376,0.46923250676326195,0.005934164915105968
422,protein_embedding_entity_label_shuffle_plus_exact_degree_ppi_label_shuffle,0,1,12842,0.5100853146863948,0.002604738128927628
422,protein_embedding_entity_label_shuffle_plus_exact_degree_ppi_label_shuffle,1,2,850061,0.5018111461010857,0.0003127029958160528
422,protein_embedding_entity_label_shuffle_plus_exact_degree_ppi_label_shuffle,2,3,741905,0.496541808232528,0.0003345226553061706
422,protein_embedding_entity_label_shuffle_plus_exact_degree_ppi_label_shuffle,3,4,88011,0.49955073176483034,0.0009850816689209033
422,protein_embedding_entity_label_shuffle_plus_exact_degree_ppi_label_shuffle,4,>4,2742,0.525504056468435,0.005678034837280847
423,protein_embedding_entity_label_shuffle_plus_exact_degree_ppi_label_shuffle,0,1,12873,0.48904661652772297,0.0025134086778324715
423,protein_embedding_entity_label_shuffle_plus_exact_degree_ppi_label_shuffle,1,2,890146,0.5022326780567992,0.00030303663278047414
423,protein_embedding_entity_label_shuffle_plus_exact_degree_ppi_label_shuffle,2,3,705611,0.4982537043090059,0.0003466978562647313
423,protein_embedding_entity_label_shuffle_plus_exact_degree_ppi_label_shuffle,3,4,82040,0.49419322689834005,0.0010307663006865477
423,protein_embedding_entity_label_shuffle_plus_exact_degree_ppi_label_shuffle,4,>4,4891,0.5348127887379488,0.003916217931015779
424,protein_embedding_entity_label_shuffle_plus_exact_degree_ppi_label_shuffle,0,1,12815,0.503662217422921,0.002551938970901336
424,protein_embedding_entity_label_shuffle_plus_exact_degree_ppi_label_shuffle,1,2,894061,0.5023402368022409,0.0003039624859478826
424,protein_embedding_entity_label_shuffle_plus_exact_degree_ppi_label_shuffle,2,3,707713,0.4992223380597096,0.0003450830868533593
424,protein_embedding_entity_label_shuffle_plus_exact_degree_ppi_label_shuffle,3,4,80168,0.4776136010981762,0.0010112898502776513
424,protein_embedding_entity_label_shuffle_plus_exact_degree_ppi_label_shuffle,4,>4,2646,0.43487327040566437,0.005543920744430089
425,protein_embedding_entity_label_shuffle_plus_exact_degree_ppi_label_shuffle,0,1,12931,0.4962316819025858,0.0025212954596506815
425,protein_embedding_entity_label_shuffle_plus_exact_degree_ppi_label_shuffle,1,2,894319,0.49623667469686494,0.00030434266380576934
425,protein_embedding_entity_label_shuffle_plus_exact_degree_ppi_label_shuffle,2,3,702395,0.5032545293614705,0.0003460826391993851
425,protein_embedding_entity_label_shuffle_plus_exact_degree_ppi_label_shuffle,3,4,81814,0.5159046059987078,0.0009996425255681003
425,protein_embedding_entity_label_shuffle_plus_exact_degree_ppi_label_shuffle,4,>4,4102,0.5103055524330621,0.003987306457693816
426,protein_embedding_entity_label_shuffle_plus_exact_degree_ppi_label_shuffle,0,1,12887,0.5083448918792007,0.0025178439900133617
426,protein_embedding_entity_label_shuffle_plus_exact_degree_ppi_label_shuffle,1,2,879327,0.49547940895828696,0.00030762005367091026
426,protein_embedding_entity_label_shuffle_plus_exact_degree_ppi_label_shuffle,2,3,715623,0.5001287915393292,0.00034144060280885837
426,protein_embedding_entity_label_shuffle_plus_exact_degree_ppi_label_shuffle,3,4,85844,0.5383785286469023,0.0009810744129734085
426,protein_embedding_entity_label_shuffle_plus_exact_degree_ppi_label_shuffle,4,>4,3722,0.5943678114925994,0.004517139445912421
427,protein_embedding_entity_label_shuffle_plus_exact_degree_ppi_label_shuffle,0,1,12854,0.5151098785589465,0.0025471372060271607
427,protein_embedding_entity_label_shuffle_plus_exact_degree_ppi_label_shuffle,1,2,890418,0.5042650484095033,0.0003086058613639932
427,protein_embedding_entity_label_shuffle_plus_exact_degree_ppi_label_shuffle,2,3,710898,0.4945630314500005,0.00033958095826920403
427,protein_embedding_entity_label_shuffle_plus_exact_degree_ppi_label_shuffle,3,4,77961,0.49852961827528575,0.0010133355428809205
427,protein_embedding_entity_label_shuffle_plus_exact_degree_ppi_label_shuffle,4,>4,5272,0.49677996408845193,0.003745452222084372
428,protein_embedding_entity_label_shuffle_plus_exact_degree_ppi_label_shuffle,0,1,12900,0.5043568806057325,0.002536170872097967
428,protein_embedding_entity_label_shuffle_plus_exact_degree_ppi_label_shuffle,1,2,885717,0.4992156579393257,0.00030638694133065586
428,protein_embedding_entity_label_shuffle_plus_exact_degree_ppi_label_shuffle,2,3,711947,0.5012769555526891,0.0003431534985692855
428,protein_embedding_entity_label_shuffle_plus_exact_degree_ppi_label_shuffle,3,4,83746,0.49800938786444204,0.0009884617966295492
428,protein_embedding_entity_label_shuffle_plus_exact_degree_ppi_label_shuffle,4,>4,3093,0.47065333584412916,0.005255881283017745
429,protein_embedding_entity_label_shuffle_plus_exact_degree_ppi_label_shuffle,0,1,12990,0.5136673206264569,0.002520893556006916
429,protein_embedding_entity_label_shuffle_plus_exact_degree_ppi_label_shuffle,1,2,910468,0.4998286015948496,0.000303323671948137
429,protein_embedding_entity_label_shuffle_plus_exact_degree_ppi_label_shuffle,2,3,686943,0.5019886541272266,0.00034794880887651465
429,protein_embedding_entity_label_shuffle_plus_exact_degree_ppi_label_shuffle,3,4,78273,0.4913936168508778,0.001015415832589802
429,protein_embedding_entity_label_shuffle_plus_exact_degree_ppi_label_shuffle,4,>4,3206,0.4635125845911595,0.004748803530696332
430,protein_embedding_entity_label_shuffle_plus_exact_degree_ppi_label_shuffle,0,1,12649,0.4992759801244608,0.0025486754917704176
430,protein_embedding_entity_label_shuffle_plus_exact_degree_ppi_label_shuffle,1,2,868526,0.5037432290596816,0.0003096903053517159
430,protein_embedding_entity_label_shuffle_plus_exact_degree_ppi_label_shuffle,2,3,719762,0.49696749902420073,0.00034074443955027446
430,protein_embedding_entity_label_shuffle_plus_exact_degree_ppi_label_shuffle,3,4,89483,0.4987190526311593,0.000965137664523994
430,protein_embedding_entity_label_shuffle_plus_exact_degree_ppi_label_shuffle,4,>4,3300,0.4821310608941532,0.004774363231238605
431,protein_embedding_entity_label_shuffle_plus_exact_degree_ppi_label_shuffle,0,1,12594,0.4933603777141371,0.00259107325998557
431,protein_embedding_entity_label_shuffle_plus_exact_degree_ppi_label_shuffle,1,2,878078,0.5033243007086665,0.00030872594907334816
431,protein_embedding_entity_label_shuffle_plus_exact_degree_ppi_label_shuffle,2,3,720556,0.4948866034445807,0.00033836856479482465
431,protein_embedding_entity_label_shuffle_plus_exact_degree_ppi_label_shuffle,3,4,81859,0.4962658755178687,0.0010080162809512783
431,protein_embedding_entity_label_shuffle_plus_exact_degree_ppi_label_shuffle,4,>4,2474,0.6083706201496183,0.006247198793097678
432,protein_embedding_entity_label_shuffle_plus_exact_degree_ppi_label_shuffle,0,1,12706,0.5137750113598217,0.00251188612705088
432,protein_embedding_entity_label_shuffle_plus_exact_degree_ppi_label_shuffle,1,2,896435,0.5033877729544174,0.0003034329385194857
432,protein_embedding_entity_label_shuffle_plus_exact_degree_ppi_label_shuffle,2,3,700016,0.4948441552101332,0.0003464249503603126
432,protein_embedding_entity_label_shuffle_plus_exact_degree_ppi_label_shuffle,3,4,80997,0.5051428131434458,0.001041769755628376
432,protein_embedding_entity_label_shuffle_plus_exact_degree_ppi_label_shuffle,4,>4,5407,0.5400768611318006,0.0039394662577149145
433,protein_embedding_entity_label_shuffle_plus_exact_degree_ppi_label_shuffle,0,1,12813,0.5120417002788668,0.0025579558660943367
433,protein_embedding_entity_label_shuffle_plus_exact_degree_ppi_label_shuffle,1,2,901080,0.502430843993242,0.00030338272215492043
433,protein_embedding_entity_label_shuffle_plus_exact_degree_ppi_label_shuffle,2,3,708279,0.49520021980823786,0.00034338358283649137
433,protein_embedding_entity_label_shuffle_plus_exact_degree_ppi_label_shuffle,3,4,70797,0.5017441664603897,0.0010970657821309934
433,protein_embedding_entity_label_shuffle_plus_exact_degree_ppi_label_shuffle,4,>4,2592,0.5399654344541442,0.005841707468329594
434,protein_embedding_entity_label_shuffle_plus_exact_degree_ppi_label_shuffle,0,1,12906,0.4879925870665641,0.0025803175913502287
434,protein_embedding_entity_label_shuffle_plus_exact_degree_ppi_label_shuffle,1,2,887200,0.5009575695699805,0.0003081071645364522
434,protein_embedding_entity_label_shuffle_plus_exact_degree_ppi_label_shuffle,2,3,698334,0.4942028386398269,0.00034155395473683703
434,protein_embedding_entity_label_shuffle_plus_exact_degree_ppi_label_shuffle,3,4,93833,0.5275134219855355,0.0009554522262095552
434,protein_embedding_entity_label_shuffle_plus_exact_degree_ppi_label_shuffle,4,>4,5130,0.5901616304584911,0.004162867132990251
435,protein_embedding_entity_label_shuffle_plus_exact_degree_ppi_label_shuffle,0,1,13018,0.5082210491238766,0.002539594284981356
435,protein_embedding_entity_label_shuffle_plus_exact_degree_ppi_label_shuffle,1,2,902401,0.49928298632587004,0.00030359373024917044
435,protein_embedding_entity_label_shuffle_plus_exact_degree_ppi_label_shuffle,2,3,696342,0.49908137332310026,0.00034620943687176293
435,protein_embedding_entity_label_shuffle_plus_exact_degree_ppi_label_shuffle,3,4,81616,0.518638102648088,0.0010141333871081907
435,protein_embedding_entity_label_shuffle_plus_exact_degree_ppi_label_shuffle,4,>4,4026,0.44314408171449465,0.004689951998049414
436,protein_embedding_entity_label_shuffle_plus_exact_degree_ppi_label_shuffle,0,1,12912,0.4797717970202097,0.0024929151129085302
436,protein_embedding_entity_label_shuffle_plus_exact_degree_ppi_label_shuffle,1,2,885530,0.4988465446950964,0.0003057184348388068
436,protein_embedding_entity_label_shuffle_plus_exact_degree_ppi_label_shuffle,2,3,712468,0.5007598937449529,0.0003426289320445617
436,protein_embedding_entity_label_shuffle_plus_exact_degree_ppi_label_shuffle,3,4,77294,0.4994867958338132,0.0010585229338973766
436,protein_embedding_entity_label_shuffle_plus_exact_degree_ppi_label_shuffle,4,>4,3676,0.4664355315956055,0.004764451955129599
437,protein_embedding_entity_label_shuffle_plus_exact_degree_ppi_label_shuffle,0,1,12860,0.49368514514976525,0.0025568786522832516
437,protein_embedding_entity_label_shuffle_plus_exact_degree_ppi_label_shuffle,1,2,887955,0.5014060480819261,0.0003065974645532334
437,protein_embedding_entity_label_shuffle_plus_exact_degree_ppi_label_shuffle,2,3,708033,0.4974759988859668,0.000342730378001871
437,protein_embedding_entity_label_shuffle_plus_exact_degree_ppi_label_shuffle,3,4,82444,0.5006869043473493,0.0010059350954373758
437,protein_embedding_entity_label_shuffle_plus_exact_degree_ppi_label_shuffle,4,>4,4269,0.5183248799823493,0.004442526920565173
438,protein_embedding_entity_label_shuffle_plus_exact_degree_ppi_label_shuffle,0,1,12721,0.49930579456171903,0.0025664593800453542
438,protein_embedding_entity_label_shuffle_plus_exact_degree_ppi_label_shuffle,1,2,894870,0.4988241923350675,0.0003029573341945448
438,protein_embedding_entity_label_shuffle_plus_exact_degree_ppi_label_shuffle,2,3,705029,0.5005684091840523,0.00034544621517829485
438,protein_embedding_entity_label_shuffle_plus_exact_degree_ppi_label_shuffle,3,4,81545,0.5182507346283648,0.0010491452503753151
438,protein_embedding_entity_label_shuffle_plus_exact_degree_ppi_label_shuffle,4,>4,3238,0.5108946968232686,0.005425699901120673
439,protein_embedding_entity_label_shuffle_plus_exact_degree_ppi_label_shuffle,0,1,12813,0.513217280796805,0.0025598917646029104
439,protein_embedding_entity_label_shuffle_plus_exact_degree_ppi_label_shuffle,1,2,900258,0.502861892489811,0.00030589654080521555
439,protein_embedding_entity_label_shuffle_plus_exact_degree_ppi_label_shuffle,2,3,698871,0.4965610804533658,0.00034233978590752557
439,protein_embedding_entity_label_shuffle_plus_exact_degree_ppi_label_shuffle,3,4,79300,0.4844380928607515,0.0010165312229146102
439,protein_embedding_entity_label_shuffle_plus_exact_degree_ppi_label_shuffle,4,>4,2479,0.41676647333904815,0.005740187759461709
440,protein_embedding_entity_label_shuffle_plus_exact_degree_ppi_label_shuffle,0,1,12860,0.49437559427164746,0.002512928067831024
440,protein_embedding_entity_label_shuffle_plus_exact_degree_ppi_label_shuffle,1,2,915078,0.4992164565709326,0.0003012826465350674
440,protein_embedding_entity_label_shuffle_plus_exact_degree_ppi_label_shuffle,2,3,690650,0.5005333075539503,0.00034748857737330153
440,protein_embedding_entity_label_shuffle_plus_exact_degree_ppi_label_shuffle,3,4,74275,0.49292792884447545,0.0010587552187400252
440,protein_embedding_entity_label_shuffle_plus_exact_degree_ppi_label_shuffle,4,>4,2698,0.4360528614225087,0.005498446817280652
441,protein_embedding_entity_label_shuffle_plus_exact_degree_ppi_label_shuffle,0,1,12458,0.4819104304710231,0.0025897494776774763
441,protein_embedding_entity_label_shuffle_plus_exact_degree_ppi_label_shuffle,1,2,886894,0.497588564235071,0.0003077298606875826
441,protein_embedding_entity_label_shuffle_plus_exact_degree_ppi_label_shuffle,2,3,710417,0.5026767697609746,0.0003411410829124538
441,protein_embedding_entity_label_shuffle_plus_exact_degree_ppi_label_shuffle,3,4,84093,0.5081623684535554,0.0009775925601488644
441,protein_embedding_entity_label_shuffle_plus_exact_degree_ppi_label_shuffle,4,>4,3541,0.5268172724278672,0.004758773959780602
442,protein_embedding_entity_label_shuffle_plus_exact_degree_ppi_label_shuffle,0,1,12817,0.5041037562057983,0.0025619332211618746
442,protein_embedding_entity_label_shuffle_plus_exact_degree_ppi_label_shuffle,1,2,879407,0.49619694784410834,0.00030652780511825257
442,protein_embedding_entity_label_shuffle_plus_exact_degree_ppi_label_shuffle,2,3,725571,0.5060365103464107,0.0003403159684738306
442,protein_embedding_entity_label_shuffle_plus_exact_degree_ppi_label_shuffle,3,4,75001,0.5009855172851838,0.001060974799774128
442,protein_embedding_entity_label_shuffle_plus_exact_degree_ppi_label_shuffle,4,>4,4607,0.48655110066752927,0.004264294734460869
443,protein_embedding_entity_label_shuffle_plus_exact_degree_ppi_label_shuffle,0,1,12640,0.478858148599325,0.0024883491251511715
443,protein_embedding_entity_label_shuffle_plus_exact_degree_ppi_label_shuffle,1,2,890782,0.49992431555271993,0.00030510156654758137
443,protein_embedding_entity_label_shuffle_plus_exact_degree_ppi_label_shuffle,2,3,712870,0.498508994596044,0.00034260085000969455
443,protein_embedding_entity_label_shuffle_plus_exact_degree_ppi_label_shuffle,3,4,77221,0.5154171885158926,0.0010501742427316309
443,protein_embedding_entity_label_shuffle_plus_exact_degree_ppi_label_shuffle,4,>4,2048,0.5562268599663254,0.006357326868291561
444,protein_embedding_entity_label_shuffle_plus_exact_degree_ppi_label_shuffle,0,1,12624,0.4901560392136699,0.00250484632378261
444,protein_embedding_entity_label_shuffle_plus_exact_degree_ppi_label_shuffle,1,2,907710,0.4978585915138248,0.00030138915319551015
444,protein_embedding_entity_label_shuffle_plus_exact_degree_ppi_label_shuffle,2,3,691394,0.5046429635157086,0.0003495968975843735
444,protein_embedding_entity_label_shuffle_plus_exact_degree_ppi_label_shuffle,3,4,76344,0.49219693685169763,0.0010557112080937622
444,protein_embedding_entity_label_shuffle_plus_exact_degree_ppi_label_shuffle,4,>4,5648,0.43828909117987186,0.003733284310216216
445,protein_embedding_entity_label_shuffle_plus_exact_degree_ppi_label_shuffle,0,1,12743,0.49412892845133255,0.0025546726304952914
445,protein_embedding_entity_label_shuffle_plus_exact_degree_ppi_label_shuffle,1,2,896106,0.5003982043116358,0.00030461855830411896
445,protein_embedding_entity_label_shuffle_plus_exact_degree_ppi_label_shuffle,2,3,696579,0.5012372605071909,0.00034690872498928344
445,protein_embedding_entity_label_shuffle_plus_exact_degree_ppi_label_shuffle,3,4,87002,0.4947043915012928,0.0009662032656122632
445,protein_embedding_entity_label_shuffle_plus_exact_degree_ppi_label_shuffle,4,>4,4973,0.45507968095053714,0.003909717762783936
446,protein_embedding_entity_label_shuffle_plus_exact_degree_ppi_label_shuffle,0,1,12677,0.5017532486458318,0.002558298254691226
446,protein_embedding_entity_label_shuffle_plus_exact_degree_ppi_label_shuffle,1,2,876264,0.5000288250591934,0.00031079783092179364
446,protein_embedding_entity_label_shuffle_plus_exact_degree_ppi_label_shuffle,2,3,727534,0.4994330934861678,0.00033625936550033106
446,protein_embedding_entity_label_shuffle_plus_exact_degree_ppi_label_shuffle,3,4,75402,0.4930354042431799,0.001019124276763777
446,protein_embedding_entity_label_shuffle_plus_exact_degree_ppi_label_shuffle,4,>4,1843,0.4534551806486807,0.006160957643415789
447,protein_embedding_entity_label_shuffle_plus_exact_degree_ppi_label_shuffle,0,1,12870,0.5265344034126551,0.0026184433857865475
447,protein_embedding_entity_label_shuffle_plus_exact_degree_ppi_label_shuffle,1,2,917169,0.49941205390544735,0.0003032126733328531
447,protein_embedding_entity_label_shuffle_plus_exact_degree_ppi_label_shuffle,2,3,681678,0.4950394376151791,0.0003446914691780139
447,protein_embedding_entity_label_shuffle_plus_exact_degree_ppi_label_shuffle,3,4,69419,0.5242209904138926,0.0011086874647122259
447,protein_embedding_entity_label_shuffle_plus_exact_degree_ppi_label_shuffle,4,>4,8905,0.5755541291284932,0.0031406965416047243
448,protein_embedding_entity_label_shuffle_plus_exact_degree_ppi_label_shuffle,0,1,12954,0.482761458398768,0.002490232266308922
448,protein_embedding_entity_label_shuffle_plus_exact_degree_ppi_label_shuffle,1,2,887435,0.5018928430611611,0.0003065907110352102
448,protein_embedding_entity_label_shuffle_plus_exact_degree_ppi_label_shuffle,2,3,714527,0.4978362346150719,0.0003411024647637456
448,protein_embedding_entity_label_shuffle_plus_exact_degree_ppi_label_shuffle,3,4,78774,0.5019020488349369,0.001035027279970363
448,protein_embedding_entity_label_shuffle_plus_exact_degree_ppi_label_shuffle,4,>4,1871,0.5326111779448406,0.007106247593721006
449,protein_embedding_entity_label_shuffle_plus_exact_degree_ppi_label_shuffle,0,1,12860,0.5295342905798358,0.0025449875049354154
449,protein_embedding_entity_label_shuffle_plus_exact_degree_ppi_label_shuffle,1,2,885046,0.5086569950501738,0.00030730486457804294
449,protein_embedding_entity_label_shuffle_plus_exact_degree_ppi_label_shuffle,2,3,709381,0.4914490013676151,0.00034175377296904476
449,protein_embedding_entity_label_shuffle_plus_exact_degree_ppi_label_shuffle,3,4,82186,0.47788928162284766,0.0009888145287622993
449,protein_embedding_entity_label_shuffle_plus_exact_degree_ppi_label_shuffle,4,>4,2407,0.45215134617672254,0.0056979397325120995
450,protein_embedding_entity_label_shuffle_plus_exact_degree_ppi_label_shuffle,0,1,12784,0.48945064968166324,0.002594347912593133
450,protein_embedding_entity_label_shuffle_plus_exact_degree_ppi_label_shuffle,1,2,882446,0.5005536921566517,0.0003091017262934541
450,protein_embedding_entity_label_shuffle_plus_exact_degree_ppi_label_shuffle,2,3,716458,0.5007166145976781,0.0003396215006201774
450,protein_embedding_entity_label_shuffle_plus_exact_degree_ppi_label_shuffle,3,4,83589,0.4850087445929597,0.0009636538195985485
450,protein_embedding_entity_label_shuffle_plus_exact_degree_ppi_label_shuffle,4,>4,2126,0.42431096700163023,0.005701672054584303
451,protein_embedding_entity_label_shuffle_plus_exact_degree_ppi_label_shuffle,0,1,12575,0.5153202110158854,0.002619032789305023
451,protein_embedding_entity_label_shuffle_plus_exact_degree_ppi_label_shuffle,1,2,874364,0.5045626029077707,0.0003112505425165207
451,protein_embedding_entity_label_shuffle_plus_exact_degree_ppi_label_shuffle,2,3,729142,0.49505301217375425,0.00033481795153535973
451,protein_embedding_entity_label_shuffle_plus_exact_degree_ppi_label_shuffle,3,4,78019,0.4937892547591577,0.0010178326768799728
451,protein_embedding_entity_label_shuffle_plus_exact_degree_ppi_label_shuffle,4,>4,1461,0.48518803384165055,0.007520845806092741
452,protein_embedding_entity_label_shuffle_plus_exact_degree_ppi_label_shuffle,0,1,12738,0.5078292349559174,0.0025447261173346825
452,protein_embedding_entity_label_shuffle_plus_exact_degree_ppi_label_shuffle,1,2,881501,0.5007391205719414,0.000306896428021358
452,protein_embedding_entity_label_shuffle_plus_exact_degree_ppi_label_shuffle,2,3,715313,0.4975162071532278,0.00034205669790376243
452,protein_embedding_entity_label_shuffle_plus_exact_degree_ppi_label_shuffle,3,4,83533,0.5123930815984189,0.0009995862358271627
452,protein_embedding_entity_label_shuffle_plus_exact_degree_ppi_label_shuffle,4,>4,2476,0.5125908428583388,0.005700716706040874
453,protein_embedding_entity_label_shuffle_plus_exact_degree_ppi_label_shuffle,0,1,12737,0.49493505345746724,0.0025162608588209633
453,protein_embedding_entity_label_shuffle_plus_exact_degree_ppi_label_shuffle,1,2,888441,0.5007525895230015,0.00030698344058709907
453,protein_embedding_entity_label_shuffle_plus_exact_degree_ppi_label_shuffle,2,3,719935,0.5012011708412496,0.00033931260136941854
453,protein_embedding_entity_label_shuffle_plus_exact_degree_ppi_label_shuffle,3,4,74376,0.4960872363878169,0.0010596644826009144
453,protein_embedding_entity_label_shuffle_plus_exact_degree_ppi_label_shuffle,4,>4,1914,0.502192672558314,0.00641695328129997
454,protein_embedding_entity_label_shuffle_plus_exact_degree_ppi_label_shuffle,0,1,12806,0.516903595659903,0.002537225751968419
454,protein_embedding_entity_label_shuffle_plus_exact_degree_ppi_label_shuffle,1,2,903752,0.5020163262464613,0.0003030263088944279
454,protein_embedding_entity_label_shuffle_plus_exact_degree_ppi_label_shuffle,2,3,702868,0.49476319741604263,0.00034481572281859556
454,protein_embedding_entity_label_shuffle_plus_exact_degree_ppi_label_shuffle,3,4,75411,0.5141780287328555,0.0010641819839351464
454,protein_embedding_entity_label_shuffle_plus_exact_degree_ppi_label_shuffle,4,>4,2566,0.602871806900767,0.005440956740229589
455,protein_embedding_entity_label_shuffle_plus_exact_degree_ppi_label_shuffle,0,1,12847,0.5083406693874448,0.0025393105641157423
455,protein_embedding_entity_label_shuffle_plus_exact_degree_ppi_label_shuffle,1,2,885100,0.503525057497559,0.000306473665699163
455,protein_embedding_entity_label_shuffle_plus_exact_degree_ppi_label_shuffle,2,3,708630,0.4961383065607486,0.00034382880358507865
455,protein_embedding_entity_label_shuffle_plus_exact_degree_ppi_label_shuffle,3,4,86323,0.49911831419683855,0.0009734903897037538
455,protein_embedding_entity_label_shuffle_plus_exact_degree_ppi_label_shuffle,4,>4,2661,0.5052312501484434,0.0055456120568160945
456,protein_embedding_entity_label_shuffle_plus_exact_degree_ppi_label_shuffle,0,1,12858,0.4817600919521197,0.0025509588745224903
456,protein_embedding_entity_label_shuffle_plus_exact_degree_ppi_label_shuffle,1,2,874099,0.5010997209747452,0.0003093270565120704
456,protein_embedding_entity_label_shuffle_plus_exact_degree_ppi_label_shuffle,2,3,707631,0.501392204048764,0.00034320271507983977
456,protein_embedding_entity_label_shuffle_plus_exact_degree_ppi_label_shuffle,3,4,91858,0.497710793484088,0.0009449591698374231
456,protein_embedding_entity_label_shuffle_plus_exact_degree_ppi_label_shuffle,4,>4,7274,0.48455026616141644,0.0032625709044615996
457,protein_embedding_entity_label_shuffle_plus_exact_degree_ppi_label_shuffle,0,1,12840,0.490322501234682,0.0025987075818796504
457,protein_embedding_entity_label_shuffle_plus_exact_degree_ppi_label_shuffle,1,2,916979,0.49889501196780833,0.0003012679834167013
457,protein_embedding_entity_label_shuffle_plus_exact_degree_ppi_label_shuffle,2,3,683230,0.49976960151756067,0.0003503094311103076
457,protein_embedding_entity_label_shuffle_plus_exact_degree_ppi_label_shuffle,3,4,78754,0.5134497351777194,0.0010215217832732061
457,protein_embedding_entity_label_shuffle_plus_exact_degree_ppi_label_shuffle,4,>4,3758,0.5364395599202989,0.004551808417131241
458,protein_embedding_entity_label_shuffle_plus_exact_degree_ppi_label_shuffle,0,1,12816,0.5189615939121923,0.0025741239447778165
458,protein_embedding_entity_label_shuffle_plus_exact_degree_ppi_label_shuffle,1,2,879660,0.5034336648646697,0.00030687376665161495
458,protein_embedding_entity_label_shuffle_plus_exact_degree_ppi_label_shuffle,2,3,712566,0.4950208176422071,0.0003426187785365344
458,protein_embedding_entity_label_shuffle_plus_exact_degree_ppi_label_shuffle,3,4,86615,0.5052473418396584,0.000994426605526814
458,protein_embedding_entity_label_shuffle_plus_exact_degree_ppi_label_shuffle,4,>4,5746,0.5428324154402259,0.0038561732252317227
459,protein_embedding_entity_label_shuffle_plus_exact_degree_ppi_label_shuffle,0,1,12783,0.4949343079811477,0.002547579199601212
459,protein_embedding_entity_label_shuffle_plus_exact_degree_ppi_label_shuffle,1,2,867984,0.4947614387505328,0.00030761205037129277
459,protein_embedding_entity_label_shuffle_plus_exact_degree_ppi_label_shuffle,2,3,723591,0.5048482816278573,0.00034144699031405154
459,protein_embedding_entity_label_shuffle_plus_exact_degree_ppi_label_shuffle,3,4,85178,0.5148058184759752,0.0010111546974816907
459,protein_embedding_entity_label_shuffle_plus_exact_degree_ppi_label_shuffle,4,>4,7867,0.4451640830713727,0.0030057426299642037
460,protein_embedding_entity_label_shuffle_plus_exact_degree_ppi_label_shuffle,0,1,12647,0.49519623644486893,0.002504960160678409
460,protein_embedding_entity_label_shuffle_plus_exact_degree_ppi_label_shuffle,1,2,891905,0.5048597049874824,0.00030522199192284583
460,protein_embedding_entity_label_shuffle_plus_exact_degree_ppi_label_shuffle,2,3,703724,0.4927405864525054,0.000344106660529195
460,protein_embedding_entity_label_shuffle_plus_exact_degree_ppi_label_shuffle,3,4,82844,0.5013109394893683,0.0010112105861229698
460,protein_embedding_entity_label_shuffle_plus_exact_degree_ppi_label_shuffle,4,>4,4441,0.5041669971866602,0.0041709474005301945
461,protein_embedding_entity_label_shuffle_plus_exact_degree_ppi_label_shuffle,0,1,12670,0.4963017591544268,0.002524343086941843
461,protein_embedding_entity_label_shuffle_plus_exact_degree_ppi_label_shuffle,1,2,881149,0.5025585216160041,0.0003080650285791427
461,protein_embedding_entity_label_shuffle_plus_exact_degree_ppi_label_shuffle,2,3,713116,0.4958554104472811,0.00034157143210043853
461,protein_embedding_entity_label_shuffle_plus_exact_degree_ppi_label_shuffle,3,4,85087,0.4989022418306754,0.000984754493519996
461,protein_embedding_entity_label_shuffle_plus_exact_degree_ppi_label_shuffle,4,>4,5381,0.5344970490537414,0.003899939122555769
462,protein_embedding_entity_label_shuffle_plus_exact_degree_ppi_label_shuffle,0,1,12800,0.5076771349458611,0.002508771190534019
462,protein_embedding_entity_label_shuffle_plus_exact_degree_ppi_label_shuffle,1,2,881547,0.4958529488813556,0.0003072181687796786
462,protein_embedding_entity_label_shuffle_plus_exact_degree_ppi_label_shuffle,2,3,715072,0.5038335096416138,0.0003418369110381016
462,protein_embedding_entity_label_shuffle_plus_exact_degree_ppi_label_shuffle,3,4,80483,0.5095701602077682,0.0010170489659323528
462,protein_embedding_entity_label_shuffle_plus_exact_degree_ppi_label_shuffle,4,>4,3818,0.4842908555422039,0.004907147223965114
463,protein_embedding_entity_label_shuffle_plus_exact_degree_ppi_label_shuffle,0,1,12556,0.4924888384427267,0.0025421824152991736
463,protein_embedding_entity_label_shuffle_plus_exact_degree_ppi_label_shuffle,1,2,895933,0.5084862242652642,0.0003058150618811591
463,protein_embedding_entity_label_shuffle_plus_exact_degree_ppi_label_shuffle,2,3,693463,0.4933780044595763,0.0003457179090703505
463,protein_embedding_entity_label_shuffle_plus_exact_degree_ppi_label_shuffle,3,4,88443,0.47669775184682134,0.0009598138248703638
463,protein_embedding_entity_label_shuffle_plus_exact_degree_ppi_label_shuffle,4,>4,7008,0.5123125653574627,0.003309740428321864
464,protein_embedding_entity_label_shuffle_plus_exact_degree_ppi_label_shuffle,0,1,12825,0.5099339223380227,0.0025357925708326813
464,protein_embedding_entity_label_shuffle_plus_exact_degree_ppi_label_shuffle,1,2,898540,0.5046542609007802,0.0003049476764277339
464,protein_embedding_entity_label_shuffle_plus_exact_degree_ppi_label_shuffle,2,3,696270,0.4961227658508641,0.00034462370452398213
464,protein_embedding_entity_label_shuffle_plus_exact_degree_ppi_label_shuffle,3,4,82937,0.4898924068602599,0.001018896933297487
464,protein_embedding_entity_label_shuffle_plus_exact_degree_ppi_label_shuffle,4,>4,4989,0.487761943497413,0.004255393953119212
465,protein_embedding_entity_label_shuffle_plus_exact_degree_ppi_label_shuffle,0,1,12717,0.5050484174171721,0.0025574607764306217
465,protein_embedding_entity_label_shuffle_plus_exact_degree_ppi_label_shuffle,1,2,893974,0.5031673563644902,0.0003044352259479291
465,protein_embedding_entity_label_shuffle_plus_exact_degree_ppi_label_shuffle,2,3,698900,0.494319977415021,0.00034558491190277667
465,protein_embedding_entity_label_shuffle_plus_exact_degree_ppi_label_shuffle,3,4,83451,0.5004965303094644,0.0010102427902544113
465,protein_embedding_entity_label_shuffle_plus_exact_degree_ppi_label_shuffle,4,>4,4678,0.4566587075924983,0.0041142467556649805
466,protein_embedding_entity_label_shuffle_plus_exact_degree_ppi_label_shuffle,0,1,12917,0.5027995197811365,0.0025358666076499754
466,protein_embedding_entity_label_shuffle_plus_exact_degree_ppi_label_shuffle,1,2,881682,0.497510771861958,0.00030689066262567166
466,protein_embedding_entity_label_shuffle_plus_exact_degree_ppi_label_shuffle,2,3,712109,0.5027726322022763,0.00034301900203354024
466,protein_embedding_entity_label_shuffle_plus_exact_degree_ppi_label_shuffle,3,4,85593,0.49525965697220986,0.0009840463287899986
466,protein_embedding_entity_label_shuffle_plus_exact_degree_ppi_label_shuffle,4,>4,5102,0.4066424119853706,0.0038888664314167517
467,protein_embedding_entity_label_shuffle_plus_exact_degree_ppi_label_shuffle,0,1,12691,0.4928424799071067,0.0025331698645099194
467,protein_embedding_entity_label_shuffle_plus_exact_degree_ppi_label_shuffle,1,2,862730,0.5032186044207514,0.00031259776493960424
467,protein_embedding_entity_label_shuffle_plus_exact_degree_ppi_label_shuffle,2,3,734993,0.49507283660494317,0.000334769550285679
467,protein_embedding_entity_label_shuffle_plus_exact_degree_ppi_label_shuffle,3,4,81659,0.5185939714859129,0.000994695579876129
467,protein_embedding_entity_label_shuffle_plus_exact_degree_ppi_label_shuffle,4,>4,3488,0.5343436861708059,0.004622299622319841
468,protein_embedding_entity_label_shuffle_plus_exact_degree_ppi_label_shuffle,0,1,12734,0.4990551312737577,0.002545257093553236
468,protein_embedding_entity_label_shuffle_plus_exact_degree_ppi_label_shuffle,1,2,875295,0.4979172878480843,0.0003096612042806792
468,protein_embedding_entity_label_shuffle_plus_exact_degree_ppi_label_shuffle,2,3,718222,0.5001819946689958,0.000339764155710905
468,protein_embedding_entity_label_shuffle_plus_exact_degree_ppi_label_shuffle,3,4,86221,0.5236469815929087,0.0009698784467457118
468,protein_embedding_entity_label_shuffle_plus_exact_degree_ppi_label_shuffle,4,>4,4931,0.521408920803147,0.004023748894671228
469,protein_embedding_entity_label_shuffle_plus_exact_degree_ppi_label_shuffle,0,1,12808,0.521874788012465,0.0025057780672138583
469,protein_embedding_entity_label_shuffle_plus_exact_degree_ppi_label_shuffle,1,2,894923,0.5048856612812478,0.00030533974464624013
469,protein_embedding_entity_label_shuffle_plus_exact_degree_ppi_label_shuffle,2,3,695832,0.49577501281854824,0.00034534258074263595
469,protein_embedding_entity_label_shuffle_plus_exact_degree_ppi_label_shuffle,3,4,80850,0.4848497986907676,0.0010234199588811648
469,protein_embedding_entity_label_shuffle_plus_exact_degree_ppi_label_shuffle,4,>4,5628,0.46776363974900803,0.0038531805091470968
470,protein_embedding_entity_label_shuffle_plus_exact_degree_ppi_label_shuffle,0,1,12729,0.46443343440374213,0.0025702428899240623
470,protein_embedding_entity_label_shuffle_plus_exact_degree_ppi_label_shuffle,1,2,862283,0.49967644937018457,0.00031220386034179584
470,protein_embedding_entity_label_shuffle_plus_exact_degree_ppi_label_shuffle,2,3,729687,0.4996863474339491,0.00033572630671440995
470,protein_embedding_entity_label_shuffle_plus_exact_degree_ppi_label_shuffle,3,4,87952,0.5059316308033169,0.000984307540017794
470,protein_embedding_entity_label_shuffle_plus_exact_degree_ppi_label_shuffle,4,>4,2910,0.5203793917914776,0.005455260614568888
471,protein_embedding_entity_label_shuffle_plus_exact_degree_ppi_label_shuffle,0,1,12618,0.4969939268501426,0.002588946058264495
471,protein_embedding_entity_label_shuffle_plus_exact_degree_ppi_label_shuffle,1,2,877849,0.4994789939820032,0.0003105284957070202
471,protein_embedding_entity_label_shuffle_plus_exact_degree_ppi_label_shuffle,2,3,727834,0.5012265081804445,0.0003359006792336295
471,protein_embedding_entity_label_shuffle_plus_exact_degree_ppi_label_shuffle,3,4,73471,0.5014976957052116,0.001048515766942907
471,protein_embedding_entity_label_shuffle_plus_exact_degree_ppi_label_shuffle,4,>4,3789,0.4703384583858002,0.0046290518207439
472,protein_embedding_entity_label_shuffle_plus_exact_degree_ppi_label_shuffle,0,1,12605,0.5085792979968902,0.002583967842025649
472,protein_embedding_entity_label_shuffle_plus_exact_degree_ppi_label_shuffle,1,2,861358,0.5012414141048147,0.00031462527434523454
472,protein_embedding_entity_label_shuffle_plus_exact_degree_ppi_label_shuffle,2,3,730479,0.49757162110458025,0.0003341785707955625
472,protein_embedding_entity_label_shuffle_plus_exact_degree_ppi_label_shuffle,3,4,87019,0.4979518773887021,0.000942317273726649
472,protein_embedding_entity_label_shuffle_plus_exact_degree_ppi_label_shuffle,4,>4,2259,0.5162138877764573,0.005673816967781785
473,protein_embedding_entity_label_shuffle_plus_exact_degree_ppi_label_shuffle,0,1,13011,0.5173986412334516,0.0025327295012965868
473,protein_embedding_entity_label_shuffle_plus_exact_degree_ppi_label_shuffle,1,2,862738,0.5017901372133845,0.000309425917542595
473,protein_embedding_entity_label_shuffle_plus_exact_degree_ppi_label_shuffle,2,3,723769,0.49960925804885986,0.00034073544432944194
473,protein_embedding_entity_label_shuffle_plus_exact_degree_ppi_label_shuffle,3,4,93033,0.4912038589256977,0.0009546211845220627
473,protein_embedding_entity_label_shuffle_plus_exact_degree_ppi_label_shuffle,4,>4,4852,0.44813475844496753,0.0038287251578752327
474,protein_embedding_entity_label_shuffle_plus_exact_degree_ppi_label_shuffle,0,1,12696,0.5285096999845389,0.0025600585579967227
474,protein_embedding_entity_label_shuffle_plus_exact_degree_ppi_label_shuffle,1,2,857801,0.4982343504129121,0.0003110408033347501
474,protein_embedding_entity_label_shuffle_plus_exact_degree_ppi_label_shuffle,2,3,742262,0.5020674073777694,0.00033632363220966713
474,protein_embedding_entity_label_shuffle_plus_exact_degree_ppi_label_shuffle,3,4,80641,0.5043552346286964,0.0010119381320593623
474,protein_embedding_entity_label_shuffle_plus_exact_degree_ppi_label_shuffle,4,>4,4003,0.4182365984755252,0.004413898986417738
475,protein_embedding_entity_label_shuffle_plus_exact_degree_ppi_label_shuffle,0,1,12930,0.48716563344609826,0.002532840027142777
475,protein_embedding_entity_label_shuffle_plus_exact_degree_ppi_label_shuffle,1,2,883161,0.4964971390159679,0.00030471732441824994
475,protein_embedding_entity_label_shuffle_plus_exact_degree_ppi_label_shuffle,2,3,706913,0.5061571455461548,0.00034608812900197857
475,protein_embedding_entity_label_shuffle_plus_exact_degree_ppi_label_shuffle,3,4,86959,0.5019578833553068,0.0009917805399598232
475,protein_embedding_entity_label_shuffle_plus_exact_degree_ppi_label_shuffle,4,>4,3757,0.4957519854752859,0.004866900300568947
476,protein_embedding_entity_label_shuffle_plus_exact_degree_ppi_label_shuffle,0,1,12892,0.4850483352977728,0.0025760595440565428
476,protein_embedding_entity_label_shuffle_plus_exact_degree_ppi_label_shuffle,1,2,885199,0.4990687199027518,0.0003067451574540596
476,protein_embedding_entity_label_shuffle_plus_exact_degree_ppi_label_shuffle,2,3,718066,0.5020534434945215,0.0003404775146250151
476,protein_embedding_entity_label_shuffle_plus_exact_degree_ppi_label_shuffle,3,4,75097,0.4960442839268327,0.001053578696939921
476,protein_embedding_entity_label_shuffle_plus_exact_degree_ppi_label_shuffle,4,>4,4307,0.44741112197279576,0.004098645522356503
477,protein_embedding_entity_label_shuffle_plus_exact_degree_ppi_label_shuffle,0,1,12922,0.5077439581906086,0.002567940700616373
477,protein_embedding_entity_label_shuffle_plus_exact_degree_ppi_label_shuffle,1,2,873974,0.4980896292944942,0.00031003626180720186
477,protein_embedding_entity_label_shuffle_plus_exact_degree_ppi_label_shuffle,2,3,720339,0.5021520488708983,0.00033912775162231164
477,protein_embedding_entity_label_shuffle_plus_exact_degree_ppi_label_shuffle,3,4,85434,0.49662898001864303,0.0009773011808706827
477,protein_embedding_entity_label_shuffle_plus_exact_degree_ppi_label_shuffle,4,>4,2892,0.49035860914366547,0.005006299718973962
478,protein_embedding_entity_label_shuffle_plus_exact_degree_ppi_label_shuffle,0,1,12783,0.49240934248254475,0.0024926542923448397
478,protein_embedding_entity_label_shuffle_plus_exact_degree_ppi_label_shuffle,1,2,884369,0.4951965676058434,0.00030688160045682587
478,protein_embedding_entity_label_shuffle_plus_exact_degree_ppi_label_shuffle,2,3,710078,0.5065909522865399,0.0003429350856318874
478,protein_embedding_entity_label_shuffle_plus_exact_degree_ppi_label_shuffle,3,4,83503,0.5049166294744463,0.0009975570489160499
478,protein_embedding_entity_label_shuffle_plus_exact_degree_ppi_label_shuffle,4,>4,2987,0.4367323390172585,0.005181044079517319
479,protein_embedding_entity_label_shuffle_plus_exact_degree_ppi_label_shuffle,0,1,12906,0.5040202534395569,0.002489318836517831
479,protein_embedding_entity_label_shuffle_plus_exact_degree_ppi_label_shuffle,1,2,875324,0.5082883146731884,0.0003090813991480956
479,protein_embedding_entity_label_shuffle_plus_exact_degree_ppi_label_shuffle,2,3,720070,0.49315779940645343,0.0003390410501417904
479,protein_embedding_entity_label_shuffle_plus_exact_degree_ppi_label_shuffle,3,4,83552,0.4769313664244407,0.0010026818830445843
479,protein_embedding_entity_label_shuffle_plus_exact_degree_ppi_label_shuffle,4,>4,3709,0.6373164586459177,0.005059690303030492
480,protein_embedding_entity_label_shuffle_plus_exact_degree_ppi_label_shuffle,0,1,12567,0.4926816075840019,0.0025713601073032314
480,protein_embedding_entity_label_shuffle_plus_exact_degree_ppi_label_shuffle,1,2,890083,0.5017893051177087,0.0003065388900010795
480,protein_embedding_entity_label_shuffle_plus_exact_degree_ppi_label_shuffle,2,3,704731,0.4998721826665279,0.0003427495014533241
480,protein_embedding_entity_label_shuffle_plus_exact_degree_ppi_label_shuffle,3,4,85990,0.4846094952240286,0.0009841089364918197
480,protein_embedding_entity_label_shuffle_plus_exact_degree_ppi_label_shuffle,4,>4,4032,0.5354782069967381,0.00458134374420641
481,protein_embedding_entity_label_shuffle_plus_exact_degree_ppi_label_shuffle,0,1,12678,0.5030892265492587,0.0025471182729232193
481,protein_embedding_entity_label_shuffle_plus_exact_degree_ppi_label_shuffle,1,2,863189,0.4931520664441796,0.00030879865016757065
481,protein_embedding_entity_label_shuffle_plus_exact_degree_ppi_label_shuffle,2,3,724539,0.5056415009868318,0.0003407564733827383
481,protein_embedding_entity_label_shuffle_plus_exact_degree_ppi_label_shuffle,3,4,90744,0.5229338237598731,0.0009759426425795619
481,protein_embedding_entity_label_shuffle_plus_exact_degree_ppi_label_shuffle,4,>4,6253,0.48243141903123754,0.003734179336164565
482,protein_embedding_entity_label_shuffle_plus_exact_degree_ppi_label_shuffle,0,1,12713,0.5118300095051325,0.002597771167569565
482,protein_embedding_entity_label_shuffle_plus_exact_degree_ppi_label_shuffle,1,2,902237,0.4995493179473368,0.00030337098887724785
482,protein_embedding_entity_label_shuffle_plus_exact_degree_ppi_label_shuffle,2,3,697615,0.5020719640066756,0.00034574965837709965
482,protein_embedding_entity_label_shuffle_plus_exact_degree_ppi_label_shuffle,3,4,77180,0.5064888634053684,0.0010519981470390087
482,protein_embedding_entity_label_shuffle_plus_exact_degree_ppi_label_shuffle,4,>4,3975,0.430285840701641,0.004142950159250294
483,protein_embedding_entity_label_shuffle_plus_exact_degree_ppi_label_shuffle,0,1,12581,0.4969414786786071,0.0025834997549881275
483,protein_embedding_entity_label_shuffle_plus_exact_degree_ppi_label_shuffle,1,2,890928,0.4930952965809335,0.00030448945877163707
483,protein_embedding_entity_label_shuffle_plus_exact_degree_ppi_label_shuffle,2,3,710112,0.5058162741093459,0.0003424804352673722
483,protein_embedding_entity_label_shuffle_plus_exact_degree_ppi_label_shuffle,3,4,75966,0.5309295710439628,0.0010787563710766385
483,protein_embedding_entity_label_shuffle_plus_exact_degree_ppi_label_shuffle,4,>4,5974,0.4412990498914032,0.003594617215006283
484,protein_embedding_entity_label_shuffle_plus_exact_degree_ppi_label_shuffle,0,1,12735,0.48748907973286926,0.0025129744412393904
484,protein_embedding_entity_label_shuffle_plus_exact_degree_ppi_label_shuffle,1,2,908365,0.499286149111203,0.0003021656740406385
484,protein_embedding_entity_label_shuffle_plus_exact_degree_ppi_label_shuffle,2,3,682382,0.4993337731966845,0.00035047821570407677
484,protein_embedding_entity_label_shuffle_plus_exact_degree_ppi_label_shuffle,3,4,89262,0.5060228099459826,0.0009625666473381415
484,protein_embedding_entity_label_shuffle_plus_exact_degree_ppi_label_shuffle,4,>4,4659,0.5179422274113133,0.004134815313387183
485,protein_embedding_entity_label_shuffle_plus_exact_degree_ppi_label_shuffle,0,1,12669,0.4988550630997127,0.0025653664838558472
485,protein_embedding_entity_label_shuffle_plus_exact_degree_ppi_label_shuffle,1,2,893354,0.49992831727476245,0.00030611387183252057
485,protein_embedding_entity_label_shuffle_plus_exact_degree_ppi_label_shuffle,2,3,710055,0.5028385393548047,0.00034229306028165876
485,protein_embedding_entity_label_shuffle_plus_exact_degree_ppi_label_shuffle,3,4,74929,0.48675166495387745,0.0010343231444359298
485,protein_embedding_entity_label_shuffle_plus_exact_degree_ppi_label_shuffle,4,>4,6396,0.41402134306905447,0.003300608129938226
486,protein_embedding_entity_label_shuffle_plus_exact_degree_ppi_label_shuffle,0,1,13070,0.5079946135481764,0.002499757790919827
486,protein_embedding_entity_label_shuffle_plus_exact_degree_ppi_label_shuffle,1,2,909806,0.5032765876006525,0.0003021993594928413
486,protein_embedding_entity_label_shuffle_plus_exact_degree_ppi_label_shuffle,2,3,685906,0.4968930850386142,0.00034855432569933295
486,protein_embedding_entity_label_shuffle_plus_exact_degree_ppi_label_shuffle,3,4,78780,0.5007031502381705,0.0010567080544018799
486,protein_embedding_entity_label_shuffle_plus_exact_degree_ppi_label_shuffle,4,>4,6158,0.45578094533369645,0.0036747678202672966
487,protein_embedding_entity_label_shuffle_plus_exact_degree_ppi_label_shuffle,0,1,12793,0.4896073038600571,0.0025742801218563375
487,protein_embedding_entity_label_shuffle_plus_exact_degree_ppi_label_shuffle,1,2,878410,0.4998686930163541,0.00030848976558873846
487,protein_embedding_entity_label_shuffle_plus_exact_degree_ppi_label_shuffle,2,3,711017,0.5016088293594217,0.0003413472905408619
487,protein_embedding_entity_label_shuffle_plus_exact_degree_ppi_label_shuffle,3,4,83448,0.503045649405751,0.0010129820292200395
487,protein_embedding_entity_label_shuffle_plus_exact_degree_ppi_label_shuffle,4,>4,6213,0.4429467656766295,0.0036056874097333443
488,protein_embedding_entity_label_shuffle_plus_exact_degree_ppi_label_shuffle,0,1,12865,0.49338075672957155,0.002499139824933255
488,protein_embedding_entity_label_shuffle_plus_exact_degree_ppi_label_shuffle,1,2,883081,0.5019930563934981,0.0003057165942536031
488,protein_embedding_entity_label_shuffle_plus_exact_degree_ppi_label_shuffle,2,3,715272,0.4949843547906538,0.0003423192157241708
488,protein_embedding_entity_label_shuffle_plus_exact_degree_ppi_label_shuffle,3,4,82103,0.5057153872206014,0.0010080508129404594
488,protein_embedding_entity_label_shuffle_plus_exact_degree_ppi_label_shuffle,4,>4,2240,0.5141307364928432,0.005960249672037807
489,protein_embedding_entity_label_shuffle_plus_exact_degree_ppi_label_shuffle,0,1,12878,0.5134103941221767,0.0025132194316329747
489,protein_embedding_entity_label_shuffle_plus_exact_degree_ppi_label_shuffle,1,2,883790,0.4992832621052583,0.00030660052350871703
489,protein_embedding_entity_label_shuffle_plus_exact_degree_ppi_label_shuffle,2,3,720200,0.4988718987687443,0.00034005733378997754
489,protein_embedding_entity_label_shuffle_plus_exact_degree_ppi_label_shuffle,3,4,77044,0.5141246227979182,0.001056419130373803
489,protein_embedding_entity_label_shuffle_plus_exact_degree_ppi_label_shuffle,4,>4,1649,0.5456937096135834,0.006951893656904705
490,protein_embedding_entity_label_shuffle_plus_exact_degree_ppi_label_shuffle,0,1,12712,0.5124744541860073,0.002568228735118179
490,protein_embedding_entity_label_shuffle_plus_exact_degree_ppi_label_shuffle,1,2,899000,0.505753501381381,0.00030478225638001853
490,protein_embedding_entity_label_shuffle_plus_exact_degree_ppi_label_shuffle,2,3,696803,0.49295922577371354,0.0003448075042016379
490,protein_embedding_entity_label_shuffle_plus_exact_degree_ppi_label_shuffle,3,4,82449,0.48335946112568695,0.001008382537438238
490,protein_embedding_entity_label_shuffle_plus_exact_degree_ppi_label_shuffle,4,>4,4597,0.47650067874432384,0.004131522312400675
491,protein_embedding_entity_label_shuffle_plus_exact_degree_ppi_label_shuffle,0,1,12746,0.5143094203291215,0.002549985929047757
491,protein_embedding_entity_label_shuffle_plus_exact_degree_ppi_label_shuffle,1,2,878409,0.4995417812258317,0.0003067868080928188
491,protein_embedding_entity_label_shuffle_plus_exact_degree_ppi_label_shuffle,2,3,717226,0.4975151904075251,0.00034220450574640865
491,protein_embedding_entity_label_shuffle_plus_exact_degree_ppi_label_shuffle,3,4,84197,0.5146263799590736,0.0009981652965812663
491,protein_embedding_entity_label_shuffle_plus_exact_degree_ppi_label_shuffle,4,>4,2983,0.5325291471724588,0.005172455284740507
492,protein_embedding_entity_label_shuffle_plus_exact_degree_ppi_label_shuffle,0,1,12691,0.48482500775319737,0.0025440149434505692
492,protein_embedding_entity_label_shuffle_plus_exact_degree_ppi_label_shuffle,1,2,865150,0.4983597820649527,0.00031031077434363517
492,protein_embedding_entity_label_shuffle_plus_exact_degree_ppi_label_shuffle,2,3,728581,0.4996981306983326,0.0003375474714171629
492,protein_embedding_entity_label_shuffle_plus_exact_degree_ppi_label_shuffle,3,4,82739,0.5045632975816149,0.001017054769751247
492,protein_embedding_entity_label_shuffle_plus_exact_degree_ppi_label_shuffle,4,>4,6400,0.5492321719428146,0.0035879212062492143
493,protein_embedding_entity_label_shuffle_plus_exact_degree_ppi_label_shuffle,0,1,12889,0.4889795243490336,0.002515507079553365
493,protein_embedding_entity_label_shuffle_plus_exact_degree_ppi_label_shuffle,1,2,864291,0.4951687252655498,0.00030876838203812115
493,protein_embedding_entity_label_shuffle_plus_exact_degree_ppi_label_shuffle,2,3,723410,0.5061509551801633,0.00034187953749052833
493,protein_embedding_entity_label_shuffle_plus_exact_degree_ppi_label_shuffle,3,4,90989,0.5050280588599816,0.0009531446282680612
493,protein_embedding_entity_label_shuffle_plus_exact_degree_ppi_label_shuffle,4,>4,3982,0.49752311428321433,0.004484170282844674
494,protein_embedding_entity_label_shuffle_plus_exact_degree_ppi_label_shuffle,0,1,12949,0.5020925066744477,0.002627853440904064
494,protein_embedding_entity_label_shuffle_plus_exact_degree_ppi_label_shuffle,1,2,893238,0.5043811855936836,0.0003060611787536283
494,protein_embedding_entity_label_shuffle_plus_exact_degree_ppi_label_shuffle,2,3,708294,0.4937133563533678,0.0003417881636526696
494,protein_embedding_entity_label_shuffle_plus_exact_degree_ppi_label_shuffle,3,4,77441,0.48654897928821694,0.0010309448538377822
494,protein_embedding_entity_label_shuffle_plus_exact_degree_ppi_label_shuffle,4,>4,5481,0.5664579154816188,0.003936180775885841
495,protein_embedding_entity_label_shuffle_plus_exact_degree_ppi_label_shuffle,0,1,12801,0.4899099878548428,0.0024667986242410847
495,protein_embedding_entity_label_shuffle_plus_exact_degree_ppi_label_shuffle,1,2,896976,0.5002800860745465,0.0003038036099375819
495,protein_embedding_entity_label_shuffle_plus_exact_degree_ppi_label_shuffle,2,3,708392,0.49711746566471476,0.0003433329671789208
495,protein_embedding_entity_label_shuffle_plus_exact_degree_ppi_label_shuffle,3,4,73912,0.511962483749575,0.0010973206769209537
495,protein_embedding_entity_label_shuffle_plus_exact_degree_ppi_label_shuffle,4,>4,3480,0.6140209352185307,0.004910600555882806
496,protein_embedding_entity_label_shuffle_plus_exact_degree_ppi_label_shuffle,0,1,12682,0.5021544477778868,0.0025509451688282745
496,protein_embedding_entity_label_shuffle_plus_exact_degree_ppi_label_shuffle,1,2,863894,0.49764976385579557,0.00030905036201942643
496,protein_embedding_entity_label_shuffle_plus_exact_degree_ppi_label_shuffle,2,3,720274,0.5038115354347887,0.00034211030081170195
496,protein_embedding_entity_label_shuffle_plus_exact_degree_ppi_label_shuffle,3,4,94322,0.4994762985869068,0.0009425395831135607
496,protein_embedding_entity_label_shuffle_plus_exact_degree_ppi_label_shuffle,4,>4,6231,0.4672117849951115,0.0033055827089213154
497,protein_embedding_entity_label_shuffle_plus_exact_degree_ppi_label_shuffle,0,1,12713,0.5008888469416982,0.0025201245036118335
497,protein_embedding_entity_label_shuffle_plus_exact_degree_ppi_label_shuffle,1,2,895783,0.4999659691208325,0.0003063596598245929
497,protein_embedding_entity_label_shuffle_plus_exact_degree_ppi_label_shuffle,2,3,696690,0.5007720520654569,0.0003448613685062075
497,protein_embedding_entity_label_shuffle_plus_exact_degree_ppi_label_shuffle,3,4,84643,0.49421804029731076,0.0009834139267647175
497,protein_embedding_entity_label_shuffle_plus_exact_degree_ppi_label_shuffle,4,>4,3891,0.46341330091664407,0.0045659503543832225
498,protein_embedding_entity_label_shuffle_plus_exact_degree_ppi_label_shuffle,0,1,12677,0.5221368560302052,0.002568324969660731
498,protein_embedding_entity_label_shuffle_plus_exact_degree_ppi_label_shuffle,1,2,860657,0.502157001497946,0.0003112479899792365
498,protein_embedding_entity_label_shuffle_plus_exact_degree_ppi_label_shuffle,2,3,739186,0.49810269281004144,0.0003354713694626926
498,protein_embedding_entity_label_shuffle_plus_exact_degree_ppi_label_shuffle,3,4,80839,0.5025129303729158,0.0010146264313410005
498,protein_embedding_entity_label_shuffle_plus_exact_degree_ppi_label_shuffle,4,>4,4044,0.47621666210752067,0.004397061488585347
499,protein_embedding_entity_label_shuffle_plus_exact_degree_ppi_label_shuffle,0,1,12754,0.5171006646983825,0.0026036052293957933
499,protein_embedding_entity_label_shuffle_plus_exact_degree_ppi_label_shuffle,1,2,866275,0.5018373983082817,0.00031009299420118176
499,protein_embedding_entity_label_shuffle_plus_exact_degree_ppi_label_shuffle,2,3,720498,0.49797696803431996,0.00034036826726559964
499,protein_embedding_entity_label_shuffle_plus_exact_degree_ppi_label_shuffle,3,4,92876,0.49761886201738825,0.0009411747848003277
499,protein_embedding_entity_label_shuffle_plus_exact_degree_ppi_label_shuffle,4,>4,5000,0.42537061584048536,0.003868013988120148
500,protein_embedding_entity_label_shuffle_plus_exact_degree_ppi_label_shuffle,0,1,12725,0.49065189008611954,0.0025632500118817
500,protein_embedding_entity_label_shuffle_plus_exact_degree_ppi_label_shuffle,1,2,876498,0.5011144285257148,0.00030888696360294675
500,protein_embedding_entity_label_shuffle_plus_exact_degree_ppi_label_shuffle,2,3,714873,0.4997316070106208,0.0003404979241774992
500,protein_embedding_entity_label_shuffle_plus_exact_degree_ppi_label_shuffle,3,4,84612,0.48926683710604385,0.000984989021603105
500,protein_embedding_entity_label_shuffle_plus_exact_degree_ppi_label_shuffle,4,>4,3172,0.5277312225164218,0.005198359992199822
501,protein_embedding_entity_label_shuffle_plus_exact_degree_ppi_label_shuffle,0,1,12703,0.5132290805649415,0.0025888797021342115
501,protein_embedding_entity_label_shuffle_plus_exact_degree_ppi_label_shuffle,1,2,888876,0.5022379017413128,0.00030706500743668774
501,protein_embedding_entity_label_shuffle_plus_exact_degree_ppi_label_shuffle,2,3,705905,0.49799185166106247,0.00034252686040718973
501,protein_embedding_entity_label_shuffle_plus_exact_degree_ppi_label_shuffle,3,4,79063,0.4935168890092239,0.0010239500352605163
501,protein_embedding_entity_label_shuffle_plus_exact_degree_ppi_label_shuffle,4,>4,5333,0.4384762920690529,0.003875770723368795
502,protein_embedding_entity_label_shuffle_plus_exact_degree_ppi_label_shuffle,0,1,12696,0.5243182638358145,0.0026456105326526456
502,protein_embedding_entity_label_shuffle_plus_exact_degree_ppi_label_shuffle,1,2,880541,0.5056154898194586,0.00030871304817871775
502,protein_embedding_entity_label_shuffle_plus_exact_degree_ppi_label_shuffle,2,3,710976,0.49410201142045007,0.0003395919943065805
502,protein_embedding_entity_label_shuffle_plus_exact_degree_ppi_label_shuffle,3,4,86587,0.4864914379293509,0.0009835860021621655
502,protein_embedding_entity_label_shuffle_plus_exact_degree_ppi_label_shuffle,4,>4,2921,0.4918107107550421,0.005451267376099288
503,protein_embedding_entity_label_shuffle_plus_exact_degree_ppi_label_shuffle,0,1,12643,0.5192421343211505,0.0025796170248653457
503,protein_embedding_entity_label_shuffle_plus_exact_degree_ppi_label_shuffle,1,2,874330,0.5032331236849811,0.00030901435828121945
503,protein_embedding_entity_label_shuffle_plus_exact_degree_ppi_label_shuffle,2,3,713669,0.4954684849070547,0.0003418558987079634
503,protein_embedding_entity_label_shuffle_plus_exact_degree_ppi_label_shuffle,3,4,90299,0.498619794008535,0.0009471048557053061
503,protein_embedding_entity_label_shuffle_plus_exact_degree_ppi_label_shuffle,4,>4,6462,0.5174702873912712,0.0032495472834905815
504,protein_embedding_entity_label_shuffle_plus_exact_degree_ppi_label_shuffle,0,1,12780,0.505015177495694,0.002611688436759495
504,protein_embedding_entity_label_shuffle_plus_exact_degree_ppi_label_shuffle,1,2,895342,0.5002866844293575,0.00030764266923270664
504,protein_embedding_entity_label_shuffle_plus_exact_degree_ppi_label_shuffle,2,3,710364,0.5002091423272783,0.00033974532182980046
504,protein_embedding_entity_label_shuffle_plus_exact_degree_ppi_label_shuffle,3,4,73198,0.49982350662875535,0.0010349123350737134
504,protein_embedding_entity_label_shuffle_plus_exact_degree_ppi_label_shuffle,4,>4,3877,0.5314235163478009,0.004551037736533265
505,protein_embedding_entity_label_shuffle_plus_exact_degree_ppi_label_shuffle,0,1,12977,0.5164521635478792,0.00256550211431325
505,protein_embedding_entity_label_shuffle_plus_exact_degree_ppi_label_shuffle,1,2,888956,0.4984321875131734,0.00030736912562372474
505,protein_embedding_entity_label_shuffle_plus_exact_degree_ppi_label_shuffle,2,3,709501,0.4999871991618375,0.0003418353797957905
505,protein_embedding_entity_label_shuffle_plus_exact_degree_ppi_label_shuffle,3,4,76075,0.5095159908757079,0.001019920858332348
505,protein_embedding_entity_label_shuffle_plus_exact_degree_ppi_label_shuffle,4,>4,6211,0.47118361610987936,0.0036142954921299713
506,protein_embedding_entity_label_shuffle_plus_exact_degree_ppi_label_shuffle,0,1,12631,0.5055561106761891,0.0025793566497439163
506,protein_embedding_entity_label_shuffle_plus_exact_degree_ppi_label_shuffle,1,2,878235,0.5006492899107403,0.00030933777902785006
506,protein_embedding_entity_label_shuffle_plus_exact_degree_ppi_label_shuffle,2,3,729054,0.4996253646615067,0.0003377574842679733
506,protein_embedding_entity_label_shuffle_plus_exact_degree_ppi_label_shuffle,3,4,73066,0.4855833333748249,0.00103176295514067
506,protein_embedding_entity_label_shuffle_plus_exact_degree_ppi_label_shuffle,4,>4,2575,0.38050680914737506,0.0052179454625802405
507,protein_embedding_entity_label_shuffle_plus_exact_degree_ppi_label_shuffle,0,1,12813,0.5004466207642456,0.0025960409550587664
507,protein_embedding_entity_label_shuffle_plus_exact_degree_ppi_label_shuffle,1,2,895497,0.5046066554663551,0.00030680656553283217
507,protein_embedding_entity_label_shuffle_plus_exact_degree_ppi_label_shuffle,2,3,699810,0.49477450040681603,0.0003434294967837758
507,protein_embedding_entity_label_shuffle_plus_exact_degree_ppi_label_shuffle,3,4,84376,0.48578690800697416,0.0009646485754575429
507,protein_embedding_entity_label_shuffle_plus_exact_degree_ppi_label_shuffle,4,>4,3065,0.5015745469127477,0.005046476401437931
508,protein_embedding_entity_label_shuffle_plus_exact_degree_ppi_label_shuffle,0,1,12815,0.4870224857799923,0.0025275611344496795
508,protein_embedding_entity_label_shuffle_plus_exact_degree_ppi_label_shuffle,1,2,903363,0.49964802763253685,0.0003043832774821207
508,protein_embedding_entity_label_shuffle_plus_exact_degree_ppi_label_shuffle,2,3,690672,0.4983538789767898,0.0003463316691492889
508,protein_embedding_entity_label_shuffle_plus_exact_degree_ppi_label_shuffle,3,4,81737,0.5070323914168945,0.001003406314215633
508,protein_embedding_entity_label_shuffle_plus_exact_degree_ppi_label_shuffle,4,>4,5133,0.5016321622752284,0.0037000784007655387
509,protein_embedding_entity_label_shuffle_plus_exact_degree_ppi_label_shuffle,0,1,12616,0.4969160766538638,0.0025410586131964963
509,protein_embedding_entity_label_shuffle_plus_exact_degree_ppi_label_shuffle,1,2,895347,0.5007526812771117,0.00030620292108082033
509,protein_embedding_entity_label_shuffle_plus_exact_degree_ppi_label_shuffle,2,3,710278,0.4972311465438565,0.00034056583623759586
509,protein_embedding_entity_label_shuffle_plus_exact_degree_ppi_label_shuffle,3,4,75469,0.5094235152645187,0.001058704481940471
509,protein_embedding_entity_label_shuffle_plus_exact_degree_ppi_label_shuffle,4,>4,1851,0.5651370831202055,0.006902711387561081
510,protein_embedding_entity_label_shuffle_plus_exact_degree_ppi_label_shuffle,0,1,13083,0.4940805728133593,0.0025235541952854973
510,protein_embedding_entity_label_shuffle_plus_exact_degree_ppi_label_shuffle,1,2,915008,0.4994675698839178,0.0003013054202238266
510,protein_embedding_entity_label_shuffle_plus_exact_degree_ppi_label_shuffle,2,3,683984,0.4992167840359994,0.00034902794146575265
510,protein_embedding_entity_label_shuffle_plus_exact_degree_ppi_label_shuffle,3,4,75599,0.5139933995413257,0.0010522722249068533
510,protein_embedding_entity_label_shuffle_plus_exact_degree_ppi_label_shuffle,4,>4,4206,0.485697396406671,0.004287358991469511
511,protein_embedding_entity_label_shuffle_plus_exact_degree_ppi_label_shuffle,0,1,12684,0.4914729950345417,0.002491409336100672
511,protein_embedding_entity_label_shuffle_plus_exact_degree_ppi_label_shuffle,1,2,870242,0.4957515106981277,0.00030926915228529975
511,protein_embedding_entity_label_shuffle_plus_exact_degree_ppi_label_shuffle,2,3,719091,0.5017508148476277,0.0003394149312044789
511,protein_embedding_entity_label_shuffle_plus_exact_degree_ppi_label_shuffle,3,4,87913,0.5163750290332163,0.0009886274255383424
511,protein_embedding_entity_label_shuffle_plus_exact_degree_ppi_label_shuffle,4,>4,5631,0.5056666983582871,0.004085824760178583
512,protein_embedding_entity_label_shuffle_plus_exact_degree_ppi_label_shuffle,0,1,12915,0.5002187067881821,0.002528058614947067
512,protein_embedding_entity_label_shuffle_plus_exact_degree_ppi_label_shuffle,1,2,909641,0.5041120344321531,0.00030329462783017897
512,protein_embedding_entity_label_shuffle_plus_exact_degree_ppi_label_shuffle,2,3,693298,0.4956488524076032,0.00034597491214264953
512,protein_embedding_entity_label_shuffle_plus_exact_degree_ppi_label_shuffle,3,4,76898,0.4941829304774048,0.0010389198457997732
512,protein_embedding_entity_label_shuffle_plus_exact_degree_ppi_label_shuffle,4,>4,2809,0.5007512962406374,0.005277801262110533
513,protein_embedding_entity_label_shuffle_plus_exact_degree_ppi_label_shuffle,0,1,13038,0.5005764584679757,0.002559058411837975
513,protein_embedding_entity_label_shuffle_plus_exact_degree_ppi_label_shuffle,1,2,869066,0.49747437986231846,0.0003102714668030662
513,protein_embedding_entity_label_shuffle_plus_exact_degree_ppi_label_shuffle,2,3,716763,0.501347411539442,0.0003407044297593035
513,protein_embedding_entity_label_shuffle_plus_exact_degree_ppi_label_shuffle,3,4,90102,0.4975468797565586,0.0009387999483497224
513,protein_embedding_entity_label_shuffle_plus_exact_degree_ppi_label_shuffle,4,>4,4751,0.4864007857279152,0.003948958136040635
514,protein_embedding_entity_label_shuffle_plus_exact_degree_ppi_label_shuffle,0,1,12800,0.49574203000274814,0.0025569953756830683
514,protein_embedding_entity_label_shuffle_plus_exact_degree_ppi_label_shuffle,1,2,875307,0.5002663867518751,0.00031067655856460187
514,protein_embedding_entity_label_shuffle_plus_exact_degree_ppi_label_shuffle,2,3,714417,0.5014563145617638,0.00033992997835675845
514,protein_embedding_entity_label_shuffle_plus_exact_degree_ppi_label_shuffle,3,4,83949,0.49810328068512233,0.0009725104592390019
514,protein_embedding_entity_label_shuffle_plus_exact_degree_ppi_label_shuffle,4,>4,5407,0.5220278355869827,0.003516662920477559
515,protein_embedding_entity_label_shuffle_plus_exact_degree_ppi_label_shuffle,0,1,12924,0.5113485262631245,0.0025548218796407197
515,protein_embedding_entity_label_shuffle_plus_exact_degree_ppi_label_shuffle,1,2,851257,0.50119348842253,0.00031485568177871704
515,protein_embedding_entity_label_shuffle_plus_exact_degree_ppi_label_shuffle,2,3,737130,0.4987554640954441,0.0003347895438257199
515,protein_embedding_entity_label_shuffle_plus_exact_degree_ppi_label_shuffle,3,4,89723,0.49828694713340627,0.0009401833810080628
515,protein_embedding_entity_label_shuffle_plus_exact_degree_ppi_label_shuffle,4,>4,2686,0.5058375092250925,0.0052843113007356906
516,protein_embedding_entity_label_shuffle_plus_exact_degree_ppi_label_shuffle,0,1,12820,0.4939242309826002,0.00255538967457638
516,protein_embedding_entity_label_shuffle_plus_exact_degree_ppi_label_shuffle,1,2,867444,0.49611583023396366,0.0003098733154974429
516,protein_embedding_entity_label_shuffle_plus_exact_degree_ppi_label_shuffle,2,3,722356,0.5037625505042838,0.00033982572835735076
516,protein_embedding_entity_label_shuffle_plus_exact_degree_ppi_label_shuffle,3,4,88239,0.49788515251296533,0.0009726711184867599
516,protein_embedding_entity_label_shuffle_plus_exact_degree_ppi_label_shuffle,4,>4,6544,0.5236827229496048,0.003428282541289714
517,protein_embedding_entity_label_shuffle_plus_exact_degree_ppi_label_shuffle,0,1,12702,0.46956344296462066,0.002510335822462606
517,protein_embedding_entity_label_shuffle_plus_exact_degree_ppi_label_shuffle,1,2,890485,0.49673846917263903,0.00030653736868615984
517,protein_embedding_entity_label_shuffle_plus_exact_degree_ppi_label_shuffle,2,3,693976,0.5043864919374282,0.00034529574091800834
517,protein_embedding_entity_label_shuffle_plus_exact_degree_ppi_label_shuffle,3,4,90738,0.508332485971157,0.0009564157157281757
517,protein_embedding_entity_label_shuffle_plus_exact_degree_ppi_label_shuffle,4,>4,5819,0.5188546894345673,0.003874302814026487
518,protein_embedding_entity_label_shuffle_plus_exact_degree_ppi_label_shuffle,0,1,12595,0.5060178377621534,0.0025835100838736535
518,protein_embedding_entity_label_shuffle_plus_exact_degree_ppi_label_shuffle,1,2,933964,0.49768599234795907,0.00029834239956593226
518,protein_embedding_entity_label_shuffle_plus_exact_degree_ppi_label_shuffle,2,3,674478,0.5018864894248192,0.00035160502460430726
518,protein_embedding_entity_label_shuffle_plus_exact_degree_ppi_label_shuffle,3,4,74334,0.5006526601173252,0.0010667332524689145
518,protein_embedding_entity_label_shuffle_plus_exact_degree_ppi_label_shuffle,4,>4,2032,0.5360099573326544,0.006435561889217186
519,protein_embedding_entity_label_shuffle_plus_exact_degree_ppi_label_shuffle,0,1,12903,0.5052311154875092,0.00258072254286709
519,protein_embedding_entity_label_shuffle_plus_exact_degree_ppi_label_shuffle,1,2,885925,0.5038917658651284,0.0003074909815584871
519,protein_embedding_entity_label_shuffle_plus_exact_degree_ppi_label_shuffle,2,3,708488,0.49584735616726094,0.0003411641110946911
519,protein_embedding_entity_label_shuffle_plus_exact_degree_ppi_label_shuffle,3,4,85501,0.49576867254146517,0.0009967825811795115
519,protein_embedding_entity_label_shuffle_plus_exact_degree_ppi_label_shuffle,4,>4,2744,0.5032410399903935,0.005656212825583698
520,protein_embedding_entity_label_shuffle_plus_exact_degree_ppi_label_shuffle,0,1,12960,0.5035466554662471,0.002513179371382918
520,protein_embedding_entity_label_shuffle_plus_exact_degree_ppi_label_shuffle,1,2,889621,0.5039978874102459,0.00030678394909920486
520,protein_embedding_entity_label_shuffle_plus_exact_degree_ppi_label_shuffle,2,3,715911,0.4966633786519444,0.0003397701629884587
520,protein_embedding_entity_label_shuffle_plus_exact_degree_ppi_label_shuffle,3,4,75666,0.47380869829008715,0.0010334578474301803
520,protein_embedding_entity_label_shuffle_plus_exact_degree_ppi_label_shuffle,4,>4,3245,0.7213255280033746,0.00572494427544725
521,protein_embedding_entity_label_shuffle_plus_exact_degree_ppi_label_shuffle,0,1,12897,0.471150526723948,0.002506689340236405
521,protein_embedding_entity_label_shuffle_plus_exact_degree_ppi_label_shuffle,1,2,889745,0.500665705278256,0.00030635680972488456
521,protein_embedding_entity_label_shuffle_plus_exact_degree_ppi_label_shuffle,2,3,706616,0.49927264213879463,0.0003427455487696751
521,protein_embedding_entity_label_shuffle_plus_exact_degree_ppi_label_shuffle,3,4,81594,0.49006894413136093,0.0010076986859884156
521,protein_embedding_entity_label_shuffle_plus_exact_degree_ppi_label_shuffle,4,>4,4709,0.5025062359362531,0.00422469844493452
522,protein_embedding_entity_label_shuffle_plus_exact_degree_ppi_label_shuffle,0,1,12738,0.5101696459469982,0.0025275182015383484
522,protein_embedding_entity_label_shuffle_plus_exact_degree_ppi_label_shuffle,1,2,907744,0.49770358699848805,0.0003042607844770067
522,protein_embedding_entity_label_shuffle_plus_exact_degree_ppi_label_shuffle,2,3,694860,0.5028581589033605,0.0003451614477544498
522,protein_embedding_entity_label_shuffle_plus_exact_degree_ppi_label_shuffle,3,4,77984,0.49787880161133635,0.0010272454617374642
522,protein_embedding_entity_label_shuffle_plus_exact_degree_ppi_label_shuffle,4,>4,2235,0.4717785097325346,0.006200795318112105
523,protein_embedding_entity_label_shuffle_plus_exact_degree_ppi_label_shuffle,0,1,12751,0.5104042626498292,0.00254991628121356
523,protein_embedding_entity_label_shuffle_plus_exact_degree_ppi_label_shuffle,1,2,882828,0.4980751565622122,0.0003057378629803344
523,protein_embedding_entity_label_shuffle_plus_exact_degree_ppi_label_shuffle,2,3,711252,0.502417396682191,0.00034279707996511113
523,protein_embedding_entity_label_shuffle_plus_exact_degree_ppi_label_shuffle,3,4,83139,0.4953324182350784,0.0010295283876171429
523,protein_embedding_entity_label_shuffle_plus_exact_degree_ppi_label_shuffle,4,>4,7433,0.4604080920648536,0.0035271227912876493
524,protein_embedding_entity_label_shuffle_plus_exact_degree_ppi_label_shuffle,0,1,12912,0.49358680648253245,0.0025015787820953017
524,protein_embedding_entity_label_shuffle_plus_exact_degree_ppi_label_shuffle,1,2,886321,0.4924635097772454,0.0003044219402191311
524,protein_embedding_entity_label_shuffle_plus_exact_degree_ppi_label_shuffle,2,3,706684,0.5073205113756595,0.0003461329719572126
524,protein_embedding_entity_label_shuffle_plus_exact_degree_ppi_label_shuffle,3,4,86367,0.5188682975582497,0.0010008377070727667
524,protein_embedding_entity_label_shuffle_plus_exact_degree_ppi_label_shuffle,4,>4,3277,0.5343679410787668,0.005089904753133702
525,protein_embedding_entity_label_shuffle_plus_exact_degree_ppi_label_shuffle,0,1,12950,0.47506255334742753,0.0025173810556767145
525,protein_embedding_entity_label_shuffle_plus_exact_degree_ppi_label_shuffle,1,2,899062,0.4951570569991417,0.00030527278456246733
525,protein_embedding_entity_label_shuffle_plus_exact_degree_ppi_label_shuffle,2,3,700437,0.5050650147569775,0.0003437817982543164
525,protein_embedding_entity_label_shuffle_plus_exact_degree_ppi_label_shuffle,3,4,80762,0.50497254545361,0.0010042940169736195
525,protein_embedding_entity_label_shuffle_plus_exact_degree_ppi_label_shuffle,4,>4,2350,0.497714355786203,0.005783280770721228
526,protein_embedding_entity_label_shuffle_plus_exact_degree_ppi_label_shuffle,0,1,12884,0.49758542323540467,0.002507306564913776
526,protein_embedding_entity_label_shuffle_plus_exact_degree_ppi_label_shuffle,1,2,882121,0.5027320442917961,0.00030702339473545175
526,protein_embedding_entity_label_shuffle_plus_exact_degree_ppi_label_shuffle,2,3,703784,0.4979378739654289,0.00034487136742723866
526,protein_embedding_entity_label_shuffle_plus_exact_degree_ppi_label_shuffle,3,4,93232,0.4883572875194511,0.0009351243225646339
526,protein_embedding_entity_label_shuffle_plus_exact_degree_ppi_label_shuffle,4,>4,5382,0.5774847640912794,0.004176382517065113
527,protein_embedding_entity_label_shuffle_plus_exact_degree_ppi_label_shuffle,0,1,12778,0.5122515891654901,0.00256279391941498
527,protein_embedding_entity_label_shuffle_plus_exact_degree_ppi_label_shuffle,1,2,899138,0.5011954116713658,0.00030483140298676774
527,protein_embedding_entity_label_shuffle_plus_exact_degree_ppi_label_shuffle,2,3,700058,0.49768338649906574,0.0003437843119461967
527,protein_embedding_entity_label_shuffle_plus_exact_degree_ppi_label_shuffle,3,4,78768,0.49616239985589977,0.0010236596932164826
527,protein_embedding_entity_label_shuffle_plus_exact_degree_ppi_label_shuffle,4,>4,4819,0.4897621904957721,0.0038714388675297213
528,protein_embedding_entity_label_shuffle_plus_exact_degree_ppi_label_shuffle,0,1,12833,0.502664188168651,0.0025637164904736397
528,protein_embedding_entity_label_shuffle_plus_exact_degree_ppi_label_shuffle,1,2,865266,0.4952815476915466,0.00031070083426440963
528,protein_embedding_entity_label_shuffle_plus_exact_degree_ppi_label_shuffle,2,3,730373,0.5010165132926755,0.000337011238253826
528,protein_embedding_entity_label_shuffle_plus_exact_degree_ppi_label_shuffle,3,4,84443,0.5253129788581984,0.0010001062051803345
528,protein_embedding_entity_label_shuffle_plus_exact_degree_ppi_label_shuffle,4,>4,2646,0.5507795344207,0.005540356327998151
529,protein_embedding_entity_label_shuffle_plus_exact_degree_ppi_label_shuffle,0,1,12676,0.5005874427609956,0.0025771636671791712
529,protein_embedding_entity_label_shuffle_plus_exact_degree_ppi_label_shuffle,1,2,879148,0.4988856637027951,0.00030830311840604875
529,protein_embedding_entity_label_shuffle_plus_exact_degree_ppi_label_shuffle,2,3,717657,0.503035590362737,0.00034045530182221336
529,protein_embedding_entity_label_shuffle_plus_exact_degree_ppi_label_shuffle,3,4,83252,0.4889757286439908,0.0009821580243134567
529,protein_embedding_entity_label_shuffle_plus_exact_degree_ppi_label_shuffle,4,>4,4670,0.4117987508749257,0.0040424955216220235
530,protein_embedding_entity_label_shuffle_plus_exact_degree_ppi_label_shuffle,0,1,12658,0.5046908403841422,0.0025020397569711014
530,protein_embedding_entity_label_shuffle_plus_exact_degree_ppi_label_shuffle,1,2,896453,0.5036189400559872,0.0003044993144039883
530,protein_embedding_entity_label_shuffle_plus_exact_degree_ppi_label_shuffle,2,3,709632,0.49554825901437566,0.0003427934531858425
530,protein_embedding_entity_label_shuffle_plus_exact_degree_ppi_label_shuffle,3,4,69792,0.4955335701424421,0.0011266162132878973
530,protein_embedding_entity_label_shuffle_plus_exact_degree_ppi_label_shuffle,4,>4,1506,0.5349000594729492,0.007544104699516856
531,protein_embedding_entity_label_shuffle_plus_exact_degree_ppi_label_shuffle,0,1,12857,0.5067637542858625,0.00260118702379408
531,protein_embedding_entity_label_shuffle_plus_exact_degree_ppi_label_shuffle,1,2,923701,0.5028064730681578,0.00030251870643625785
531,protein_embedding_entity_label_shuffle_plus_exact_degree_ppi_label_shuffle,2,3,686416,0.4960539412825369,0.0003457482184965327
531,protein_embedding_entity_label_shuffle_plus_exact_degree_ppi_label_shuffle,3,4,72218,0.49951085093830844,0.001056797275105616
531,protein_embedding_entity_label_shuffle_plus_exact_degree_ppi_label_shuffle,4,>4,2211,0.4438175296622721,0.006037510899665369
532,protein_embedding_entity_label_shuffle_plus_exact_degree_ppi_label_shuffle,0,1,12728,0.4791893739681932,0.0025573308235855045
532,protein_embedding_entity_label_shuffle_plus_exact_degree_ppi_label_shuffle,1,2,863520,0.49786784749086493,0.00031090957863556606
532,protein_embedding_entity_label_shuffle_plus_exact_degree_ppi_label_shuffle,2,3,723027,0.5058078394276019,0.00033918083634271537
532,protein_embedding_entity_label_shuffle_plus_exact_degree_ppi_label_shuffle,3,4,93668,0.4904441924250313,0.0009356193795742497
532,protein_embedding_entity_label_shuffle_plus_exact_degree_ppi_label_shuffle,4,>4,4460,0.4895893962249576,0.0044308490978311865
533,protein_embedding_entity_label_shuffle_plus_exact_degree_ppi_label_shuffle,0,1,12648,0.5073463185112046,0.0025786603705443218
533,protein_embedding_entity_label_shuffle_plus_exact_degree_ppi_label_shuffle,1,2,857870,0.5013268395967378,0.0003111177882505837
533,protein_embedding_entity_label_shuffle_plus_exact_degree_ppi_label_shuffle,2,3,737375,0.49951776666295916,0.00033732457528310974
533,protein_embedding_entity_label_shuffle_plus_exact_degree_ppi_label_shuffle,3,4,86422,0.49699003112051154,0.0009737402434708921
533,protein_embedding_entity_label_shuffle_plus_exact_degree_ppi_label_shuffle,4,>4,3088,0.4349352934710828,0.0048868369041189345
534,protein_embedding_entity_label_shuffle_plus_exact_degree_ppi_label_shuffle,0,1,12851,0.5025202178695825,0.002531901118338571
534,protein_embedding_entity_label_shuffle_plus_exact_degree_ppi_label_shuffle,1,2,891987,0.49635092397143893,0.000306484742759753
534,protein_embedding_entity_label_shuffle_plus_exact_degree_ppi_label_shuffle,2,3,701462,0.503195669881729,0.00034313855700507774
534,protein_embedding_entity_label_shuffle_plus_exact_degree_ppi_label_shuffle,3,4,83841,0.49710177883377854,0.0009961589445963944
534,protein_embedding_entity_label_shuffle_plus_exact_degree_ppi_label_shuffle,4,>4,7262,0.5488255775190506,0.00338551540907663
535,protein_embedding_entity_label_shuffle_plus_exact_degree_ppi_label_shuffle,0,1,12733,0.49461568124893934,0.002517176044017204
535,protein_embedding_entity_label_shuffle_plus_exact_degree_ppi_label_shuffle,1,2,895816,0.499108073351939,0.000303318766857345
535,protein_embedding_entity_label_shuffle_plus_exact_degree_ppi_label_shuffle,2,3,708102,0.49934005859634445,0.00034499653753346585
535,protein_embedding_entity_label_shuffle_plus_exact_degree_ppi_label_shuffle,3,4,74780,0.5008258587747199,0.001057648194543987
535,protein_embedding_entity_label_shuffle_plus_exact_degree_ppi_label_shuffle,4,>4,4130,0.4820319516704793,0.004658686440572359
536,protein_embedding_entity_label_shuffle_plus_exact_degree_ppi_label_shuffle,0,1,12915,0.5033670535453277,0.002575380682470985
536,protein_embedding_entity_label_shuffle_plus_exact_degree_ppi_label_shuffle,1,2,888629,0.505767213669435,0.0003050268671195841
536,protein_embedding_entity_label_shuffle_plus_exact_degree_ppi_label_shuffle,2,3,697040,0.49252961553142977,0.0003455393494330226
536,protein_embedding_entity_label_shuffle_plus_exact_degree_ppi_label_shuffle,3,4,88592,0.4844038065543393,0.0009676272764072484
536,protein_embedding_entity_label_shuffle_plus_exact_degree_ppi_label_shuffle,4,>4,2865,0.4766449229614426,0.005321796191436907
537,protein_embedding_entity_label_shuffle_plus_exact_degree_ppi_label_shuffle,0,1,12802,0.5077118006227378,0.002516387541143064
537,protein_embedding_entity_label_shuffle_plus_exact_degree_ppi_label_shuffle,1,2,906396,0.50373075950314,0.0003004197549583479
537,protein_embedding_entity_label_shuffle_plus_exact_degree_ppi_label_shuffle,2,3,697825,0.49398277580818445,0.00034867219042681284
537,protein_embedding_entity_label_shuffle_plus_exact_degree_ppi_label_shuffle,3,4,73041,0.4929906307542346,0.0011028758657941234
537,protein_embedding_entity_label_shuffle_plus_exact_degree_ppi_label_shuffle,4,>4,5497,0.6177703251181677,0.0038921860581906513
538,protein_embedding_entity_label_shuffle_plus_exact_degree_ppi_label_shuffle,0,1,12889,0.5112578650477164,0.0025932321985232066
538,protein_embedding_entity_label_shuffle_plus_exact_degree_ppi_label_shuffle,1,2,881766,0.5034995966686143,0.00030790188244080263
538,protein_embedding_entity_label_shuffle_plus_exact_degree_ppi_label_shuffle,2,3,715057,0.4960956176047855,0.00034067825409941124
538,protein_embedding_entity_label_shuffle_plus_exact_degree_ppi_label_shuffle,3,4,80577,0.4888342681584372,0.0010115495242461736
538,protein_embedding_entity_label_shuffle_plus_exact_degree_ppi_label_shuffle,4,>4,3431,0.39375091486443,0.00475597964640887
539,protein_embedding_entity_label_shuffle_plus_exact_degree_ppi_label_shuffle,0,1,12797,0.5145915183382147,0.0025852011735322
539,protein_embedding_entity_label_shuffle_plus_exact_degree_ppi_label_shuffle,1,2,889641,0.5017661587901764,0.00030629912096108203
539,protein_embedding_entity_label_shuffle_plus_exact_degree_ppi_label_shuffle,2,3,704551,0.49801264638690734,0.00034423588622927207
539,protein_embedding_entity_label_shuffle_plus_exact_degree_ppi_label_shuffle,3,4,84697,0.5032025439829771,0.0009776900592324263
539,protein_embedding_entity_label_shuffle_plus_exact_degree_ppi_label_shuffle,4,>4,3875,0.49259473758812355,0.004223143065155511
540,protein_embedding_entity_label_shuffle_plus_exact_degree_ppi_label_shuffle,0,1,12923,0.5009070000302,0.002507034308910204
540,protein_embedding_entity_label_shuffle_plus_exact_degree_ppi_label_shuffle,1,2,907168,0.4972056159444059,0.0003027923759018045
540,protein_embedding_entity_label_shuffle_plus_exact_degree_ppi_label_shuffle,2,3,694801,0.5040123273030171,0.0003465846896788308
540,protein_embedding_entity_label_shuffle_plus_exact_degree_ppi_label_shuffle,3,4,77395,0.5009070974734727,0.001051056927900591
540,protein_embedding_entity_label_shuffle_plus_exact_degree_ppi_label_shuffle,4,>4,5116,0.515565882180725,0.003973461286676581
541,protein_embedding_entity_label_shuffle_plus_exact_degree_ppi_label_shuffle,0,1,12906,0.4983929306263855,0.00252510827674419
541,protein_embedding_entity_label_shuffle_plus_exact_degree_ppi_label_shuffle,1,2,865992,0.5029607144963193,0.00031121118286833526
541,protein_embedding_entity_label_shuffle_plus_exact_degree_ppi_label_shuffle,2,3,720227,0.4983984579905338,0.00033976359654909244
541,protein_embedding_entity_label_shuffle_plus_exact_degree_ppi_label_shuffle,3,4,92927,0.4929416069737129,0.0009307780810963555
541,protein_embedding_entity_label_shuffle_plus_exact_degree_ppi_label_shuffle,4,>4,5351,0.48216788544059536,0.0036682722799435685
542,protein_embedding_entity_label_shuffle_plus_exact_degree_ppi_label_shuffle,0,1,12781,0.5142012988916858,0.0025156440349482895
542,protein_embedding_entity_label_shuffle_plus_exact_degree_ppi_label_shuffle,1,2,875514,0.4967280185218775,0.00030865151329830426
542,protein_embedding_entity_label_shuffle_plus_exact_degree_ppi_label_shuffle,2,3,723133,0.503287752036121,0.00033978843581049267
542,protein_embedding_entity_label_shuffle_plus_exact_degree_ppi_label_shuffle,3,4,80074,0.504711926514443,0.0010114626175474148
542,protein_embedding_entity_label_shuffle_plus_exact_degree_ppi_label_shuffle,4,>4,2218,0.5456672802702048,0.006215194014313184
543,protein_embedding_entity_label_shuffle_plus_exact_degree_ppi_label_shuffle,0,1,12547,0.4795045032057153,0.0025877127057622666
543,protein_embedding_entity_label_shuffle_plus_exact_degree_ppi_label_shuffle,1,2,892937,0.4975683065734649,0.0003047753529866849
543,protein_embedding_entity_label_shuffle_plus_exact_degree_ppi_label_shuffle,2,3,707827,0.502862763967593,0.0003440389385066805
543,protein_embedding_entity_label_shuffle_plus_exact_degree_ppi_label_shuffle,3,4,79450,0.4967861046576704,0.0010296935792660554
543,protein_embedding_entity_label_shuffle_plus_exact_degree_ppi_label_shuffle,4,>4,2800,0.5131264675459674,0.005640979094960713
544,protein_embedding_entity_label_shuffle_plus_exact_degree_ppi_label_shuffle,0,1,12831,0.5061717206806334,0.0026236769645894206
544,protein_embedding_entity_label_shuffle_plus_exact_degree_ppi_label_shuffle,1,2,883730,0.5019274235470055,0.00030887461738990385
544,protein_embedding_entity_label_shuffle_plus_exact_degree_ppi_label_shuffle,2,3,717518,0.49946908967419046,0.00033896101293158146
544,protein_embedding_entity_label_shuffle_plus_exact_degree_ppi_label_shuffle,3,4,79397,0.4876351369794295,0.0010022211308717995
544,protein_embedding_entity_label_shuffle_plus_exact_degree_ppi_label_shuffle,4,>4,3927,0.5066715249191457,0.004499262164790199
545,protein_embedding_entity_label_shuffle_plus_exact_degree_ppi_label_shuffle,0,1,12963,0.5108397296758455,0.0025406578440780123
545,protein_embedding_entity_label_shuffle_plus_exact_degree_ppi_label_shuffle,1,2,885774,0.5003494780347268,0.0003094149069645629
545,protein_embedding_entity_label_shuffle_plus_exact_degree_ppi_label_shuffle,2,3,708523,0.49776629541159084,0.0003402173537206722
545,protein_embedding_entity_label_shuffle_plus_exact_degree_ppi_label_shuffle,3,4,82611,0.5088484075748747,0.000983256369629276
545,protein_embedding_entity_label_shuffle_plus_exact_degree_ppi_label_shuffle,4,>4,3849,0.4658253793327164,0.0044149484918019994
546,protein_embedding_entity_label_shuffle_plus_exact_degree_ppi_label_shuffle,0,1,12653,0.5104406371488055,0.002662961445023593
546,protein_embedding_entity_label_shuffle_plus_exact_degree_ppi_label_shuffle,1,2,902030,0.49679223605575346,0.00030413193474026655
546,protein_embedding_entity_label_shuffle_plus_exact_degree_ppi_label_shuffle,2,3,690995,0.5070723187549042,0.0003476119444085772
546,protein_embedding_entity_label_shuffle_plus_exact_degree_ppi_label_shuffle,3,4,83683,0.4858770953813045,0.0009770280051647332
546,protein_embedding_entity_label_shuffle_plus_exact_degree_ppi_label_shuffle,4,>4,6200,0.4360506032678645,0.0034734697042095807
547,protein_embedding_entity_label_shuffle_plus_exact_degree_ppi_label_shuffle,0,1,12659,0.4977159528417806,0.002560856417070137
547,protein_embedding_entity_label_shuffle_plus_exact_degree_ppi_label_shuffle,1,2,885863,0.4979212256810456,0.0003073423156341347
547,protein_embedding_entity_label_shuffle_plus_exact_degree_ppi_label_shuffle,2,3,714693,0.5025798889187326,0.0003415433733869128
547,protein_embedding_entity_label_shuffle_plus_exact_degree_ppi_label_shuffle,3,4,81641,0.4912579278698772,0.0009991888298215097
547,protein_embedding_entity_label_shuffle_plus_exact_degree_ppi_label_shuffle,4,>4,2547,0.47733434453358786,0.005592058559028541
548,protein_embedding_entity_label_shuffle_plus_exact_degree_ppi_label_shuffle,0,1,12758,0.5147459198744943,0.0025679422372519027
548,protein_embedding_entity_label_shuffle_plus_exact_degree_ppi_label_shuffle,1,2,912853,0.5010520681697814,0.0003018962743131455
548,protein_embedding_entity_label_shuffle_plus_exact_degree_ppi_label_shuffle,2,3,677305,0.4980558665091194,0.00035038971249397316
548,protein_embedding_entity_label_shuffle_plus_exact_degree_ppi_label_shuffle,3,4,87644,0.48951107862571186,0.0009735732922762679
548,protein_embedding_entity_label_shuffle_plus_exact_degree_ppi_label_shuffle,4,>4,5001,0.4943846329440508,0.003943988184852879
549,protein_embedding_entity_label_shuffle_plus_exact_degree_ppi_label_shuffle,0,1,12801,0.5055226422777932,0.0026261372844148196
549,protein_embedding_entity_label_shuffle_plus_exact_degree_ppi_label_shuffle,1,2,871564,0.5051238768320251,0.00031039731763461096
549,protein_embedding_entity_label_shuffle_plus_exact_degree_ppi_label_shuffle,2,3,721573,0.4965157307658662,0.00033854442389894587
549,protein_embedding_entity_label_shuffle_plus_exact_degree_ppi_label_shuffle,3,4,86006,0.4842886197745217,0.0009692880125594533
549,protein_embedding_entity_label_shuffle_plus_exact_degree_ppi_label_shuffle,4,>4,3617,0.49360101696581055,0.004548876640209149
550,protein_embedding_entity_label_shuffle_plus_exact_degree_ppi_label_shuffle,0,1,12815,0.5023813178979418,0.0025224178752311995
550,protein_embedding_entity_label_shuffle_plus_exact_degree_ppi_label_shuffle,1,2,904482,0.5015567011076435,0.0003037546684824066
550,protein_embedding_entity_label_shuffle_plus_exact_degree_ppi_label_shuffle,2,3,691177,0.49822702020424736,0.0003473049867974786
550,protein_embedding_entity_label_shuffle_plus_exact_degree_ppi_label_shuffle,3,4,85192,0.4969301589979714,0.0009788137505774978
550,protein_embedding_entity_label_shuffle_plus_exact_degree_ppi_label_shuffle,4,>4,3737,0.46355319887580065,0.004734549601688786
551,protein_embedding_entity_label_shuffle_plus_exact_degree_ppi_label_shuffle,0,1,12888,0.5168832512767714,0.002565640060384693
551,protein_embedding_entity_label_shuffle_plus_exact_degree_ppi_label_shuffle,1,2,877208,0.5006651063030806,0.0003096141183362019
551,protein_embedding_entity_label_shuffle_plus_exact_degree_ppi_label_shuffle,2,3,722662,0.4976309036982556,0.00033768238530986914
551,protein_embedding_entity_label_shuffle_plus_exact_degree_ppi_label_shuffle,3,4,80902,0.5111185771256719,0.0010105946877211646
551,protein_embedding_entity_label_shuffle_plus_exact_degree_ppi_label_shuffle,4,>4,1901,0.5743837141131952,0.0069770706434225055
552,protein_embedding_entity_label_shuffle_plus_exact_degree_ppi_label_shuffle,0,1,12698,0.48923199802443973,0.002568235871389173
552,protein_embedding_entity_label_shuffle_plus_exact_degree_ppi_label_shuffle,1,2,881281,0.4977497086990687,0.00030735676072572065
552,protein_embedding_entity_label_shuffle_plus_exact_degree_ppi_label_shuffle,2,3,717575,0.501917017742967,0.0003407566232376378
552,protein_embedding_entity_label_shuffle_plus_exact_degree_ppi_label_shuffle,3,4,80138,0.5031074679481745,0.001006822837872285
552,protein_embedding_entity_label_shuffle_plus_exact_degree_ppi_label_shuffle,4,>4,5711,0.5647963035168916,0.003883715706968463
553,protein_embedding_entity_label_shuffle_plus_exact_degree_ppi_label_shuffle,0,1,12837,0.5229934701904474,0.0025654903517565364
553,protein_embedding_entity_label_shuffle_plus_exact_degree_ppi_label_shuffle,1,2,887273,0.502848365790987,0.0003058326851100683
553,protein_embedding_entity_label_shuffle_plus_exact_degree_ppi_label_shuffle,2,3,708875,0.49691161305219095,0.0003440049227899392
553,protein_embedding_entity_label_shuffle_plus_exact_degree_ppi_label_shuffle,3,4,84872,0.4935906906260823,0.000983730105945482
553,protein_embedding_entity_label_shuffle_plus_exact_degree_ppi_label_shuffle,4,>4,3546,0.49873085978566445,0.0045117743393902005
554,protein_embedding_entity_label_shuffle_plus_exact_degree_ppi_label_shuffle,0,1,12889,0.5153849989100575,0.002555843922798169
554,protein_embedding_entity_label_shuffle_plus_exact_degree_ppi_label_shuffle,1,2,908821,0.5022926352900482,0.0003025021075616461
554,protein_embedding_entity_label_shuffle_plus_exact_degree_ppi_label_shuffle,2,3,687583,0.49959031288112626,0.00034951014357086644
554,protein_embedding_entity_label_shuffle_plus_exact_degree_ppi_label_shuffle,3,4,83947,0.48239676410548105,0.0009809527924437577
554,protein_embedding_entity_label_shuffle_plus_exact_degree_ppi_label_shuffle,4,>4,2321,0.4558851942887947,0.0056621237086659885
555,protein_embedding_entity_label_shuffle_plus_exact_degree_ppi_label_shuffle,0,1,12748,0.5026913005155094,0.0025202296747555697
555,protein_embedding_entity_label_shuffle_plus_exact_degree_ppi_label_shuffle,1,2,899449,0.5011494408723706,0.0003054083774571069
555,protein_embedding_entity_label_shuffle_plus_exact_degree_ppi_label_shuffle,2,3,709733,0.49870244056263124,0.0003411904149058135
555,protein_embedding_entity_label_shuffle_plus_exact_degree_ppi_label_shuffle,3,4,72228,0.4986717964372453,0.0010790797343347334
555,protein_embedding_entity_label_shuffle_plus_exact_degree_ppi_label_shuffle,4,>4,3245,0.5563564189987589,0.00530152217191253
556,protein_embedding_entity_label_shuffle_plus_exact_degree_ppi_label_shuffle,0,1,12786,0.5134875700961452,0.0025815493929714013
556,protein_embedding_entity_label_shuffle_plus_exact_degree_ppi_label_shuffle,1,2,885787,0.49811329255796377,0.0003087692032199897
556,protein_embedding_entity_label_shuffle_plus_exact_degree_ppi_label_shuffle,2,3,703757,0.5025084252858121,0.00034125895200877936
556,protein_embedding_entity_label_shuffle_plus_exact_degree_ppi_label_shuffle,3,4,87336,0.5033152316850249,0.0009760497520601913
556,protein_embedding_entity_label_shuffle_plus_exact_degree_ppi_label_shuffle,4,>4,5895,0.4453106488763895,0.003967852074039351
557,protein_embedding_entity_label_shuffle_plus_exact_degree_ppi_label_shuffle,0,1,12901,0.5161782571613238,0.002588913195155078
557,protein_embedding_entity_label_shuffle_plus_exact_degree_ppi_label_shuffle,1,2,910003,0.5016451607520337,0.00030241965886628353
557,protein_embedding_entity_label_shuffle_plus_exact_degree_ppi_label_shuffle,2,3,700417,0.4989087696719486,0.0003459244857374199
557,protein_embedding_entity_label_shuffle_plus_exact_degree_ppi_label_shuffle,3,4,67482,0.4909500102380956,0.0010979095050084153
557,protein_embedding_entity_label_shuffle_plus_exact_degree_ppi_label_shuffle,4,>4,4758,0.48325393499864133,0.0039676382229073435
558,protein_embedding_entity_label_shuffle_plus_exact_degree_ppi_label_shuffle,0,1,12614,0.520194979644971,0.0026424601215396504
558,protein_embedding_entity_label_shuffle_plus_exact_degree_ppi_label_shuffle,1,2,888242,0.504434045552319,0.00030710119372179257
558,protein_embedding_entity_label_shuffle_plus_exact_degree_ppi_label_shuffle,2,3,711597,0.49774099563610114,0.0003416225556422103
558,protein_embedding_entity_label_shuffle_plus_exact_degree_ppi_label_shuffle,3,4,81135,0.4889288428110694,0.0009859644454213218
558,protein_embedding_entity_label_shuffle_plus_exact_degree_ppi_label_shuffle,4,>4,3815,0.43242417498203434,0.004231977767658633
559,protein_embedding_entity_label_shuffle_plus_exact_degree_ppi_label_shuffle,0,1,12855,0.5147482386252963,0.002557266316164738
559,protein_embedding_entity_label_shuffle_plus_exact_degree_ppi_label_shuffle,1,2,885681,0.5010952978995561,0.0003062242753516823
559,protein_embedding_entity_label_shuffle_plus_exact_degree_ppi_label_shuffle,2,3,711359,0.4987775914763465,0.00034264284550539426
559,protein_embedding_entity_label_shuffle_plus_exact_degree_ppi_label_shuffle,3,4,80405,0.4942954268042237,0.0010297864274640641
559,protein_embedding_entity_label_shuffle_plus_exact_degree_ppi_label_shuffle,4,>4,3420,0.4787625107802585,0.004907644484583483
560,protein_embedding_entity_label_shuffle_plus_exact_degree_ppi_label_shuffle,0,1,12535,0.4859599424336472,0.002522784013171395
560,protein_embedding_entity_label_shuffle_plus_exact_degree_ppi_label_shuffle,1,2,894848,0.49865335117832277,0.0003049357123326043
560,protein_embedding_entity_label_shuffle_plus_exact_degree_ppi_label_shuffle,2,3,702928,0.5031338159285799,0.0003441865332381889
560,protein_embedding_entity_label_shuffle_plus_exact_degree_ppi_label_shuffle,3,4,75987,0.48115197965647577,0.0010451963185178965
560,protein_embedding_entity_label_shuffle_plus_exact_degree_ppi_label_shuffle,4,>4,3743,0.42765232771052064,0.004201503487888015
561,protein_embedding_entity_label_shuffle_plus_exact_degree_ppi_label_shuffle,0,1,12739,0.5152393039366324,0.002582736567589724
561,protein_embedding_entity_label_shuffle_plus_exact_degree_ppi_label_shuffle,1,2,871908,0.4999953613473239,0.000310227462385807
561,protein_embedding_entity_label_shuffle_plus_exact_degree_ppi_label_shuffle,2,3,723560,0.49999345556025176,0.00033834694043624386
561,protein_embedding_entity_label_shuffle_plus_exact_degree_ppi_label_shuffle,3,4,82865,0.5014099424912961,0.0009900029091846057
561,protein_embedding_entity_label_shuffle_plus_exact_degree_ppi_label_shuffle,4,>4,2649,0.5633250936771987,0.005485257744546224
562,protein_embedding_entity_label_shuffle_plus_exact_degree_ppi_label_shuffle,0,1,12624,0.5099552109677532,0.002585091938241536
562,protein_embedding_entity_label_shuffle_plus_exact_degree_ppi_label_shuffle,1,2,898317,0.5073689510244229,0.0003052773144153267
562,protein_embedding_entity_label_shuffle_plus_exact_degree_ppi_label_shuffle,2,3,698424,0.4949654967067114,0.0003447167019900376
562,protein_embedding_entity_label_shuffle_plus_exact_degree_ppi_label_shuffle,3,4,82448,0.4746216875225954,0.0009923420143154722
562,protein_embedding_entity_label_shuffle_plus_exact_degree_ppi_label_shuffle,4,>4,3748,0.4535916947548568,0.004716026865375644
563,protein_embedding_entity_label_shuffle_plus_exact_degree_ppi_label_shuffle,0,1,12790,0.5086416580899694,0.002564512512414812
563,protein_embedding_entity_label_shuffle_plus_exact_degree_ppi_label_shuffle,1,2,895827,0.5020833574738056,0.00030634252334074485
563,protein_embedding_entity_label_shuffle_plus_exact_degree_ppi_label_shuffle,2,3,703073,0.4991884444812803,0.00034205723420364963
563,protein_embedding_entity_label_shuffle_plus_exact_degree_ppi_label_shuffle,3,4,80875,0.4831411584908761,0.0010140146615466102
563,protein_embedding_entity_label_shuffle_plus_exact_degree_ppi_label_shuffle,4,>4,4838,0.45010741597048015,0.0043388422136386865
564,protein_embedding_entity_label_shuffle_plus_exact_degree_ppi_label_shuffle,0,1,12905,0.5365490553065292,0.002589669263787821
564,protein_embedding_entity_label_shuffle_plus_exact_degree_ppi_label_shuffle,1,2,874012,0.5060453558279213,0.0003107884696536725
564,protein_embedding_entity_label_shuffle_plus_exact_degree_ppi_label_shuffle,2,3,715201,0.4945045027234008,0.0003395719430423002
564,protein_embedding_entity_label_shuffle_plus_exact_degree_ppi_label_shuffle,3,4,90640,0.487493070636711,0.0009356805507268182
564,protein_embedding_entity_label_shuffle_plus_exact_degree_ppi_label_shuffle,4,>4,4645,0.5021344351839898,0.0042309294454638486
565,protein_embedding_entity_label_shuffle_plus_exact_degree_ppi_label_shuffle,0,1,12715,0.49747129642579735,0.0025259061678717504
565,protein_embedding_entity_label_shuffle_plus_exact_degree_ppi_label_shuffle,1,2,886454,0.49909354309805976,0.00030461128088662346
565,protein_embedding_entity_label_shuffle_plus_exact_degree_ppi_label_shuffle,2,3,711082,0.4970239038462687,0.00034339258315802885
565,protein_embedding_entity_label_shuffle_plus_exact_degree_ppi_label_shuffle,3,4,78412,0.5126814167789585,0.0010534084721500478
565,protein_embedding_entity_label_shuffle_plus_exact_degree_ppi_label_shuffle,4,>4,8740,0.6091259875477021,0.003248306327880564
566,protein_embedding_entity_label_shuffle_plus_exact_degree_ppi_label_shuffle,0,1,12788,0.49250748597778976,0.002495999228199432
566,protein_embedding_entity_label_shuffle_plus_exact_degree_ppi_label_shuffle,1,2,908478,0.49873857184708364,0.00030309634116689745
566,protein_embedding_entity_label_shuffle_plus_exact_degree_ppi_label_shuffle,2,3,689783,0.5006357325453946,0.00034838958856338087
566,protein_embedding_entity_label_shuffle_plus_exact_degree_ppi_label_shuffle,3,4,80805,0.4963327684780139,0.0009906786480043685
566,protein_embedding_entity_label_shuffle_plus_exact_degree_ppi_label_shuffle,4,>4,3707,0.48187546328993014,0.004593074132744902
567,protein_embedding_entity_label_shuffle_plus_exact_degree_ppi_label_shuffle,0,1,12907,0.5019578063042237,0.002568805681494453
567,protein_embedding_entity_label_shuffle_plus_exact_degree_ppi_label_shuffle,1,2,925926,0.49895273427729864,0.0003010225976932856
567,protein_embedding_entity_label_shuffle_plus_exact_degree_ppi_label_shuffle,2,3,676016,0.5020306410016528,0.0003510582092725955
567,protein_embedding_entity_label_shuffle_plus_exact_degree_ppi_label_shuffle,3,4,77908,0.49993275554322975,0.0010068259246612044
567,protein_embedding_entity_label_shuffle_plus_exact_degree_ppi_label_shuffle,4,>4,2804,0.4892900508583588,0.004883816355447782
568,protein_embedding_entity_label_shuffle_plus_exact_degree_ppi_label_shuffle,0,1,12694,0.5049232114294626,0.0025775303554209307
568,protein_embedding_entity_label_shuffle_plus_exact_degree_ppi_label_shuffle,1,2,888282,0.4965770338202816,0.0003075748380279959
568,protein_embedding_entity_label_shuffle_plus_exact_degree_ppi_label_shuffle,2,3,711750,0.50572018871399,0.0003410563225239283
568,protein_embedding_entity_label_shuffle_plus_exact_degree_ppi_label_shuffle,3,4,77155,0.49049744003615975,0.001014685497861803
568,protein_embedding_entity_label_shuffle_plus_exact_degree_ppi_label_shuffle,4,>4,1999,0.4567493690201206,0.005979682742552674
569,protein_embedding_entity_label_shuffle_plus_exact_degree_ppi_label_shuffle,0,1,12832,0.5024409435447684,0.0025059253886067275
569,protein_embedding_entity_label_shuffle_plus_exact_degree_ppi_label_shuffle,1,2,907667,0.4975804675854549,0.0003016130630461464
569,protein_embedding_entity_label_shuffle_plus_exact_degree_ppi_label_shuffle,2,3,694736,0.5032372393119968,0.00034844010482023153
569,protein_embedding_entity_label_shuffle_plus_exact_degree_ppi_label_shuffle,3,4,77914,0.4986072051329529,0.0010407825366180684
569,protein_embedding_entity_label_shuffle_plus_exact_degree_ppi_label_shuffle,4,>4,2412,0.5055102541975379,0.005570252879242682
570,protein_embedding_entity_label_shuffle_plus_exact_degree_ppi_label_shuffle,0,1,12754,0.49861474856797205,0.0025220515518925455
570,protein_embedding_entity_label_shuffle_plus_exact_degree_ppi_label_shuffle,1,2,889314,0.49591986227909324,0.0003055786193376379
570,protein_embedding_entity_label_shuffle_plus_exact_degree_ppi_label_shuffle,2,3,704822,0.5015949624328325,0.0003438259666827927
570,protein_embedding_entity_label_shuffle_plus_exact_degree_ppi_label_shuffle,3,4,84368,0.5183982077267214,0.0010045542202230405
570,protein_embedding_entity_label_shuffle_plus_exact_degree_ppi_label_shuffle,4,>4,4303,0.5394718224986117,0.0042891996561677465
571,protein_embedding_entity_label_shuffle_plus_exact_degree_ppi_label_shuffle,0,1,12719,0.5209598034227986,0.002564851529524081
571,protein_embedding_entity_label_shuffle_plus_exact_degree_ppi_label_shuffle,1,2,914181,0.5013465741214818,0.00030205185713584696
571,protein_embedding_entity_label_shuffle_plus_exact_degree_ppi_label_shuffle,2,3,688444,0.4989494047863616,0.00034789978630544506
571,protein_embedding_entity_label_shuffle_plus_exact_degree_ppi_label_shuffle,3,4,72185,0.48486431117664786,0.0010556336309912495
571,protein_embedding_entity_label_shuffle_plus_exact_degree_ppi_label_shuffle,4,>4,8032,0.6235543092570447,0.0029562584181607936
572,protein_embedding_entity_label_shuffle_plus_exact_degree_ppi_label_shuffle,0,1,12852,0.4924821071778853,0.002539681948052274
572,protein_embedding_entity_label_shuffle_plus_exact_degree_ppi_label_shuffle,1,2,863338,0.4926338327773735,0.0003105381391542258
572,protein_embedding_entity_label_shuffle_plus_exact_degree_ppi_label_shuffle,2,3,736553,0.5063546881063627,0.0003363821089814512
572,protein_embedding_entity_label_shuffle_plus_exact_degree_ppi_label_shuffle,3,4,79315,0.5072573040902371,0.0010089403401924875
572,protein_embedding_entity_label_shuffle_plus_exact_degree_ppi_label_shuffle,4,>4,3503,0.5450189915330249,0.00482597051487472
573,protein_embedding_entity_label_shuffle_plus_exact_degree_ppi_label_shuffle,0,1,12862,0.4842280022535988,0.002503515646229748
573,protein_embedding_entity_label_shuffle_plus_exact_degree_ppi_label_shuffle,1,2,916711,0.4892870088034136,0.0002991959661850464
573,protein_embedding_entity_label_shuffle_plus_exact_degree_ppi_label_shuffle,2,3,691432,0.50980096025633,0.00034992097315834876
573,protein_embedding_entity_label_shuffle_plus_exact_degree_ppi_label_shuffle,3,4,71696,0.542881261080237,0.0010883029712307657
573,protein_embedding_entity_label_shuffle_plus_exact_degree_ppi_label_shuffle,4,>4,4702,0.49726403272221015,0.00404971614177285
574,protein_embedding_entity_label_shuffle_plus_exact_degree_ppi_label_shuffle,0,1,12737,0.481188394872187,0.0024856335191359253
574,protein_embedding_entity_label_shuffle_plus_exact_degree_ppi_label_shuffle,1,2,889254,0.49784294192218226,0.0003043908675617689
574,protein_embedding_entity_label_shuffle_plus_exact_degree_ppi_label_shuffle,2,3,719377,0.5018644186544367,0.00034196236486681516
574,protein_embedding_entity_label_shuffle_plus_exact_degree_ppi_label_shuffle,3,4,72999,0.5155682942987124,0.0010914006201801349
574,protein_embedding_entity_label_shuffle_plus_exact_degree_ppi_label_shuffle,4,>4,1194,0.5329580210416303,0.009136312182358136
575,protein_embedding_entity_label_shuffle_plus_exact_degree_ppi_label_shuffle,0,1,12779,0.49398539318170614,0.0026148191048760735
575,protein_embedding_entity_label_shuffle_plus_exact_degree_ppi_label_shuffle,1,2,894239,0.5052505994812498,0.00030759220920378204
575,protein_embedding_entity_label_shuffle_plus_exact_degree_ppi_label_shuffle,2,3,715245,0.49463127010117325,0.0003386504681047476
575,protein_embedding_entity_label_shuffle_plus_exact_degree_ppi_label_shuffle,3,4,71075,0.4774484368461742,0.001063324950590223
575,protein_embedding_entity_label_shuffle_plus_exact_degree_ppi_label_shuffle,4,>4,2223,0.44930643487267014,0.0058799439805996695
576,protein_embedding_entity_label_shuffle_plus_exact_degree_ppi_label_shuffle,0,1,12842,0.5227650072521826,0.002585108982573479
576,protein_embedding_entity_label_shuffle_plus_exact_degree_ppi_label_shuffle,1,2,881679,0.501422990799331,0.0003095163607186741
576,protein_embedding_entity_label_shuffle_plus_exact_degree_ppi_label_shuffle,2,3,717373,0.49923149805198985,0.00033899260833289093
576,protein_embedding_entity_label_shuffle_plus_exact_degree_ppi_label_shuffle,3,4,79680,0.49711157478591905,0.0010036282236997153
576,protein_embedding_entity_label_shuffle_plus_exact_degree_ppi_label_shuffle,4,>4,5829,0.4641713475965884,0.0034858334929129533
577,protein_embedding_entity_label_shuffle_plus_exact_degree_ppi_label_shuffle,0,1,12794,0.5167207221931645,0.0025244286108297136
577,protein_embedding_entity_label_shuffle_plus_exact_degree_ppi_label_shuffle,1,2,916267,0.49631777106071523,0.0003008254883568486
577,protein_embedding_entity_label_shuffle_plus_exact_degree_ppi_label_shuffle,2,3,685304,0.5060929833728328,0.00034949488824147473
577,protein_embedding_entity_label_shuffle_plus_exact_degree_ppi_label_shuffle,3,4,76257,0.4884840521481722,0.0010376879838385191
577,protein_embedding_entity_label_shuffle_plus_exact_degree_ppi_label_shuffle,4,>4,4939,0.6467481272457993,0.004596093365429385
578,protein_embedding_entity_label_shuffle_plus_exact_degree_ppi_label_shuffle,0,1,12663,0.48940536745340757,0.00251193211827124
578,protein_embedding_entity_label_shuffle_plus_exact_degree_ppi_label_shuffle,1,2,880889,0.49861022952618533,0.00030826254710507843
578,protein_embedding_entity_label_shuffle_plus_exact_degree_ppi_label_shuffle,2,3,706403,0.5030374919093892,0.0003432263296628504
578,protein_embedding_entity_label_shuffle_plus_exact_degree_ppi_label_shuffle,3,4,89390,0.4850429129318603,0.0009534319290160177
578,protein_embedding_entity_label_shuffle_plus_exact_degree_ppi_label_shuffle,4,>4,4375,0.44597678793148293,0.004080003672214358
579,protein_embedding_entity_label_shuffle_plus_exact_degree_ppi_label_shuffle,0,1,12443,0.488971348665359,0.0025858946307516064
579,protein_embedding_entity_label_shuffle_plus_exact_degree_ppi_label_shuffle,1,2,873465,0.5020235311341384,0.0003097915569067647
579,protein_embedding_entity_label_shuffle_plus_exact_degree_ppi_label_shuffle,2,3,713023,0.49765627323072753,0.00034144414853705423
579,protein_embedding_entity_label_shuffle_plus_exact_degree_ppi_label_shuffle,3,4,92904,0.501855687962968,0.0009339030814435097
579,protein_embedding_entity_label_shuffle_plus_exact_degree_ppi_label_shuffle,4,>4,5568,0.4900377367421842,0.0035555825540011863
580,protein_embedding_entity_label_shuffle_plus_exact_degree_ppi_label_shuffle,0,1,12888,0.49352216071150334,0.0025120408104611406
580,protein_embedding_entity_label_shuffle_plus_exact_degree_ppi_label_shuffle,1,2,898813,0.5033260027401646,0.0003042380624242959
580,protein_embedding_entity_label_shuffle_plus_exact_degree_ppi_label_shuffle,2,3,698112,0.496968101809792,0.0003451498385359597
580,protein_embedding_entity_label_shuffle_plus_exact_degree_ppi_label_shuffle,3,4,83845,0.4850028166028037,0.0010067132456384944
580,protein_embedding_entity_label_shuffle_plus_exact_degree_ppi_label_shuffle,4,>4,3745,0.5384045561625124,0.005248513542646137
581,protein_embedding_entity_label_shuffle_plus_exact_degree_ppi_label_shuffle,0,1,12734,0.5370596792610568,0.002536481308760297
581,protein_embedding_entity_label_shuffle_plus_exact_degree_ppi_label_shuffle,1,2,866976,0.5026075632758557,0.0003117616976694522
581,protein_embedding_entity_label_shuffle_plus_exact_degree_ppi_label_shuffle,2,3,721270,0.49673977816485915,0.0003377378287783329
581,protein_embedding_entity_label_shuffle_plus_exact_degree_ppi_label_shuffle,3,4,90834,0.48458743944964494,0.0009438691267810267
581,protein_embedding_entity_label_shuffle_plus_exact_degree_ppi_label_shuffle,4,>4,5589,0.6204332133133399,0.004074989079841702
582,protein_embedding_entity_label_shuffle_plus_exact_degree_ppi_label_shuffle,0,1,12686,0.4996694918834879,0.002488027571800345
582,protein_embedding_entity_label_shuffle_plus_exact_degree_ppi_label_shuffle,1,2,869321,0.4972584344913086,0.00030761683573407095
582,protein_embedding_entity_label_shuffle_plus_exact_degree_ppi_label_shuffle,2,3,724241,0.5036675323954455,0.0003418653392636011
582,protein_embedding_entity_label_shuffle_plus_exact_degree_ppi_label_shuffle,3,4,86420,0.5003584292148783,0.0009923914468937577
582,protein_embedding_entity_label_shuffle_plus_exact_degree_ppi_label_shuffle,4,>4,2893,0.5322102528211353,0.005359167353613612
583,protein_embedding_entity_label_shuffle_plus_exact_degree_ppi_label_shuffle,0,1,12863,0.5056195100419317,0.0025032722919167126
583,protein_embedding_entity_label_shuffle_plus_exact_degree_ppi_label_shuffle,1,2,886200,0.4961036547010752,0.0003074995553679375
583,protein_embedding_entity_label_shuffle_plus_exact_degree_ppi_label_shuffle,2,3,710299,0.5030166461630701,0.0003409510851554193
583,protein_embedding_entity_label_shuffle_plus_exact_degree_ppi_label_shuffle,3,4,82693,0.5158551044935515,0.001012675470653015
583,protein_embedding_entity_label_shuffle_plus_exact_degree_ppi_label_shuffle,4,>4,3506,0.5459343295113149,0.005464722029555895
584,protein_embedding_entity_label_shuffle_plus_exact_degree_ppi_label_shuffle,0,1,12719,0.5243520103989543,0.002625329864841953
584,protein_embedding_entity_label_shuffle_plus_exact_degree_ppi_label_shuffle,1,2,874806,0.5048138831310901,0.00030870319152474855
584,protein_embedding_entity_label_shuffle_plus_exact_degree_ppi_label_shuffle,2,3,723770,0.49346814255701366,0.00033809159562603596
584,protein_embedding_entity_label_shuffle_plus_exact_degree_ppi_label_shuffle,3,4,83311,0.5008490783270624,0.0010228265633211858
584,protein_embedding_entity_label_shuffle_plus_exact_degree_ppi_label_shuffle,4,>4,2797,0.5249894400012973,0.005839105992083759
585,protein_embedding_entity_label_shuffle_plus_exact_degree_ppi_label_shuffle,0,1,12656,0.4903480684892143,0.002576453427654514
585,protein_embedding_entity_label_shuffle_plus_exact_degree_ppi_label_shuffle,1,2,885057,0.5038432039406677,0.00030912674963790027
585,protein_embedding_entity_label_shuffle_plus_exact_degree_ppi_label_shuffle,2,3,713123,0.4984080117454017,0.0003400078678667981
585,protein_embedding_entity_label_shuffle_plus_exact_degree_ppi_label_shuffle,3,4,82238,0.47844800223800255,0.000982797705849237
585,protein_embedding_entity_label_shuffle_plus_exact_degree_ppi_label_shuffle,4,>4,2487,0.43683106289137547,0.005000523633761399
586,protein_embedding_entity_label_shuffle_plus_exact_degree_ppi_label_shuffle,0,1,12785,0.48507731871011023,0.0025108023761079975
586,protein_embedding_entity_label_shuffle_plus_exact_degree_ppi_label_shuffle,1,2,891808,0.497065061674838,0.0003056265722372856
586,protein_embedding_entity_label_shuffle_plus_exact_degree_ppi_label_shuffle,2,3,698061,0.5010315240723614,0.00034508952568773756
586,protein_embedding_entity_label_shuffle_plus_exact_degree_ppi_label_shuffle,3,4,89345,0.5108833660578519,0.0009750489536638729
586,protein_embedding_entity_label_shuffle_plus_exact_degree_ppi_label_shuffle,4,>4,5404,0.5571745303163838,0.0038186556061243246
587,protein_embedding_entity_label_shuffle_plus_exact_degree_ppi_label_shuffle,0,1,12908,0.5125756042428575,0.00258421706654005
587,protein_embedding_entity_label_shuffle_plus_exact_degree_ppi_label_shuffle,1,2,892791,0.5027251199090481,0.00030584035997523456
587,protein_embedding_entity_label_shuffle_plus_exact_degree_ppi_label_shuffle,2,3,696023,0.49749919403197174,0.00034545108418829743
587,protein_embedding_entity_label_shuffle_plus_exact_degree_ppi_label_shuffle,3,4,85459,0.4762002809949841,0.0009778373335242619
587,protein_embedding_entity_label_shuffle_plus_exact_degree_ppi_label_shuffle,4,>4,6539,0.5103148655220053,0.0034992154665132364
588,protein_embedding_entity_label_shuffle_plus_exact_degree_ppi_label_shuffle,0,1,12883,0.4879325277578716,0.0025231220818831422
588,protein_embedding_entity_label_shuffle_plus_exact_degree_ppi_label_shuffle,1,2,899260,0.5011251302484495,0.0003040858861533989
588,protein_embedding_entity_label_shuffle_plus_exact_degree_ppi_label_shuffle,2,3,687470,0.49920893161859037,0.0003491192032249232
588,protein_embedding_entity_label_shuffle_plus_exact_degree_ppi_label_shuffle,3,4,88740,0.49810283220907436,0.0009679582048189012
588,protein_embedding_entity_label_shuffle_plus_exact_degree_ppi_label_shuffle,4,>4,5367,0.5258939146434574,0.0038873936607589127
589,protein_embedding_entity_label_shuffle_plus_exact_degree_ppi_label_shuffle,0,1,12803,0.4911133107554503,0.002525170948942896
589,protein_embedding_entity_label_shuffle_plus_exact_degree_ppi_label_shuffle,1,2,851147,0.4933979966598417,0.0003107514485151098
589,protein_embedding_entity_label_shuffle_plus_exact_degree_ppi_label_shuffle,2,3,730085,0.5082149117956359,0.0003397614145433263
589,protein_embedding_entity_label_shuffle_plus_exact_degree_ppi_label_shuffle,3,4,91781,0.5099146721627615,0.0009610184544330188
589,protein_embedding_entity_label_shuffle_plus_exact_degree_ppi_label_shuffle,4,>4,7904,0.43764551010720726,0.003143832573298844
590,protein_embedding_entity_label_shuffle_plus_exact_degree_ppi_label_shuffle,0,1,12718,0.4993767203210748,0.002576685685223081
590,protein_embedding_entity_label_shuffle_plus_exact_degree_ppi_label_shuffle,1,2,905622,0.5066346548299547,0.00030519977800657955
590,protein_embedding_entity_label_shuffle_plus_exact_degree_ppi_label_shuffle,2,3,704792,0.4893795347030747,0.000340439891669133
590,protein_embedding_entity_label_shuffle_plus_exact_degree_ppi_label_shuffle,3,4,69366,0.4832123209683196,0.001065349740958473
590,protein_embedding_entity_label_shuffle_plus_exact_degree_ppi_label_shuffle,4,>4,3063,0.6748262186870149,0.004570926978335703
591,protein_embedding_entity_label_shuffle_plus_exact_degree_ppi_label_shuffle,0,1,12759,0.4995774844439734,0.0026143041726430284
591,protein_embedding_entity_label_shuffle_plus_exact_degree_ppi_label_shuffle,1,2,870244,0.49856395188834135,0.0003098771763463165
591,protein_embedding_entity_label_shuffle_plus_exact_degree_ppi_label_shuffle,2,3,720896,0.5029273650781044,0.00033915781636265947
591,protein_embedding_entity_label_shuffle_plus_exact_degree_ppi_label_shuffle,3,4,88915,0.4830314713676025,0.0009597358921923894
591,protein_embedding_entity_label_shuffle_plus_exact_degree_ppi_label_shuffle,4,>4,4589,0.41970293564586464,0.004148412132165895
592,protein_embedding_entity_label_shuffle_plus_exact_degree_ppi_label_shuffle,0,1,12776,0.49064491545508526,0.0024807497760225557
592,protein_embedding_entity_label_shuffle_plus_exact_degree_ppi_label_shuffle,1,2,863144,0.5004035077517911,0.0003087146964124529
592,protein_embedding_entity_label_shuffle_plus_exact_degree_ppi_label_shuffle,2,3,737099,0.5018877425917632,0.00033825357416396594
592,protein_embedding_entity_label_shuffle_plus_exact_degree_ppi_label_shuffle,3,4,80265,0.4891678769060328,0.0010396453739910268
592,protein_embedding_entity_label_shuffle_plus_exact_degree_ppi_label_shuffle,4,>4,4119,0.5221826214340131,0.004541024084429666
593,protein_embedding_entity_label_shuffle_plus_exact_degree_ppi_label_shuffle,0,1,12587,0.4753307668101119,0.0025388661759636767
593,protein_embedding_entity_label_shuffle_plus_exact_degree_ppi_label_shuffle,1,2,890560,0.49923681030508543,0.0003069980943811421
593,protein_embedding_entity_label_shuffle_plus_exact_degree_ppi_label_shuffle,2,3,695814,0.499558516334019,0.00034529200262697717
593,protein_embedding_entity_label_shuffle_plus_exact_degree_ppi_label_shuffle,3,4,92788,0.5198640944545673,0.0009402135453384963
593,protein_embedding_entity_label_shuffle_plus_exact_degree_ppi_label_shuffle,4,>4,3812,0.5340934102897471,0.004488694989407377
594,protein_embedding_entity_label_shuffle_plus_exact_degree_ppi_label_shuffle,0,1,12710,0.4755145770284626,0.0025459420763809314
594,protein_embedding_entity_label_shuffle_plus_exact_degree_ppi_label_shuffle,1,2,899565,0.49836035688312674,0.00030347959021854835
594,protein_embedding_entity_label_shuffle_plus_exact_degree_ppi_label_shuffle,2,3,709356,0.500872229736056,0.00034402284752424055
594,protein_embedding_entity_label_shuffle_plus_exact_degree_ppi_label_shuffle,3,4,73973,0.5126788445791355,0.0010709041197314135
594,protein_embedding_entity_label_shuffle_plus_exact_degree_ppi_label_shuffle,4,>4,1799,0.5201362367423848,0.006725694134610701
595,protein_embedding_entity_label_shuffle_plus_exact_degree_ppi_label_shuffle,0,1,12663,0.4855102073473611,0.0025560803905846957
595,protein_embedding_entity_label_shuffle_plus_exact_degree_ppi_label_shuffle,1,2,894310,0.5002580782289187,0.0003057913557426651
595,protein_embedding_entity_label_shuffle_plus_exact_degree_ppi_label_shuffle,2,3,701211,0.4973132539719597,0.00034331277406555153
595,protein_embedding_entity_label_shuffle_plus_exact_degree_ppi_label_shuffle,3,4,81732,0.5130693871057582,0.0010188703420711813
595,protein_embedding_entity_label_shuffle_plus_exact_degree_ppi_label_shuffle,4,>4,5645,0.5443898449817425,0.003979756025012635
596,protein_embedding_entity_label_shuffle_plus_exact_degree_ppi_label_shuffle,0,1,12845,0.5106134287069007,0.0025087870066202588
596,protein_embedding_entity_label_shuffle_plus_exact_degree_ppi_label_shuffle,1,2,856274,0.49985271819376653,0.00030975780572342214
596,protein_embedding_entity_label_shuffle_plus_exact_degree_ppi_label_shuffle,2,3,726945,0.49910631792532445,0.00034077157436418487
596,protein_embedding_entity_label_shuffle_plus_exact_degree_ppi_label_shuffle,3,4,96672,0.5006349479656019,0.0009491605566252889
596,protein_embedding_entity_label_shuffle_plus_exact_degree_ppi_label_shuffle,4,>4,4667,0.5199028163998408,0.004311427821404369
597,protein_embedding_entity_label_shuffle_plus_exact_degree_ppi_label_shuffle,0,1,12967,0.5056321334368771,0.00253485394480055
597,protein_embedding_entity_label_shuffle_plus_exact_degree_ppi_label_shuffle,1,2,908816,0.5027260424163496,0.0003020039928255767
597,protein_embedding_entity_label_shuffle_plus_exact_degree_ppi_label_shuffle,2,3,693275,0.4949612012489939,0.000347254185467796
597,protein_embedding_entity_label_shuffle_plus_exact_degree_ppi_label_shuffle,3,4,75886,0.5122660538808572,0.001073324712861233
597,protein_embedding_entity_label_shuffle_plus_exact_degree_ppi_label_shuffle,4,>4,4617,0.5299412340307654,0.004534867375927446
598,protein_embedding_entity_label_shuffle_plus_exact_degree_ppi_label_shuffle,0,1,12913,0.47800054994105784,0.0025637281153939972
598,protein_embedding_entity_label_shuffle_plus_exact_degree_ppi_label_shuffle,1,2,909579,0.49966118364131484,0.00030393098009840315
598,protein_embedding_entity_label_shuffle_plus_exact_degree_ppi_label_shuffle,2,3,687810,0.49893311858965406,0.000346146016200821
598,protein_embedding_entity_label_shuffle_plus_exact_degree_ppi_label_shuffle,3,4,78866,0.5218647646972925,0.0010219964604555889
598,protein_embedding_entity_label_shuffle_plus_exact_degree_ppi_label_shuffle,4,>4,4552,0.5962509649773073,0.004011013669251062
599,protein_embedding_entity_label_shuffle_plus_exact_degree_ppi_label_shuffle,0,1,12891,0.4991664228520698,0.002538580252296211
599,protein_embedding_entity_label_shuffle_plus_exact_degree_ppi_label_shuffle,1,2,884677,0.49707301024309214,0.00030736410054037303
599,protein_embedding_entity_label_shuffle_plus_exact_degree_ppi_label_shuffle,2,3,706714,0.5053957176752517,0.0003433083076674997
599,protein_embedding_entity_label_shuffle_plus_exact_degree_ppi_label_shuffle,3,4,87030,0.5000694069569626,0.0009749716389101757
599,protein_embedding_entity_label_shuffle_plus_exact_degree_ppi_label_shuffle,4,>4,4249,0.39744947996854063,0.004307539049688516
600,protein_embedding_entity_label_shuffle_plus_exact_degree_ppi_label_shuffle,0,1,12834,0.49663840336239096,0.0026140139268044874
600,protein_embedding_entity_label_shuffle_plus_exact_degree_ppi_label_shuffle,1,2,895558,0.4966234201191086,0.00030521701372788877
600,protein_embedding_entity_label_shuffle_plus_exact_degree_ppi_label_shuffle,2,3,703903,0.5009210836682592,0.00034315427412649643
600,protein_embedding_entity_label_shuffle_plus_exact_degree_ppi_label_shuffle,3,4,79874,0.5211412387586652,0.0010314534768565606
600,protein_embedding_entity_label_shuffle_plus_exact_degree_ppi_label_shuffle,4,>4,3392,0.5606127880877044,0.00509377397446744
601,protein_embedding_entity_label_shuffle_plus_exact_degree_ppi_label_shuffle,0,1,12703,0.5174901040929414,0.0025536898934706274
601,protein_embedding_entity_label_shuffle_plus_exact_degree_ppi_label_shuffle,1,2,886552,0.5004640002794634,0.0003060868190461266
601,protein_embedding_entity_label_shuffle_plus_exact_degree_ppi_label_shuffle,2,3,711218,0.49844179305569547,0.00034189671428657873
601,protein_embedding_entity_label_shuffle_plus_exact_degree_ppi_label_shuffle,3,4,75789,0.4946040582965379,0.0010683053791417183
601,protein_embedding_entity_label_shuffle_plus_exact_degree_ppi_label_shuffle,4,>4,3779,0.6611312455749633,0.005127870181802659
602,protein_embedding_entity_label_shuffle_plus_exact_degree_ppi_label_shuffle,0,1,12845,0.5204797640124088,0.002575940367340342
602,protein_embedding_entity_label_shuffle_plus_exact_degree_ppi_label_shuffle,1,2,906541,0.4972612706322142,0.0003037642323712757
602,protein_embedding_entity_label_shuffle_plus_exact_degree_ppi_label_shuffle,2,3,700801,0.501553754816525,0.00034443962022943046
602,protein_embedding_entity_label_shuffle_plus_exact_degree_ppi_label_shuffle,3,4,72343,0.5079059900424494,0.0010529783657061156
602,protein_embedding_entity_label_shuffle_plus_exact_degree_ppi_label_shuffle,4,>4,3031,0.4447179714487022,0.004765889630595789
603,protein_embedding_entity_label_shuffle_plus_exact_degree_ppi_label_shuffle,0,1,12708,0.5118647751805272,0.002595615940480913
603,protein_embedding_entity_label_shuffle_plus_exact_degree_ppi_label_shuffle,1,2,906790,0.49949986360051596,0.0003030815232833044
603,protein_embedding_entity_label_shuffle_plus_exact_degree_ppi_label_shuffle,2,3,695532,0.4976481606419605,0.00034458680791290874
603,protein_embedding_entity_label_shuffle_plus_exact_degree_ppi_label_shuffle,3,4,79533,0.5248551507713879,0.0010574536793810996
603,protein_embedding_entity_label_shuffle_plus_exact_degree_ppi_label_shuffle,4,>4,2840,0.5628557555795525,0.005507516242535099
604,protein_embedding_entity_label_shuffle_plus_exact_degree_ppi_label_shuffle,0,1,12849,0.48992824890738634,0.0025117183130201593
604,protein_embedding_entity_label_shuffle_plus_exact_degree_ppi_label_shuffle,1,2,894660,0.4935815872085911,0.0003046162879504186
604,protein_embedding_entity_label_shuffle_plus_exact_degree_ppi_label_shuffle,2,3,700289,0.5085499125540313,0.00034576682000648145
604,protein_embedding_entity_label_shuffle_plus_exact_degree_ppi_label_shuffle,3,4,82740,0.5058977907639937,0.0010096895711015695
604,protein_embedding_entity_label_shuffle_plus_exact_degree_ppi_label_shuffle,4,>4,3182,0.4556632287406989,0.004966130886504417
605,protein_embedding_entity_label_shuffle_plus_exact_degree_ppi_label_shuffle,0,1,12704,0.5162041044985876,0.00263958880073819
605,protein_embedding_entity_label_shuffle_plus_exact_degree_ppi_label_shuffle,1,2,893857,0.5047872455306704,0.00030585487504757725
605,protein_embedding_entity_label_shuffle_plus_exact_degree_ppi_label_shuffle,2,3,713953,0.4971815056127944,0.00034205259230367114
605,protein_embedding_entity_label_shuffle_plus_exact_degree_ppi_label_shuffle,3,4,74667,0.4811089721741391,0.001020794189817575
605,protein_embedding_entity_label_shuffle_plus_exact_degree_ppi_label_shuffle,4,>4,2222,0.48198827214141815,0.00541503446410678
606,protein_embedding_entity_label_shuffle_plus_exact_degree_ppi_label_shuffle,0,1,12724,0.5036293238964407,0.002617726104719425
606,protein_embedding_entity_label_shuffle_plus_exact_degree_ppi_label_shuffle,1,2,927494,0.5030569522426405,0.00029998541063999695
606,protein_embedding_entity_label_shuffle_plus_exact_degree_ppi_label_shuffle,2,3,678217,0.4961883869817707,0.00034944797423291295
606,protein_embedding_entity_label_shuffle_plus_exact_degree_ppi_label_shuffle,3,4,71130,0.4946883170680531,0.0010851389951913747
606,protein_embedding_entity_label_shuffle_plus_exact_degree_ppi_label_shuffle,4,>4,4155,0.4334860534188704,0.004397942765519592
607,protein_embedding_entity_label_shuffle_plus_exact_degree_ppi_label_shuffle,0,1,12793,0.4946451066132818,0.0025253613202515187
607,protein_embedding_entity_label_shuffle_plus_exact_degree_ppi_label_shuffle,1,2,904270,0.4986559803601422,0.0003040386401662229
607,protein_embedding_entity_label_shuffle_plus_exact_degree_ppi_label_shuffle,2,3,685615,0.5019596523846807,0.0003477551556967297
607,protein_embedding_entity_label_shuffle_plus_exact_degree_ppi_label_shuffle,3,4,86849,0.48759131443598863,0.0009773493951341099
607,protein_embedding_entity_label_shuffle_plus_exact_degree_ppi_label_shuffle,4,>4,4193,0.4504265281222731,0.004312801704018438
608,protein_embedding_entity_label_shuffle_plus_exact_degree_ppi_label_shuffle,0,1,13111,0.4960604790798281,0.0025130577399148173
608,protein_embedding_entity_label_shuffle_plus_exact_degree_ppi_label_shuffle,1,2,922360,0.4983453510674941,0.00030063339036121494
608,protein_embedding_entity_label_shuffle_plus_exact_degree_ppi_label_shuffle,2,3,677478,0.5010716185715173,0.000350027345648407
608,protein_embedding_entity_label_shuffle_plus_exact_degree_ppi_label_shuffle,3,4,78692,0.5113517795373647,0.001038975383542045
608,protein_embedding_entity_label_shuffle_plus_exact_degree_ppi_label_shuffle,4,>4,5762,0.6463810256465076,0.0036977613804277977
609,protein_embedding_entity_label_shuffle_plus_exact_degree_ppi_label_shuffle,0,1,12718,0.4955356811352563,0.002581524296269439
609,protein_embedding_entity_label_shuffle_plus_exact_degree_ppi_label_shuffle,1,2,888978,0.4989835242380493,0.00030510619381680985
609,protein_embedding_entity_label_shuffle_plus_exact_degree_ppi_label_shuffle,2,3,711225,0.5018175953221908,0.00034433986609839844
609,protein_embedding_entity_label_shuffle_plus_exact_degree_ppi_label_shuffle,3,4,80854,0.5033392573537386,0.0010051656861533717
609,protein_embedding_entity_label_shuffle_plus_exact_degree_ppi_label_shuffle,4,>4,1786,0.5073669157159925,0.006620596084351899
610,protein_embedding_entity_label_shuffle_plus_exact_degree_ppi_label_shuffle,0,1,12837,0.477857382322139,0.002566724233098605
610,protein_embedding_entity_label_shuffle_plus_exact_degree_ppi_label_shuffle,1,2,901870,0.49526886640348966,0.0003033697659465448
610,protein_embedding_entity_label_shuffle_plus_exact_degree_ppi_label_shuffle,2,3,695810,0.5044205778842717,0.00034596044258778074
610,protein_embedding_entity_label_shuffle_plus_exact_degree_ppi_label_shuffle,3,4,80550,0.4997597686032403,0.0010224727437412478
610,protein_embedding_entity_label_shuffle_plus_exact_degree_ppi_label_shuffle,4,>4,2653,0.476629427862236,0.005585638130334708
611,protein_embedding_entity_label_shuffle_plus_exact_degree_ppi_label_shuffle,0,1,12637,0.4870507001745877,0.0026221962362924394
611,protein_embedding_entity_label_shuffle_plus_exact_degree_ppi_label_shuffle,1,2,903781,0.5027201369890915,0.00030480548320895034
611,protein_embedding_entity_label_shuffle_plus_exact_degree_ppi_label_shuffle,2,3,696150,0.4990296294375501,0.0003453897910171934
611,protein_embedding_entity_label_shuffle_plus_exact_degree_ppi_label_shuffle,3,4,78662,0.48608399641568667,0.001010311638337479
611,protein_embedding_entity_label_shuffle_plus_exact_degree_ppi_label_shuffle,4,>4,2490,0.43979865467646895,0.005545651335996627
612,protein_embedding_entity_label_shuffle_plus_exact_degree_ppi_label_shuffle,0,1,12933,0.5048112391768966,0.0025189931856170024
612,protein_embedding_entity_label_shuffle_plus_exact_degree_ppi_label_shuffle,1,2,862292,0.4984147901567453,0.0003097857486808217
612,protein_embedding_entity_label_shuffle_plus_exact_degree_ppi_label_shuffle,2,3,729787,0.5018967225747766,0.0003392889051635796
612,protein_embedding_entity_label_shuffle_plus_exact_degree_ppi_label_shuffle,3,4,87838,0.5022285367338055,0.0009723916139132305
612,protein_embedding_entity_label_shuffle_plus_exact_degree_ppi_label_shuffle,4,>4,2711,0.5325439089630445,0.005502116934734325
613,protein_embedding_entity_label_shuffle_plus_exact_degree_ppi_label_shuffle,0,1,12969,0.5010594369647802,0.0025134459365005026
613,protein_embedding_entity_label_shuffle_plus_exact_degree_ppi_label_shuffle,1,2,913913,0.5035094385146097,0.0003023023818885917
613,protein_embedding_entity_label_shuffle_plus_exact_degree_ppi_label_shuffle,2,3,687412,0.49716946630322173,0.00034765078994826193
613,protein_embedding_entity_label_shuffle_plus_exact_degree_ppi_label_shuffle,3,4,74457,0.4851328517840853,0.0010496800773679427
613,protein_embedding_entity_label_shuffle_plus_exact_degree_ppi_label_shuffle,4,>4,4969,0.49068536341932995,0.00428519499911687
614,protein_embedding_entity_label_shuffle_plus_exact_degree_ppi_label_shuffle,0,1,12767,0.5325324303983037,0.0025756760807411788
614,protein_embedding_entity_label_shuffle_plus_exact_degree_ppi_label_shuffle,1,2,900130,0.5047613162299355,0.0003054199163396816
614,protein_embedding_entity_label_shuffle_plus_exact_degree_ppi_label_shuffle,2,3,693806,0.4957609093109242,0.00034523725040013767
614,protein_embedding_entity_label_shuffle_plus_exact_degree_ppi_label_shuffle,3,4,86454,0.4868733114536681,0.0009730681505930856
614,protein_embedding_entity_label_shuffle_plus_exact_degree_ppi_label_shuffle,4,>4,4246,0.5181096633385666,0.004348376956177327
615,protein_embedding_entity_label_shuffle_plus_exact_degree_ppi_label_shuffle,0,1,12774,0.4912673536463819,0.0025783186321636244
615,protein_embedding_entity_label_shuffle_plus_exact_degree_ppi_label_shuffle,1,2,921557,0.501711899633255,0.0003020839811302652
615,protein_embedding_entity_label_shuffle_plus_exact_degree_ppi_label_shuffle,2,3,676624,0.49861639794208745,0.0003491527341897109
615,protein_embedding_entity_label_shuffle_plus_exact_degree_ppi_label_shuffle,3,4,80547,0.48558474264714435,0.001007650135009567
615,protein_embedding_entity_label_shuffle_plus_exact_degree_ppi_label_shuffle,4,>4,2218,0.45374109191234374,0.006045239452976704
616,protein_embedding_entity_label_shuffle_plus_exact_degree_ppi_label_shuffle,0,1,12838,0.4920437696726133,0.002505571813831971
616,protein_embedding_entity_label_shuffle_plus_exact_degree_ppi_label_shuffle,1,2,847448,0.5000359524842516,0.00031239174080195783
616,protein_embedding_entity_label_shuffle_plus_exact_degree_ppi_label_shuffle,2,3,745210,0.5010569156267264,0.00033600871722497353
616,protein_embedding_entity_label_shuffle_plus_exact_degree_ppi_label_shuffle,3,4,88262,0.4962591630761874,0.0009834237068926308
616,protein_embedding_entity_label_shuffle_plus_exact_degree_ppi_label_shuffle,4,>4,3645,0.4340541920211795,0.004677179225412269
617,protein_embedding_entity_label_shuffle_plus_exact_degree_ppi_label_shuffle,0,1,12711,0.5035642937970015,0.002580100509858972
617,protein_embedding_entity_label_shuffle_plus_exact_degree_ppi_label_shuffle,1,2,922781,0.5030575556904299,0.00030035817639910824
617,protein_embedding_entity_label_shuffle_plus_exact_degree_ppi_label_shuffle,2,3,677590,0.4974552557458645,0.0003513053201951501
617,protein_embedding_entity_label_shuffle_plus_exact_degree_ppi_label_shuffle,3,4,75620,0.4951438296653693,0.0010574614719327355
617,protein_embedding_entity_label_shuffle_plus_exact_degree_ppi_label_shuffle,4,>4,5018,0.5344426938092814,0.004017719985579414
618,protein_embedding_entity_label_shuffle_plus_exact_degree_ppi_label_shuffle,0,1,12859,0.48989720430774825,0.0024974807744622997
618,protein_embedding_entity_label_shuffle_plus_exact_degree_ppi_label_shuffle,1,2,906675,0.49794559293198626,0.0003027206139147812
618,protein_embedding_entity_label_shuffle_plus_exact_degree_ppi_label_shuffle,2,3,699854,0.5037717872262085,0.0003457096342553724
618,protein_embedding_entity_label_shuffle_plus_exact_degree_ppi_label_shuffle,3,4,74444,0.498673788852907,0.0010647400933836329
618,protein_embedding_entity_label_shuffle_plus_exact_degree_ppi_label_shuffle,4,>4,1729,0.4624314944221742,0.006880254282936388
619,protein_embedding_entity_label_shuffle_plus_exact_degree_ppi_label_shuffle,0,1,12717,0.47813837656106295,0.002536374133273444
619,protein_embedding_entity_label_shuffle_plus_exact_degree_ppi_label_shuffle,1,2,877659,0.49918164250056823,0.00030888573396057505
619,protein_embedding_entity_label_shuffle_plus_exact_degree_ppi_label_shuffle,2,3,714585,0.4997960295619431,0.00034051168047215583
619,protein_embedding_entity_label_shuffle_plus_exact_degree_ppi_label_shuffle,3,4,85366,0.4995622904919706,0.0009680133864629661
619,protein_embedding_entity_label_shuffle_plus_exact_degree_ppi_label_shuffle,4,>4,5234,0.4902280669954943,0.003986252170981812
620,protein_embedding_entity_label_shuffle_plus_exact_degree_ppi_label_shuffle,0,1,12780,0.49885943152143014,0.002523513054249534
620,protein_embedding_entity_label_shuffle_plus_exact_degree_ppi_label_shuffle,1,2,896076,0.5033695682224666,0.0003067089796702638
620,protein_embedding_entity_label_shuffle_plus_exact_degree_ppi_label_shuffle,2,3,695885,0.49768491422498357,0.00034474024606732684
620,protein_embedding_entity_label_shuffle_plus_exact_degree_ppi_label_shuffle,3,4,86755,0.48739467317279017,0.0009514491397099423
620,protein_embedding_entity_label_shuffle_plus_exact_degree_ppi_label_shuffle,4,>4,4065,0.5144851799127702,0.003893910701879247
621,protein_embedding_entity_label_shuffle_plus_exact_degree_ppi_label_shuffle,0,1,12937,0.4955087822122465,0.0025640082028538214
621,protein_embedding_entity_label_shuffle_plus_exact_degree_ppi_label_shuffle,1,2,885791,0.502190296083331,0.00030588009188184937
621,protein_embedding_entity_label_shuffle_plus_exact_degree_ppi_label_shuffle,2,3,717891,0.49968395754246964,0.00034182539507233696
621,protein_embedding_entity_label_shuffle_plus_exact_degree_ppi_label_shuffle,3,4,75390,0.476722709410758,0.0010474925889969616
621,protein_embedding_entity_label_shuffle_plus_exact_degree_ppi_label_shuffle,4,>4,3552,0.4541647462580647,0.0045843243058932785
622,protein_embedding_entity_label_shuffle_plus_exact_degree_ppi_label_shuffle,0,1,12873,0.502054164758729,0.0025567249546181348
622,protein_embedding_entity_label_shuffle_plus_exact_degree_ppi_label_shuffle,1,2,910118,0.5033653792058015,0.00030403849665623916
622,protein_embedding_entity_label_shuffle_plus_exact_degree_ppi_label_shuffle,2,3,697879,0.49623405040750607,0.0003438197353823184
622,protein_embedding_entity_label_shuffle_plus_exact_degree_ppi_label_shuffle,3,4,70511,0.4957752468403732,0.0010732006639879966
622,protein_embedding_entity_label_shuffle_plus_exact_degree_ppi_label_shuffle,4,>4,4180,0.5502238165058131,0.004002170212780553
623,protein_embedding_entity_label_shuffle_plus_exact_degree_ppi_label_shuffle,0,1,13031,0.5148697960921497,0.0024919188979051292
623,protein_embedding_entity_label_shuffle_plus_exact_degree_ppi_label_shuffle,1,2,897319,0.49870695900165096,0.00030314060652856
623,protein_embedding_entity_label_shuffle_plus_exact_degree_ppi_label_shuffle,2,3,713980,0.5019938856816349,0.00034439185774662063
623,protein_embedding_entity_label_shuffle_plus_exact_degree_ppi_label_shuffle,3,4,71440,0.49890586255550895,0.0010762856665135073
623,protein_embedding_entity_label_shuffle_plus_exact_degree_ppi_label_shuffle,4,>4,1633,0.4789949095132354,0.006910475006774437
624,protein_embedding_entity_label_shuffle_plus_exact_degree_ppi_label_shuffle,0,1,12863,0.4916045095663795,0.0025264150986253407
624,protein_embedding_entity_label_shuffle_plus_exact_degree_ppi_label_shuffle,1,2,884791,0.49875531635384074,0.00030635065497969287
624,protein_embedding_entity_label_shuffle_plus_exact_degree_ppi_label_shuffle,2,3,713469,0.5023395820901218,0.0003433362564074702
624,protein_embedding_entity_label_shuffle_plus_exact_degree_ppi_label_shuffle,3,4,81521,0.4874234620611514,0.0009864552323811014
624,protein_embedding_entity_label_shuffle_plus_exact_degree_ppi_label_shuffle,4,>4,4759,0.4362952969122995,0.003913064709738689
625,protein_embedding_entity_label_shuffle_plus_exact_degree_ppi_label_shuffle,0,1,12780,0.493977919791972,0.0025925702110612186
625,protein_embedding_entity_label_shuffle_plus_exact_degree_ppi_label_shuffle,1,2,868461,0.5010086211991791,0.0003115251464933263
625,protein_embedding_entity_label_shuffle_plus_exact_degree_ppi_label_shuffle,2,3,734382,0.5001656817045569,0.0003348389973592821
625,protein_embedding_entity_label_shuffle_plus_exact_degree_ppi_label_shuffle,3,4,78256,0.48386908130297207,0.0010094013067958032
625,protein_embedding_entity_label_shuffle_plus_exact_degree_ppi_label_shuffle,4,>4,1682,0.4531768763675614,0.00688390317268349
626,protein_embedding_entity_label_shuffle_plus_exact_degree_ppi_label_shuffle,0,1,12858,0.5028083346098733,0.0025313523268314306
626,protein_embedding_entity_label_shuffle_plus_exact_degree_ppi_label_shuffle,1,2,883899,0.5009081415157447,0.00030698209770719956
626,protein_embedding_entity_label_shuffle_plus_exact_degree_ppi_label_shuffle,2,3,706820,0.5001676732733915,0.00034410384599347217
626,protein_embedding_entity_label_shuffle_plus_exact_degree_ppi_label_shuffle,3,4,85227,0.49600072053153743,0.0009804386777463123
626,protein_embedding_entity_label_shuffle_plus_exact_degree_ppi_label_shuffle,4,>4,6757,0.42136009718194506,0.0034821554191096556
627,protein_embedding_entity_label_shuffle_plus_exact_degree_ppi_label_shuffle,0,1,12570,0.49143441719098463,0.0025413587827579575
627,protein_embedding_entity_label_shuffle_plus_exact_degree_ppi_label_shuffle,1,2,926595,0.4991079841032854,0.00030072890028664964
627,protein_embedding_entity_label_shuffle_plus_exact_degree_ppi_label_shuffle,2,3,680372,0.5002194765601805,0.0003498166194005291
627,protein_embedding_entity_label_shuffle_plus_exact_degree_ppi_label_shuffle,3,4,69621,0.5077402759362533,0.0010741123942200335
627,protein_embedding_entity_label_shuffle_plus_exact_degree_ppi_label_shuffle,4,>4,6403,0.5560517442848726,0.0033271671325728947
628,protein_embedding_entity_label_shuffle_plus_exact_degree_ppi_label_shuffle,0,1,12749,0.4914407508370411,0.0025021398567121812
628,protein_embedding_entity_label_shuffle_plus_exact_degree_ppi_label_shuffle,1,2,858710,0.49649390594534476,0.0003095718302233519
628,protein_embedding_entity_label_shuffle_plus_exact_degree_ppi_label_shuffle,2,3,727858,0.5054603362488325,0.00034038210798818596
628,protein_embedding_entity_label_shuffle_plus_exact_degree_ppi_label_shuffle,3,4,90945,0.49856425707209023,0.0009704209955541321
628,protein_embedding_entity_label_shuffle_plus_exact_degree_ppi_label_shuffle,4,>4,7141,0.4376408186708261,0.003399192971236425
629,protein_embedding_entity_label_shuffle_plus_exact_degree_ppi_label_shuffle,0,1,12649,0.50102954175599,0.0025823730875317043
629,protein_embedding_entity_label_shuffle_plus_exact_degree_ppi_label_shuffle,1,2,908194,0.5011023635020331,0.0003044776749185605
629,protein_embedding_entity_label_shuffle_plus_exact_degree_ppi_label_shuffle,2,3,691883,0.4973025313615696,0.0003445173253740461
629,protein_embedding_entity_label_shuffle_plus_exact_degree_ppi_label_shuffle,3,4,81592,0.5126056101967256,0.0010069814526555568
629,protein_embedding_entity_label_shuffle_plus_exact_degree_ppi_label_shuffle,4,>4,3085,0.5324440558017338,0.005166925388517263
630,protein_embedding_entity_label_shuffle_plus_exact_degree_ppi_label_shuffle,0,1,12947,0.5031301724418358,0.002509143451784967
630,protein_embedding_entity_label_shuffle_plus_exact_degree_ppi_label_shuffle,1,2,897523,0.4952565012759846,0.00030296847229595666
630,protein_embedding_entity_label_shuffle_plus_exact_degree_ppi_label_shuffle,2,3,693105,0.5062034697931309,0.0003490733371216091
630,protein_embedding_entity_label_shuffle_plus_exact_degree_ppi_label_shuffle,3,4,87052,0.5010728704876716,0.0009823458944574163
630,protein_embedding_entity_label_shuffle_plus_exact_degree_ppi_label_shuffle,4,>4,4934,0.44817830183014257,0.004103346668231517
631,protein_embedding_entity_label_shuffle_plus_exact_degree_ppi_label_shuffle,0,1,12954,0.49588263556647066,0.0024751996721499906
631,protein_embedding_entity_label_shuffle_plus_exact_degree_ppi_label_shuffle,1,2,885465,0.5018179058279596,0.00030486808432781114
631,protein_embedding_entity_label_shuffle_plus_exact_degree_ppi_label_shuffle,2,3,709500,0.49868068519495207,0.0003451328803580244
631,protein_embedding_entity_label_shuffle_plus_exact_degree_ppi_label_shuffle,3,4,83361,0.4948026879897232,0.001021514324924513
631,protein_embedding_entity_label_shuffle_plus_exact_degree_ppi_label_shuffle,4,>4,4281,0.5068966559600886,0.003952148080931135
632,protein_embedding_entity_label_shuffle_plus_exact_degree_ppi_label_shuffle,0,1,12802,0.4992793721679257,0.0025881449269923654
632,protein_embedding_entity_label_shuffle_plus_exact_degree_ppi_label_shuffle,1,2,891491,0.4976445006647465,0.0003051779342926677
632,protein_embedding_entity_label_shuffle_plus_exact_degree_ppi_label_shuffle,2,3,707247,0.5028434330692614,0.0003434797116215638
632,protein_embedding_entity_label_shuffle_plus_exact_degree_ppi_label_shuffle,3,4,81302,0.5002443517280859,0.0010148020108173516
632,protein_embedding_entity_label_shuffle_plus_exact_degree_ppi_label_shuffle,4,>4,4561,0.44460897322072046,0.0043549659127816095
633,protein_embedding_entity_label_shuffle_plus_exact_degree_ppi_label_shuffle,0,1,12840,0.4935426400106514,0.0025477698920176924
633,protein_embedding_entity_label_shuffle_plus_exact_degree_ppi_label_shuffle,1,2,884648,0.506003864868017,0.00030779182930492575
633,protein_embedding_entity_label_shuffle_plus_exact_degree_ppi_label_shuffle,2,3,713557,0.495260615554037,0.0003408373250376414
633,protein_embedding_entity_label_shuffle_plus_exact_degree_ppi_label_shuffle,3,4,77989,0.48659571790447753,0.0010194480558829314
633,protein_embedding_entity_label_shuffle_plus_exact_degree_ppi_label_shuffle,4,>4,4686,0.5416838290886563,0.003956156131905208
634,protein_embedding_entity_label_shuffle_plus_exact_degree_ppi_label_shuffle,0,1,12695,0.5085621640594854,0.0026150060238013867
634,protein_embedding_entity_label_shuffle_plus_exact_degree_ppi_label_shuffle,1,2,928909,0.5003980551238364,0.00030027971267561376
634,protein_embedding_entity_label_shuffle_plus_exact_degree_ppi_label_shuffle,2,3,684815,0.5007583699091314,0.00034772908346535926
634,protein_embedding_entity_label_shuffle_plus_exact_degree_ppi_label_shuffle,3,4,68924,0.48221537774314477,0.001084076102897914
634,protein_embedding_entity_label_shuffle_plus_exact_degree_ppi_label_shuffle,4,>4,2060,0.3883434573645269,0.005897937236485662
635,protein_embedding_entity_label_shuffle_plus_exact_degree_ppi_label_shuffle,0,1,12801,0.4907150842343159,0.002552253155565916
635,protein_embedding_entity_label_shuffle_plus_exact_degree_ppi_label_shuffle,1,2,890004,0.5002114109495562,0.0003072468187806051
635,protein_embedding_entity_label_shuffle_plus_exact_degree_ppi_label_shuffle,2,3,708089,0.4968095100434247,0.00034116917682867226
635,protein_embedding_entity_label_shuffle_plus_exact_degree_ppi_label_shuffle,3,4,82567,0.5061690960560504,0.0009947496043523252
635,protein_embedding_entity_label_shuffle_plus_exact_degree_ppi_label_shuffle,4,>4,3942,0.49009715452156816,0.004265654025022187
636,protein_embedding_entity_label_shuffle_plus_exact_degree_ppi_label_shuffle,0,1,13041,0.48533048676994794,0.0024922138569001035
636,protein_embedding_entity_label_shuffle_plus_exact_degree_ppi_label_shuffle,1,2,905524,0.5010007575538592,0.0003028870690496858
636,protein_embedding_entity_label_shuffle_plus_exact_degree_ppi_label_shuffle,2,3,707491,0.4996342936297507,0.00034415855200849133
636,protein_embedding_entity_label_shuffle_plus_exact_degree_ppi_label_shuffle,3,4,67556,0.5017108040991997,0.0011126195063607832
636,protein_embedding_entity_label_shuffle_plus_exact_degree_ppi_label_shuffle,4,>4,1949,0.45928752625698,0.006373959776478945
637,protein_embedding_entity_label_shuffle_plus_exact_degree_ppi_label_shuffle,0,1,12635,0.4931511720271377,0.0025089683525878416
637,protein_embedding_entity_label_shuffle_plus_exact_degree_ppi_label_shuffle,1,2,873664,0.504481564097521,0.00030988483128419465
637,protein_embedding_entity_label_shuffle_plus_exact_degree_ppi_label_shuffle,2,3,720053,0.49821632817720113,0.00033999260738444613
637,protein_embedding_entity_label_shuffle_plus_exact_degree_ppi_label_shuffle,3,4,84994,0.47624405300980327,0.0009677349585826649
637,protein_embedding_entity_label_shuffle_plus_exact_degree_ppi_label_shuffle,4,>4,4215,0.42096371525083004,0.003936504558464698
638,protein_embedding_entity_label_shuffle_plus_exact_degree_ppi_label_shuffle,0,1,12739,0.49059823093350147,0.0025215913180482207
638,protein_embedding_entity_label_shuffle_plus_exact_degree_ppi_label_shuffle,1,2,870248,0.49598900319626205,0.0003084530724395171
638,protein_embedding_entity_label_shuffle_plus_exact_degree_ppi_label_shuffle,2,3,722336,0.5041394401695104,0.0003400366085800479
638,protein_embedding_entity_label_shuffle_plus_exact_degree_ppi_label_shuffle,3,4,88429,0.5115358989480459,0.0009803766524606363
638,protein_embedding_entity_label_shuffle_plus_exact_degree_ppi_label_shuffle,4,>4,3651,0.48327923267196377,0.004954239692561642
639,protein_embedding_entity_label_shuffle_plus_exact_degree_ppi_label_shuffle,0,1,12755,0.48565444475160924,0.0025835394910517354
639,protein_embedding_entity_label_shuffle_plus_exact_degree_ppi_label_shuffle,1,2,881973,0.4932296703538266,0.00030648975828145007
639,protein_embedding_entity_label_shuffle_plus_exact_degree_ppi_label_shuffle,2,3,714504,0.5069572855580241,0.00034216552887115213
639,protein_embedding_entity_label_shuffle_plus_exact_degree_ppi_label_shuffle,3,4,80780,0.5137760740517265,0.0010210878206776798
639,protein_embedding_entity_label_shuffle_plus_exact_degree_ppi_label_shuffle,4,>4,3708,0.5174292539827936,0.004912753495789119
640,protein_embedding_entity_label_shuffle_plus_exact_degree_ppi_label_shuffle,0,1,12790,0.4949687532128384,0.0025195780124467326
640,protein_embedding_entity_label_shuffle_plus_exact_degree_ppi_label_shuffle,1,2,884006,0.4998051445400445,0.00030717177868432044
640,protein_embedding_entity_label_shuffle_plus_exact_degree_ppi_label_shuffle,2,3,713540,0.500119017917586,0.00034145392158896207
640,protein_embedding_entity_label_shuffle_plus_exact_degree_ppi_label_shuffle,3,4,78256,0.5161190138918477,0.00103933993629411
640,protein_embedding_entity_label_shuffle_plus_exact_degree_ppi_label_shuffle,4,>4,6969,0.510256141176289,0.003635386401601671
641,protein_embedding_entity_label_shuffle_plus_exact_degree_ppi_label_shuffle,0,1,12919,0.5161701945161683,0.002559201785778261
641,protein_embedding_entity_label_shuffle_plus_exact_degree_ppi_label_shuffle,1,2,865322,0.5044830459492962,0.00031112047366618745
641,protein_embedding_entity_label_shuffle_plus_exact_degree_ppi_label_shuffle,2,3,723684,0.4969745723239154,0.00033947767798387345
641,protein_embedding_entity_label_shuffle_plus_exact_degree_ppi_label_shuffle,3,4,85248,0.4889388034890647,0.000970063250534448
641,protein_embedding_entity_label_shuffle_plus_exact_degree_ppi_label_shuffle,4,>4,6547,0.5007287591845256,0.003391079406562819
642,protein_embedding_entity_label_shuffle_plus_exact_degree_ppi_label_shuffle,0,1,12672,0.5056871009436134,0.0025844719869117486
642,protein_embedding_entity_label_shuffle_plus_exact_degree_ppi_label_shuffle,1,2,885797,0.5049104025671197,0.00030711454962431897
642,protein_embedding_entity_label_shuffle_plus_exact_degree_ppi_label_shuffle,2,3,709988,0.49665713336494427,0.0003418346426875084
642,protein_embedding_entity_label_shuffle_plus_exact_degree_ppi_label_shuffle,3,4,83642,0.48432010440225925,0.0010057870753588068
642,protein_embedding_entity_label_shuffle_plus_exact_degree_ppi_label_shuffle,4,>4,3462,0.4962437419045339,0.005158156372715975
643,protein_embedding_entity_label_shuffle_plus_exact_degree_ppi_label_shuffle,0,1,12656,0.49391008284106536,0.0025816754075981808
643,protein_embedding_entity_label_shuffle_plus_exact_degree_ppi_label_shuffle,1,2,881779,0.49602781431555454,0.00030992181925086507
643,protein_embedding_entity_label_shuffle_plus_exact_degree_ppi_label_shuffle,2,3,719708,0.5050283123185557,0.00033849424977356164
643,protein_embedding_entity_label_shuffle_plus_exact_degree_ppi_label_shuffle,3,4,81418,0.5048309242614568,0.0009815749287024615
643,protein_embedding_entity_label_shuffle_plus_exact_degree_ppi_label_shuffle,4,>4,1842,0.48032530647166466,0.005887731684038319
644,protein_embedding_entity_label_shuffle_plus_exact_degree_ppi_label_shuffle,0,1,12778,0.5053697423998651,0.002586050690882055
644,protein_embedding_entity_label_shuffle_plus_exact_degree_ppi_label_shuffle,1,2,898065,0.4950969084322098,0.00030259697442131374
644,protein_embedding_entity_label_shuffle_plus_exact_degree_ppi_label_shuffle,2,3,703537,0.5035619227682018,0.000345620724263808
644,protein_embedding_entity_label_shuffle_plus_exact_degree_ppi_label_shuffle,3,4,76552,0.5186247146887795,0.0010592668364751174
644,protein_embedding_entity_label_shuffle_plus_exact_degree_ppi_label_shuffle,4,>4,2788,0.5744874729489298,0.0057426154109680985
645,protein_embedding_entity_label_shuffle_plus_exact_degree_ppi_label_shuffle,0,1,12650,0.4970313634690433,0.002620807779537144
645,protein_embedding_entity_label_shuffle_plus_exact_degree_ppi_label_shuffle,1,2,893051,0.4986883584205655,0.00030491972701532545
645,protein_embedding_entity_label_shuffle_plus_exact_degree_ppi_label_shuffle,2,3,710281,0.5002171580416008,0.00034279422284822045
645,protein_embedding_entity_label_shuffle_plus_exact_degree_ppi_label_shuffle,3,4,74389,0.5012249579416987,0.0010698919946349839
645,protein_embedding_entity_label_shuffle_plus_exact_degree_ppi_label_shuffle,4,>4,3349,0.6012157908686799,0.004853553775963423
646,protein_embedding_entity_label_shuffle_plus_exact_degree_ppi_label_shuffle,0,1,12918,0.48981474908443695,0.0025299843219201024
646,protein_embedding_entity_label_shuffle_plus_exact_degree_ppi_label_shuffle,1,2,881630,0.49259346627973205,0.000306953558943556
646,protein_embedding_entity_label_shuffle_plus_exact_degree_ppi_label_shuffle,2,3,721035,0.5060843819116478,0.00033985286385628227
646,protein_embedding_entity_label_shuffle_plus_exact_degree_ppi_label_shuffle,3,4,79562,0.5183394113442711,0.0010264641639056676
646,protein_embedding_entity_label_shuffle_plus_exact_degree_ppi_label_shuffle,4,>4,2258,0.5331278867437845,0.0061472325854939934
647,protein_embedding_entity_label_shuffle_plus_exact_degree_ppi_label_shuffle,0,1,12863,0.49890742708467833,0.002570476396769002
647,protein_embedding_entity_label_shuffle_plus_exact_degree_ppi_label_shuffle,1,2,910642,0.4951674110111283,0.00030271141403931986
647,protein_embedding_entity_label_shuffle_plus_exact_degree_ppi_label_shuffle,2,3,689345,0.5050619221499938,0.0003480510184520245
647,protein_embedding_entity_label_shuffle_plus_exact_degree_ppi_label_shuffle,3,4,75088,0.5055025323066856,0.0010259070278070778
647,protein_embedding_entity_label_shuffle_plus_exact_degree_ppi_label_shuffle,4,>4,7623,0.53560830802223,0.0035202277066873097
648,protein_embedding_entity_label_shuffle_plus_exact_degree_ppi_label_shuffle,0,1,12940,0.4838092783030346,0.0025028884543697866
648,protein_embedding_entity_label_shuffle_plus_exact_degree_ppi_label_shuffle,1,2,871736,0.49868285397945594,0.0003080960482993226
648,protein_embedding_entity_label_shuffle_plus_exact_degree_ppi_label_shuffle,2,3,713883,0.5002396037491155,0.0003424079118793513
648,protein_embedding_entity_label_shuffle_plus_exact_degree_ppi_label_shuffle,3,4,93877,0.5148974655718381,0.0009576281899316473
648,protein_embedding_entity_label_shuffle_plus_exact_degree_ppi_label_shuffle,4,>4,4967,0.519293650415234,0.004216828511819287
649,protein_embedding_entity_label_shuffle_plus_exact_degree_ppi_label_shuffle,0,1,12710,0.4945299772055287,0.0025921902987520854
649,protein_embedding_entity_label_shuffle_plus_exact_degree_ppi_label_shuffle,1,2,929400,0.5044046301059744,0.00030054795356725155
649,protein_embedding_entity_label_shuffle_plus_exact_degree_ppi_label_shuffle,2,3,677826,0.49691138134230767,0.0003487532498449881
649,protein_embedding_entity_label_shuffle_plus_exact_degree_ppi_label_shuffle,3,4,73227,0.48041666571465724,0.0010549053794254458
649,protein_embedding_entity_label_shuffle_plus_exact_degree_ppi_label_shuffle,4,>4,2398,0.42530626280736616,0.005831330492476945
650,protein_embedding_entity_label_shuffle_plus_exact_degree_ppi_label_shuffle,0,1,12711,0.4922750717529356,0.002564400088383456
650,protein_embedding_entity_label_shuffle_plus_exact_degree_ppi_label_shuffle,1,2,899091,0.5001018002141129,0.00030530590139570126
650,protein_embedding_entity_label_shuffle_plus_exact_degree_ppi_label_shuffle,2,3,698627,0.5008010690582847,0.0003446587535957889
650,protein_embedding_entity_label_shuffle_plus_exact_degree_ppi_label_shuffle,3,4,78031,0.4949759319752697,0.0010201355239359204
650,protein_embedding_entity_label_shuffle_plus_exact_degree_ppi_label_shuffle,4,>4,5260,0.4543500173349071,0.00379686676369707
651,protein_embedding_entity_label_shuffle_plus_exact_degree_ppi_label_shuffle,0,1,12675,0.4929718944131016,0.002603471489548067
651,protein_embedding_entity_label_shuffle_plus_exact_degree_ppi_label_shuffle,1,2,900079,0.5017038939436931,0.0003066608263157179
651,protein_embedding_entity_label_shuffle_plus_exact_degree_ppi_label_shuffle,2,3,701979,0.4976391827569608,0.00034178266760988437
651,protein_embedding_entity_label_shuffle_plus_exact_degree_ppi_label_shuffle,3,4,77333,0.4966999750384527,0.0010129511696172666
651,protein_embedding_entity_label_shuffle_plus_exact_degree_ppi_label_shuffle,4,>4,3495,0.44246551337956797,0.0048394638410493174
652,protein_embedding_entity_label_shuffle_plus_exact_degree_ppi_label_shuffle,0,1,12728,0.4901870493141179,0.002540131747718646
652,protein_embedding_entity_label_shuffle_plus_exact_degree_ppi_label_shuffle,1,2,882001,0.4967546984593561,0.00030851240104148365
652,protein_embedding_entity_label_shuffle_plus_exact_degree_ppi_label_shuffle,2,3,713366,0.5039586639843104,0.0003403407078391814
652,protein_embedding_entity_label_shuffle_plus_exact_degree_ppi_label_shuffle,3,4,83170,0.49830443304325817,0.0009967732357245298
652,protein_embedding_entity_label_shuffle_plus_exact_degree_ppi_label_shuffle,4,>4,6138,0.53208995210443,0.0035409777086242785
653,protein_embedding_entity_label_shuffle_plus_exact_degree_ppi_label_shuffle,0,1,13029,0.509025183254129,0.002504829802465641
653,protein_embedding_entity_label_shuffle_plus_exact_degree_ppi_label_shuffle,1,2,893820,0.5026623847230656,0.00030663775761887775
653,protein_embedding_entity_label_shuffle_plus_exact_degree_ppi_label_shuffle,2,3,713658,0.49718282122108926,0.0003407875890066366
653,protein_embedding_entity_label_shuffle_plus_exact_degree_ppi_label_shuffle,3,4,72544,0.4943339063946044,0.0010554755003271017
653,protein_embedding_entity_label_shuffle_plus_exact_degree_ppi_label_shuffle,4,>4,4352,0.5257366177586049,0.0040944614195912235
654,protein_embedding_entity_label_shuffle_plus_exact_degree_ppi_label_shuffle,0,1,12755,0.5108520855069661,0.0026162486444569885
654,protein_embedding_entity_label_shuffle_plus_exact_degree_ppi_label_shuffle,1,2,898909,0.5039653695650871,0.00030654059706876124
654,protein_embedding_entity_label_shuffle_plus_exact_degree_ppi_label_shuffle,2,3,698143,0.4954863332847557,0.0003434393452766951
654,protein_embedding_entity_label_shuffle_plus_exact_degree_ppi_label_shuffle,3,4,82025,0.49367284182429905,0.0009797937836719325
654,protein_embedding_entity_label_shuffle_plus_exact_degree_ppi_label_shuffle,4,>4,5571,0.5182407872244257,0.0036856668058589956
655,protein_embedding_entity_label_shuffle_plus_exact_degree_ppi_label_shuffle,0,1,12905,0.49779678227052176,0.002546099732546928
655,protein_embedding_entity_label_shuffle_plus_exact_degree_ppi_label_shuffle,1,2,887838,0.5077676960937687,0.00030754759290904486
655,protein_embedding_entity_label_shuffle_plus_exact_degree_ppi_label_shuffle,2,3,704092,0.49331968553193983,0.0003429318652370025
655,protein_embedding_entity_label_shuffle_plus_exact_degree_ppi_label_shuffle,3,4,87149,0.4874182693414167,0.0009643106937381513
655,protein_embedding_entity_label_shuffle_plus_exact_degree_ppi_label_shuffle,4,>4,3577,0.4547330050832108,0.00447654412567062
656,protein_embedding_entity_label_shuffle_plus_exact_degree_ppi_label_shuffle,0,1,12932,0.5053851036035097,0.002554813705474597
656,protein_embedding_entity_label_shuffle_plus_exact_degree_ppi_label_shuffle,1,2,892139,0.49938519498568873,0.00030448635957534907
656,protein_embedding_entity_label_shuffle_plus_exact_degree_ppi_label_shuffle,2,3,706981,0.5009062649229494,0.0003444800229707627
656,protein_embedding_entity_label_shuffle_plus_exact_degree_ppi_label_shuffle,3,4,82424,0.5099379091897939,0.0010106468620834363
656,protein_embedding_entity_label_shuffle_plus_exact_degree_ppi_label_shuffle,4,>4,2927,0.5357362716003461,0.005469504544136257
657,protein_embedding_entity_label_shuffle_plus_exact_degree_ppi_label_shuffle,0,1,12745,0.49950366935773904,0.0025366970883791582
657,protein_embedding_entity_label_shuffle_plus_exact_degree_ppi_label_shuffle,1,2,900684,0.4933086233487962,0.00030365950303627124
657,protein_embedding_entity_label_shuffle_plus_exact_degree_ppi_label_shuffle,2,3,705125,0.5053179713450658,0.000343242838920857
657,protein_embedding_entity_label_shuffle_plus_exact_degree_ppi_label_shuffle,3,4,74085,0.5179535023026784,0.001068595983547636
657,protein_embedding_entity_label_shuffle_plus_exact_degree_ppi_label_shuffle,4,>4,4764,0.5535082030699178,0.00404455022061985
658,protein_embedding_entity_label_shuffle_plus_exact_degree_ppi_label_shuffle,0,1,12844,0.5096393508783725,0.002546614773297561
658,protein_embedding_entity_label_shuffle_plus_exact_degree_ppi_label_shuffle,1,2,881770,0.4966945468072463,0.00030709819086027627
658,protein_embedding_entity_label_shuffle_plus_exact_degree_ppi_label_shuffle,2,3,718299,0.5031041054015721,0.0003404428079834498
658,protein_embedding_entity_label_shuffle_plus_exact_degree_ppi_label_shuffle,3,4,77242,0.4928632590352163,0.0010383368167219658
658,protein_embedding_entity_label_shuffle_plus_exact_degree_ppi_label_shuffle,4,>4,5406,0.5940872747605769,0.004369371190704517
659,protein_embedding_entity_label_shuffle_plus_exact_degree_ppi_label_shuffle,0,1,12904,0.4894303214249102,0.002510146543976831
659,protein_embedding_entity_label_shuffle_plus_exact_degree_ppi_label_shuffle,1,2,880513,0.4950596539566702,0.00030665136016462795
659,protein_embedding_entity_label_shuffle_plus_exact_degree_ppi_label_shuffle,2,3,699607,0.5034231048897277,0.0003463224046036255
659,protein_embedding_entity_label_shuffle_plus_exact_degree_ppi_label_shuffle,3,4,96742,0.5278147386087959,0.0009349924910041104
659,protein_embedding_entity_label_shuffle_plus_exact_degree_ppi_label_shuffle,4,>4,7637,0.5243589875467747,0.0032066199133000683
660,protein_embedding_entity_label_shuffle_plus_exact_degree_ppi_label_shuffle,0,1,12708,0.49145152966448674,0.0025778770147229435
660,protein_embedding_entity_label_shuffle_plus_exact_degree_ppi_label_shuffle,1,2,884210,0.4992152134031052,0.00030775162332270946
660,protein_embedding_entity_label_shuffle_plus_exact_degree_ppi_label_shuffle,2,3,712345,0.5028666226069325,0.00034141147606223793
660,protein_embedding_entity_label_shuffle_plus_exact_degree_ppi_label_shuffle,3,4,83365,0.48949058875963597,0.0009921486533231473
660,protein_embedding_entity_label_shuffle_plus_exact_degree_ppi_label_shuffle,4,>4,4775,0.44098851254489296,0.003970502278684372
661,protein_embedding_entity_label_shuffle_plus_exact_degree_ppi_label_shuffle,0,1,12828,0.4800141797667618,0.0025112326352671526
661,protein_embedding_entity_label_shuffle_plus_exact_degree_ppi_label_shuffle,1,2,907568,0.49629964816875527,0.00030231422730991794
661,protein_embedding_entity_label_shuffle_plus_exact_degree_ppi_label_shuffle,2,3,691234,0.5064940049068274,0.0003476357110752243
661,protein_embedding_entity_label_shuffle_plus_exact_degree_ppi_label_shuffle,3,4,80019,0.4912900180269158,0.0010388059353731958
661,protein_embedding_entity_label_shuffle_plus_exact_degree_ppi_label_shuffle,4,>4,3912,0.5628513574551627,0.00493465092112418
662,protein_embedding_entity_label_shuffle_plus_exact_degree_ppi_label_shuffle,0,1,12776,0.49277145704299213,0.0026042723510188866
662,protein_embedding_entity_label_shuffle_plus_exact_degree_ppi_label_shuffle,1,2,913751,0.4987092229533319,0.00030417332738335245
662,protein_embedding_entity_label_shuffle_plus_exact_degree_ppi_label_shuffle,2,3,682271,0.5020062496938111,0.00034739411489505804
662,protein_embedding_entity_label_shuffle_plus_exact_degree_ppi_label_shuffle,3,4,80478,0.5090261358942778,0.0009857131949933496
662,protein_embedding_entity_label_shuffle_plus_exact_degree_ppi_label_shuffle,4,>4,6285,0.4299626473782261,0.003680125110405822
663,protein_embedding_entity_label_shuffle_plus_exact_degree_ppi_label_shuffle,0,1,12873,0.5298575366967248,0.0025287940374279835
663,protein_embedding_entity_label_shuffle_plus_exact_degree_ppi_label_shuffle,1,2,911740,0.5064752684448122,0.00030182053456836696
663,protein_embedding_entity_label_shuffle_plus_exact_degree_ppi_label_shuffle,2,3,696901,0.4932960573677715,0.0003465883735155729
663,protein_embedding_entity_label_shuffle_plus_exact_degree_ppi_label_shuffle,3,4,72048,0.479807758308521,0.0010673152157419353
663,protein_embedding_entity_label_shuffle_plus_exact_degree_ppi_label_shuffle,4,>4,1999,0.48213771176613823,0.006082761587247729
664,protein_embedding_entity_label_shuffle_plus_exact_degree_ppi_label_shuffle,0,1,12732,0.5153569818157191,0.0026372274129083805
664,protein_embedding_entity_label_shuffle_plus_exact_degree_ppi_label_shuffle,1,2,886651,0.5030946483491218,0.0003093880325522852
664,protein_embedding_entity_label_shuffle_plus_exact_degree_ppi_label_shuffle,2,3,713366,0.4950886531661186,0.00033937175377963684
664,protein_embedding_entity_label_shuffle_plus_exact_degree_ppi_label_shuffle,3,4,81173,0.5043112367409595,0.0009677278576968324
664,protein_embedding_entity_label_shuffle_plus_exact_degree_ppi_label_shuffle,4,>4,3481,0.48474562858780484,0.004390147254798051
665,protein_embedding_entity_label_shuffle_plus_exact_degree_ppi_label_shuffle,0,1,12570,0.5008234530495751,0.002559770838132998
665,protein_embedding_entity_label_shuffle_plus_exact_degree_ppi_label_shuffle,1,2,901828,0.5013743710639215,0.0003043410475885306
665,protein_embedding_entity_label_shuffle_plus_exact_degree_ppi_label_shuffle,2,3,701010,0.5021526276101302,0.0003445236261933519
665,protein_embedding_entity_label_shuffle_plus_exact_degree_ppi_label_shuffle,3,4,77878,0.46813823333263177,0.0010103501996228694
665,protein_embedding_entity_label_shuffle_plus_exact_degree_ppi_label_shuffle,4,>4,2275,0.39714559334141114,0.005323039578802337
666,protein_embedding_entity_label_shuffle_plus_exact_degree_ppi_label_shuffle,0,1,12760,0.48071121504177744,0.002472866682795748
666,protein_embedding_entity_label_shuffle_plus_exact_degree_ppi_label_shuffle,1,2,866746,0.4977252291652814,0.0003106389051379245
666,protein_embedding_entity_label_shuffle_plus_exact_degree_ppi_label_shuffle,2,3,721432,0.5044426145405483,0.0003394842473206062
666,protein_embedding_entity_label_shuffle_plus_exact_degree_ppi_label_shuffle,3,4,88340,0.48520376707976925,0.0009617917041642852
666,protein_embedding_entity_label_shuffle_plus_exact_degree_ppi_label_shuffle,4,>4,6283,0.43851705722279466,0.003592056083978918
667,protein_embedding_entity_label_shuffle_plus_exact_degree_ppi_label_shuffle,0,1,12812,0.48835978960473614,0.002516358315469187
667,protein_embedding_entity_label_shuffle_plus_exact_degree_ppi_label_shuffle,1,2,910216,0.49994018955789715,0.00030215867439961137
667,protein_embedding_entity_label_shuffle_plus_exact_degree_ppi_label_shuffle,2,3,695898,0.4982413932619205,0.000345854510850157
667,protein_embedding_entity_label_shuffle_plus_exact_degree_ppi_label_shuffle,3,4,73959,0.523619198318817,0.0010808502017855266
667,protein_embedding_entity_label_shuffle_plus_exact_degree_ppi_label_shuffle,4,>4,2676,0.5530226083511051,0.006115636178539615
668,protein_embedding_entity_label_shuffle_plus_exact_degree_ppi_label_shuffle,0,1,12813,0.4806955194744112,0.0025037316282747178
668,protein_embedding_entity_label_shuffle_plus_exact_degree_ppi_label_shuffle,1,2,915692,0.4959453228137889,0.0003009702676699055
668,protein_embedding_entity_label_shuffle_plus_exact_degree_ppi_label_shuffle,2,3,675200,0.5010861820338601,0.00035173155685087946
668,protein_embedding_entity_label_shuffle_plus_exact_degree_ppi_label_shuffle,3,4,84535,0.5321175166627503,0.0010099133055047433
668,protein_embedding_entity_label_shuffle_plus_exact_degree_ppi_label_shuffle,4,>4,7321,0.5818876986467966,0.0034539084326463557
669,protein_embedding_entity_label_shuffle_plus_exact_degree_ppi_label_shuffle,0,1,13297,0.506812071809756,0.00247758809788457
669,protein_embedding_entity_label_shuffle_plus_exact_degree_ppi_label_shuffle,1,2,869721,0.49770824380167367,0.0003076711293302362
669,protein_embedding_entity_label_shuffle_plus_exact_degree_ppi_label_shuffle,2,3,726503,0.49866365733846607,0.00034031459847006884
669,protein_embedding_entity_label_shuffle_plus_exact_degree_ppi_label_shuffle,3,4,83302,0.5176026095974061,0.0010164349094232876
669,protein_embedding_entity_label_shuffle_plus_exact_degree_ppi_label_shuffle,4,>4,4580,0.6106050589335946,0.0038597318048078813
670,protein_embedding_entity_label_shuffle_plus_exact_degree_ppi_label_shuffle,0,1,12792,0.4920167564829874,0.002536018600402147
670,protein_embedding_entity_label_shuffle_plus_exact_degree_ppi_label_shuffle,1,2,907501,0.493853810806629,0.0003008038963841841
670,protein_embedding_entity_label_shuffle_plus_exact_degree_ppi_label_shuffle,2,3,691891,0.5027323029941523,0.0003488314937888805
670,protein_embedding_entity_label_shuffle_plus_exact_degree_ppi_label_shuffle,3,4,81519,0.5426926965218265,0.0010158154092840376
670,protein_embedding_entity_label_shuffle_plus_exact_degree_ppi_label_shuffle,4,>4,3700,0.6151696592166889,0.004608789653988861
671,protein_embedding_entity_label_shuffle_plus_exact_degree_ppi_label_shuffle,0,1,12843,0.4641933263978922,0.002500957088565641
671,protein_embedding_entity_label_shuffle_plus_exact_degree_ppi_label_shuffle,1,2,895445,0.4978264072851665,0.0003041643775031555
671,protein_embedding_entity_label_shuffle_plus_exact_degree_ppi_label_shuffle,2,3,703294,0.5033413646903908,0.0003459855489217926
671,protein_embedding_entity_label_shuffle_plus_exact_degree_ppi_label_shuffle,3,4,82450,0.4971722087131037,0.0010007988554252194
671,protein_embedding_entity_label_shuffle_plus_exact_degree_ppi_label_shuffle,4,>4,3371,0.4644124785973988,0.0050040200583757405
672,protein_embedding_entity_label_shuffle_plus_exact_degree_ppi_label_shuffle,0,1,12663,0.48930720983633696,0.0025598752360851927
672,protein_embedding_entity_label_shuffle_plus_exact_degree_ppi_label_shuffle,1,2,886260,0.501732825477713,0.0003057217540268348
672,protein_embedding_entity_label_shuffle_plus_exact_degree_ppi_label_shuffle,2,3,698340,0.498886885085136,0.0003466830041385778
672,protein_embedding_entity_label_shuffle_plus_exact_degree_ppi_label_shuffle,3,4,91295,0.48940608701983657,0.00096167820309272
672,protein_embedding_entity_label_shuffle_plus_exact_degree_ppi_label_shuffle,4,>4,7003,0.47414507903757297,0.003459679512529989
673,protein_embedding_entity_label_shuffle_plus_exact_degree_ppi_label_shuffle,0,1,12737,0.5187301508377079,0.0026067285897480195
673,protein_embedding_entity_label_shuffle_plus_exact_degree_ppi_label_shuffle,1,2,912002,0.49641612179874367,0.00030218944568311706
673,protein_embedding_entity_label_shuffle_plus_exact_degree_ppi_label_shuffle,2,3,691962,0.5041581551536602,0.00034723818212091404
673,protein_embedding_entity_label_shuffle_plus_exact_degree_ppi_label_shuffle,3,4,72263,0.5161955482999975,0.0010669816684447477
673,protein_embedding_entity_label_shuffle_plus_exact_degree_ppi_label_shuffle,4,>4,2916,0.5170605756821205,0.005044659490036651
674,protein_embedding_entity_label_shuffle_plus_exact_degree_ppi_label_shuffle,0,1,12821,0.4961889034273874,0.0025878666645637333
674,protein_embedding_entity_label_shuffle_plus_exact_degree_ppi_label_shuffle,1,2,922676,0.5085635217707543,0.00030064078291991983
674,protein_embedding_entity_label_shuffle_plus_exact_degree_ppi_label_shuffle,2,3,690978,0.49105974266190255,0.00034659522839938545
674,protein_embedding_entity_label_shuffle_plus_exact_degree_ppi_label_shuffle,3,4,68961,0.4794281294787124,0.0011044681714693489
674,protein_embedding_entity_label_shuffle_plus_exact_degree_ppi_label_shuffle,4,>4,1967,0.5590924799677156,0.006615753318756842
675,protein_embedding_entity_label_shuffle_plus_exact_degree_ppi_label_shuffle,0,1,12471,0.4933065974649102,0.0026177331242446394
675,protein_embedding_entity_label_shuffle_plus_exact_degree_ppi_label_shuffle,1,2,887160,0.4984610509224145,0.00030609321873632193
675,protein_embedding_entity_label_shuffle_plus_exact_degree_ppi_label_shuffle,2,3,706264,0.5016086143847305,0.00034373636328243704
675,protein_embedding_entity_label_shuffle_plus_exact_degree_ppi_label_shuffle,3,4,85140,0.49995358728262396,0.001002463975035527
675,protein_embedding_entity_label_shuffle_plus_exact_degree_ppi_label_shuffle,4,>4,4526,0.46232718760569497,0.0040393416928008125
676,protein_embedding_entity_label_shuffle_plus_exact_degree_ppi_label_shuffle,0,1,12702,0.5230258596465776,0.002593156550109404
676,protein_embedding_entity_label_shuffle_plus_exact_degree_ppi_label_shuffle,1,2,882210,0.5037097532929093,0.0003065709935621495
676,protein_embedding_entity_label_shuffle_plus_exact_degree_ppi_label_shuffle,2,3,718318,0.49789087819419214,0.00034093702604320365
676,protein_embedding_entity_label_shuffle_plus_exact_degree_ppi_label_shuffle,3,4,81488,0.47663832281127255,0.001018257067576229
676,protein_embedding_entity_label_shuffle_plus_exact_degree_ppi_label_shuffle,4,>4,2685,0.4572820144075036,0.005686041601705433
677,protein_embedding_entity_label_shuffle_plus_exact_degree_ppi_label_shuffle,0,1,12691,0.493188905557267,0.0025714629481750403
677,protein_embedding_entity_label_shuffle_plus_exact_degree_ppi_label_shuffle,1,2,871655,0.49886600074450266,0.0003114730060670291
677,protein_embedding_entity_label_shuffle_plus_exact_degree_ppi_label_shuffle,2,3,731942,0.5028655499958053,0.0003355092538708747
677,protein_embedding_entity_label_shuffle_plus_exact_degree_ppi_label_shuffle,3,4,72486,0.49366228542711627,0.0010445417151113052
677,protein_embedding_entity_label_shuffle_plus_exact_degree_ppi_label_shuffle,4,>4,3106,0.5082909721393181,0.004436181276914239
678,protein_embedding_entity_label_shuffle_plus_exact_degree_ppi_label_shuffle,0,1,12772,0.49202859288925205,0.0025465654930552995
678,protein_embedding_entity_label_shuffle_plus_exact_degree_ppi_label_shuffle,1,2,893959,0.4994875782986711,0.0003074505759430363
678,protein_embedding_entity_label_shuffle_plus_exact_degree_ppi_label_shuffle,2,3,712655,0.5013557003095338,0.0003395966189931328
678,protein_embedding_entity_label_shuffle_plus_exact_degree_ppi_label_shuffle,3,4,74377,0.4975098118900011,0.0010396968451644433
678,protein_embedding_entity_label_shuffle_plus_exact_degree_ppi_label_shuffle,4,>4,3640,0.5850636146846742,0.00493817604223906
679,protein_embedding_entity_label_shuffle_plus_exact_degree_ppi_label_shuffle,0,1,12586,0.47685043095849555,0.002459155223578255
679,protein_embedding_entity_label_shuffle_plus_exact_degree_ppi_label_shuffle,1,2,867809,0.5022205569290548,0.00030827600760152744
679,protein_embedding_entity_label_shuffle_plus_exact_degree_ppi_label_shuffle,2,3,718650,0.49984680429608763,0.0003421190715078064
679,protein_embedding_entity_label_shuffle_plus_exact_degree_ppi_label_shuffle,3,4,93492,0.48345501241697664,0.000956505963813257
679,protein_embedding_entity_label_shuffle_plus_exact_degree_ppi_label_shuffle,4,>4,4866,0.44865397672786295,0.00399110289762641
680,protein_embedding_entity_label_shuffle_plus_exact_degree_ppi_label_shuffle,0,1,12846,0.5062841551544588,0.0025401941495231286
680,protein_embedding_entity_label_shuffle_plus_exact_degree_ppi_label_shuffle,1,2,879972,0.49831247800207856,0.00030792639617583425
680,protein_embedding_entity_label_shuffle_plus_exact_degree_ppi_label_shuffle,2,3,712539,0.5015852378481132,0.00034193772026692434
680,protein_embedding_entity_label_shuffle_plus_exact_degree_ppi_label_shuffle,3,4,87593,0.4974562553171317,0.0009664604432362718
680,protein_embedding_entity_label_shuffle_plus_exact_degree_ppi_label_shuffle,4,>4,2611,0.486760183685752,0.005499859891748876
681,protein_embedding_entity_label_shuffle_plus_exact_degree_ppi_label_shuffle,0,1,12832,0.49208135178351764,0.0025557154482087337
681,protein_embedding_entity_label_shuffle_plus_exact_degree_ppi_label_shuffle,1,2,876176,0.5009660667145704,0.00030866482182518917
681,protein_embedding_entity_label_shuffle_plus_exact_degree_ppi_label_shuffle,2,3,724195,0.4992219357564536,0.0003392251817585617
681,protein_embedding_entity_label_shuffle_plus_exact_degree_ppi_label_shuffle,3,4,82071,0.4952136517463582,0.0010035006288079019
681,protein_embedding_entity_label_shuffle_plus_exact_degree_ppi_label_shuffle,4,>4,2129,0.45573926836243717,0.0063847341790554835
682,protein_embedding_entity_label_shuffle_plus_exact_degree_ppi_label_shuffle,0,1,12856,0.5064949745836665,0.002494983145280798
682,protein_embedding_entity_label_shuffle_plus_exact_degree_ppi_label_shuffle,1,2,884289,0.4975682124330482,0.0003062725971455652
682,protein_embedding_entity_label_shuffle_plus_exact_degree_ppi_label_shuffle,2,3,710982,0.5010292416545286,0.0003429147151242897
682,protein_embedding_entity_label_shuffle_plus_exact_degree_ppi_label_shuffle,3,4,82067,0.5131571507833332,0.0010186738273217299
682,protein_embedding_entity_label_shuffle_plus_exact_degree_ppi_label_shuffle,4,>4,5367,0.4277239158542842,0.00397296592387728
683,protein_embedding_entity_label_shuffle_plus_exact_degree_ppi_label_shuffle,0,1,12782,0.4953019270867757,0.002526994362026374
683,protein_embedding_entity_label_shuffle_plus_exact_degree_ppi_label_shuffle,1,2,900011,0.5034507473246452,0.0003033524588845465
683,protein_embedding_entity_label_shuffle_plus_exact_degree_ppi_label_shuffle,2,3,704646,0.497855414791547,0.0003456586595542701
683,protein_embedding_entity_label_shuffle_plus_exact_degree_ppi_label_shuffle,3,4,75465,0.48286997475582316,0.0010471745633482325
683,protein_embedding_entity_label_shuffle_plus_exact_degree_ppi_label_shuffle,4,>4,2657,0.49888239439247345,0.005778077726557724
684,protein_embedding_entity_label_shuffle_plus_exact_degree_ppi_label_shuffle,0,1,12790,0.5170466603270908,0.002634929036862814
684,protein_embedding_entity_label_shuffle_plus_exact_degree_ppi_label_shuffle,1,2,866141,0.49937345254986587,0.00030988625893937493
684,protein_embedding_entity_label_shuffle_plus_exact_degree_ppi_label_shuffle,2,3,717794,0.499049624309619,0.0003410194831790159
684,protein_embedding_entity_label_shuffle_plus_exact_degree_ppi_label_shuffle,3,4,94915,0.5087334695085606,0.0009434975949970117
684,protein_embedding_entity_label_shuffle_plus_exact_degree_ppi_label_shuffle,4,>4,3921,0.5173376658854946,0.0044718709126245655
685,protein_embedding_entity_label_shuffle_plus_exact_degree_ppi_label_shuffle,0,1,12812,0.5049766127379837,0.002543045082193714
685,protein_embedding_entity_label_shuffle_plus_exact_degree_ppi_label_shuffle,1,2,901866,0.5026261445304845,0.0003036722338226329
685,protein_embedding_entity_label_shuffle_plus_exact_degree_ppi_label_shuffle,2,3,695785,0.4978289063087757,0.0003463962846462789
685,protein_embedding_entity_label_shuffle_plus_exact_degree_ppi_label_shuffle,3,4,84497,0.49767282548776587,0.001002196613231906
685,protein_embedding_entity_label_shuffle_plus_exact_degree_ppi_label_shuffle,4,>4,2443,0.5099644598676287,0.006002061247422467
686,protein_embedding_entity_label_shuffle_plus_exact_degree_ppi_label_shuffle,0,1,12705,0.4928717022896733,0.002578456438869677
686,protein_embedding_entity_label_shuffle_plus_exact_degree_ppi_label_shuffle,1,2,918473,0.4981767663644379,0.00030213929919448493
686,protein_embedding_entity_label_shuffle_plus_exact_degree_ppi_label_shuffle,2,3,668516,0.5017760942460097,0.00035153993641797744
686,protein_embedding_entity_label_shuffle_plus_exact_degree_ppi_label_shuffle,3,4,87260,0.5078421717416898,0.0009727497944663625
686,protein_embedding_entity_label_shuffle_plus_exact_degree_ppi_label_shuffle,4,>4,6766,0.5080772090402947,0.003239251476234421
687,protein_embedding_entity_label_shuffle_plus_exact_degree_ppi_label_shuffle,0,1,12992,0.492983566438375,0.002497320455081238
687,protein_embedding_entity_label_shuffle_plus_exact_degree_ppi_label_shuffle,1,2,937696,0.49163499830768576,0.000297915177206397
687,protein_embedding_entity_label_shuffle_plus_exact_degree_ppi_label_shuffle,2,3,672118,0.5084910470026858,0.00035230575661182606
687,protein_embedding_entity_label_shuffle_plus_exact_degree_ppi_label_shuffle,3,4,71937,0.5284392749987591,0.0010722305287504369
687,protein_embedding_entity_label_shuffle_plus_exact_degree_ppi_label_shuffle,4,>4,2660,0.5764951037329753,0.005456990024669583
688,protein_embedding_entity_label_shuffle_plus_exact_degree_ppi_label_shuffle,0,1,12961,0.5082826298048083,0.0026345348492260745
688,protein_embedding_entity_label_shuffle_plus_exact_degree_ppi_label_shuffle,1,2,900524,0.5021231833398896,0.000306146606637476
688,protein_embedding_entity_label_shuffle_plus_exact_degree_ppi_label_shuffle,2,3,694154,0.4982414770863955,0.00034440735698085804
688,protein_embedding_entity_label_shuffle_plus_exact_degree_ppi_label_shuffle,3,4,81313,0.4890675947919972,0.0009876379000318418
688,protein_embedding_entity_label_shuffle_plus_exact_degree_ppi_label_shuffle,4,>4,6609,0.5232240850417454,0.003387506489814745
689,protein_embedding_entity_label_shuffle_plus_exact_degree_ppi_label_shuffle,0,1,12818,0.48592574152532125,0.0024743286341799716
689,protein_embedding_entity_label_shuffle_plus_exact_degree_ppi_label_shuffle,1,2,882117,0.49532962681910714,0.0003058884791968349
689,protein_embedding_entity_label_shuffle_plus_exact_degree_ppi_label_shuffle,2,3,722217,0.505936571282563,0.0003411455018001515
689,protein_embedding_entity_label_shuffle_plus_exact_degree_ppi_label_shuffle,3,4,74976,0.5051108593104552,0.0010589746179146904
689,protein_embedding_entity_label_shuffle_plus_exact_degree_ppi_label_shuffle,4,>4,3433,0.41492076436056646,0.004517533059560304
690,protein_embedding_entity_label_shuffle_plus_exact_degree_ppi_label_shuffle,0,1,12457,0.49698047283286156,0.002602163956595758
690,protein_embedding_entity_label_shuffle_plus_exact_degree_ppi_label_shuffle,1,2,888752,0.5035497705666242,0.0003056845767159028
690,protein_embedding_entity_label_shuffle_plus_exact_degree_ppi_label_shuffle,2,3,704763,0.49437123440731323,0.0003436270308157053
690,protein_embedding_entity_label_shuffle_plus_exact_degree_ppi_label_shuffle,3,4,88409,0.5095808466355486,0.0009921819979706904
690,protein_embedding_entity_label_shuffle_plus_exact_degree_ppi_label_shuffle,4,>4,3022,0.5310427074187959,0.0053657047215191385
691,protein_embedding_entity_label_shuffle_plus_exact_degree_ppi_label_shuffle,0,1,12725,0.5082470068721809,0.0025991231945964653
691,protein_embedding_entity_label_shuffle_plus_exact_degree_ppi_label_shuffle,1,2,882887,0.5035368409371612,0.00030800636030034587
691,protein_embedding_entity_label_shuffle_plus_exact_degree_ppi_label_shuffle,2,3,702932,0.49746064014902525,0.0003433278202693746
691,protein_embedding_entity_label_shuffle_plus_exact_degree_ppi_label_shuffle,3,4,88556,0.4859321069507658,0.0009595343050582785
691,protein_embedding_entity_label_shuffle_plus_exact_degree_ppi_label_shuffle,4,>4,4780,0.42921867686681875,0.003773965279097464
692,protein_embedding_entity_label_shuffle_plus_exact_degree_ppi_label_shuffle,0,1,12751,0.490627262132598,0.002556449311022312
692,protein_embedding_entity_label_shuffle_plus_exact_degree_ppi_label_shuffle,1,2,879708,0.4966496903775514,0.00030825860997120256
692,protein_embedding_entity_label_shuffle_plus_exact_degree_ppi_label_shuffle,2,3,712389,0.5028001556414923,0.0003409174224803189
692,protein_embedding_entity_label_shuffle_plus_exact_degree_ppi_label_shuffle,3,4,84192,0.5155250771033111,0.0009967079992515648
692,protein_embedding_entity_label_shuffle_plus_exact_degree_ppi_label_shuffle,4,>4,6521,0.4440992732791164,0.003786832316354324
693,protein_embedding_entity_label_shuffle_plus_exact_degree_ppi_label_shuffle,0,1,12760,0.5054819866475405,0.002516024812283918
693,protein_embedding_entity_label_shuffle_plus_exact_degree_ppi_label_shuffle,1,2,898856,0.5014113779890432,0.0003036094615415894
693,protein_embedding_entity_label_shuffle_plus_exact_degree_ppi_label_shuffle,2,3,699670,0.49976905620642226,0.00034622672059541145
693,protein_embedding_entity_label_shuffle_plus_exact_degree_ppi_label_shuffle,3,4,79687,0.5064748675900272,0.0010237715405649753
693,protein_embedding_entity_label_shuffle_plus_exact_degree_ppi_label_shuffle,4,>4,2747,0.5162116037779704,0.0052987145101170904
694,protein_embedding_entity_label_shuffle_plus_exact_degree_ppi_label_shuffle,0,1,12874,0.5209672371691059,0.0025209670853663106
694,protein_embedding_entity_label_shuffle_plus_exact_degree_ppi_label_shuffle,1,2,928288,0.4979534121924233,0.0002982954954978427
694,protein_embedding_entity_label_shuffle_plus_exact_degree_ppi_label_shuffle,2,3,678581,0.4993376111933307,0.00035148161059166203
694,protein_embedding_entity_label_shuffle_plus_exact_degree_ppi_label_shuffle,3,4,70445,0.5062210265047346,0.0011016612029577126
694,protein_embedding_entity_label_shuffle_plus_exact_degree_ppi_label_shuffle,4,>4,3532,0.46842917900906944,0.00484978272599569
695,protein_embedding_entity_label_shuffle_plus_exact_degree_ppi_label_shuffle,0,1,12579,0.5041147963611039,0.0025635708377950814
695,protein_embedding_entity_label_shuffle_plus_exact_degree_ppi_label_shuffle,1,2,842258,0.49890378702343036,0.00031519866509854583
695,protein_embedding_entity_label_shuffle_plus_exact_degree_ppi_label_shuffle,2,3,743164,0.5011125557828057,0.0003341248687186234
695,protein_embedding_entity_label_shuffle_plus_exact_degree_ppi_label_shuffle,3,4,94585,0.4983698034064821,0.0009411610333012334
695,protein_embedding_entity_label_shuffle_plus_exact_degree_ppi_label_shuffle,4,>4,4817,0.583740035705837,0.004041661725189968
696,protein_embedding_entity_label_shuffle_plus_exact_degree_ppi_label_shuffle,0,1,12772,0.507304964650181,0.002571173203946969
696,protein_embedding_entity_label_shuffle_plus_exact_degree_ppi_label_shuffle,1,2,880856,0.49794944938668484,0.00030758513399826987
696,protein_embedding_entity_label_shuffle_plus_exact_degree_ppi_label_shuffle,2,3,712460,0.5003723457406524,0.0003423027651733694
696,protein_embedding_entity_label_shuffle_plus_exact_degree_ppi_label_shuffle,3,4,88061,0.5150806297696989,0.0009676505323286654
696,protein_embedding_entity_label_shuffle_plus_exact_degree_ppi_label_shuffle,4,>4,3254,0.5720920990232656,0.004893023600462675
697,protein_embedding_entity_label_shuffle_plus_exact_degree_ppi_label_shuffle,0,1,12911,0.5129476918671928,0.0024954583062911334
697,protein_embedding_entity_label_shuffle_plus_exact_degree_ppi_label_shuffle,1,2,887182,0.49776839630861264,0.00030779549610012894
697,protein_embedding_entity_label_shuffle_plus_exact_degree_ppi_label_shuffle,2,3,705341,0.5019304159965613,0.0003432502088762433
697,protein_embedding_entity_label_shuffle_plus_exact_degree_ppi_label_shuffle,3,4,86193,0.5093536961565651,0.0009639154348849968
697,protein_embedding_entity_label_shuffle_plus_exact_degree_ppi_label_shuffle,4,>4,3934,0.487599690143448,0.004515820708890485
698,protein_embedding_entity_label_shuffle_plus_exact_degree_ppi_label_shuffle,0,1,12742,0.5290002693486969,0.0025407420008968845
698,protein_embedding_entity_label_shuffle_plus_exact_degree_ppi_label_shuffle,1,2,885924,0.5061461403376974,0.00030883380026223485
698,protein_embedding_entity_label_shuffle_plus_exact_degree_ppi_label_shuffle,2,3,708294,0.4924556898310728,0.00034084377183887516
698,protein_embedding_entity_label_shuffle_plus_exact_degree_ppi_label_shuffle,3,4,86171,0.49770788973650815,0.0009731573198128651
698,protein_embedding_entity_label_shuffle_plus_exact_degree_ppi_label_shuffle,4,>4,4272,0.5388007955181824,0.003921817981532696
699,protein_embedding_entity_label_shuffle_plus_exact_degree_ppi_label_shuffle,0,1,12716,0.498665078106428,0.0025586434127540586
699,protein_embedding_entity_label_shuffle_plus_exact_degree_ppi_label_shuffle,1,2,899907,0.49672497810926153,0.00030388625356128477
699,protein_embedding_entity_label_shuffle_plus_exact_degree_ppi_label_shuffle,2,3,705275,0.5032349994601631,0.0003445942344713936
699,protein_embedding_entity_label_shuffle_plus_exact_degree_ppi_label_shuffle,3,4,73732,0.49990080580752827,0.0010657047240410114
699,protein_embedding_entity_label_shuffle_plus_exact_degree_ppi_label_shuffle,4,>4,3931,0.5013944649110906,0.00441276027859019
700,protein_embedding_entity_label_shuffle_plus_exact_degree_ppi_label_shuffle,0,1,12936,0.5043825701630018,0.002537012911252811
700,protein_embedding_entity_label_shuffle_plus_exact_degree_ppi_label_shuffle,1,2,894261,0.4971145336922797,0.0003040612894326959
700,protein_embedding_entity_label_shuffle_plus_exact_degree_ppi_label_shuffle,2,3,694886,0.5024951951193655,0.00034683022730133423
700,protein_embedding_entity_label_shuffle_plus_exact_degree_ppi_label_shuffle,3,4,88161,0.49976444555331667,0.0009817047502501562
700,protein_embedding_entity_label_shuffle_plus_exact_degree_ppi_label_shuffle,4,>4,5317,0.5252551576906598,0.004178012880098455
701,protein_embedding_entity_label_shuffle_plus_exact_degree_ppi_label_shuffle,0,1,12748,0.48313074620068397,0.0025412370634380287
701,protein_embedding_entity_label_shuffle_plus_exact_degree_ppi_label_shuffle,1,2,887414,0.49736243788955037,0.00030565074931299016
701,protein_embedding_entity_label_shuffle_plus_exact_degree_ppi_label_shuffle,2,3,707533,0.5033497116099753,0.000343829358506354
701,protein_embedding_entity_label_shuffle_plus_exact_degree_ppi_label_shuffle,3,4,85820,0.4982724739086478,0.0009864886574124038
701,protein_embedding_entity_label_shuffle_plus_exact_degree_ppi_label_shuffle,4,>4,3888,0.5459667233573168,0.004754674831654935
702,protein_embedding_entity_label_shuffle_plus_exact_degree_ppi_label_shuffle,0,1,12698,0.49656077532076726,0.002561756738837095
702,protein_embedding_entity_label_shuffle_plus_exact_degree_ppi_label_shuffle,1,2,873981,0.49142451656181396,0.00030840776522015847
702,protein_embedding_entity_label_shuffle_plus_exact_degree_ppi_label_shuffle,2,3,714326,0.5066066050492609,0.0003423301575858334
702,protein_embedding_entity_label_shuffle_plus_exact_degree_ppi_label_shuffle,3,4,87170,0.5193443475737213,0.0009597115084628364
702,protein_embedding_entity_label_shuffle_plus_exact_degree_ppi_label_shuffle,4,>4,5545,0.5007711058075273,0.003614509854202166
703,protein_embedding_entity_label_shuffle_plus_exact_degree_ppi_label_shuffle,0,1,12789,0.48685970869755213,0.002531638252442759
703,protein_embedding_entity_label_shuffle_plus_exact_degree_ppi_label_shuffle,1,2,889051,0.4971808453570686,0.00030547717419040084
703,protein_embedding_entity_label_shuffle_plus_exact_degree_ppi_label_shuffle,2,3,703622,0.5032874469328651,0.0003447808702289172
703,protein_embedding_entity_label_shuffle_plus_exact_degree_ppi_label_shuffle,3,4,85042,0.5088601413598686,0.000995591881348494
703,protein_embedding_entity_label_shuffle_plus_exact_degree_ppi_label_shuffle,4,>4,5057,0.4394799738673309,0.004112781656071749
704,protein_embedding_entity_label_shuffle_plus_exact_degree_ppi_label_shuffle,0,1,12830,0.47298812889841857,0.0025257980400151866
704,protein_embedding_entity_label_shuffle_plus_exact_degree_ppi_label_shuffle,1,2,879430,0.490317023179801,0.00030728536270513434
704,protein_embedding_entity_label_shuffle_plus_exact_degree_ppi_label_shuffle,2,3,717195,0.5099124266931688,0.00034175982963358196
704,protein_embedding_entity_label_shuffle_plus_exact_degree_ppi_label_shuffle,3,4,81324,0.5157793783700504,0.0010056521860390345
704,protein_embedding_entity_label_shuffle_plus_exact_degree_ppi_label_shuffle,4,>4,2941,0.5023390424517954,0.005063884891943246
705,protein_embedding_entity_label_shuffle_plus_exact_degree_ppi_label_shuffle,0,1,12717,0.5361277362093148,0.002624141755731895
705,protein_embedding_entity_label_shuffle_plus_exact_degree_ppi_label_shuffle,1,2,875771,0.49571693530512634,0.00030708473101115596
705,protein_embedding_entity_label_shuffle_plus_exact_degree_ppi_label_shuffle,2,3,726270,0.5021509920706035,0.0003395403469412315
705,protein_embedding_entity_label_shuffle_plus_exact_degree_ppi_label_shuffle,3,4,78919,0.5184883663585814,0.0010401816624378455
705,protein_embedding_entity_label_shuffle_plus_exact_degree_ppi_label_shuffle,4,>4,3726,0.6837857966254607,0.004427312016322612
706,protein_embedding_entity_label_shuffle_plus_exact_degree_ppi_label_shuffle,0,1,12821,0.4859567203386148,0.002519371504052189
706,protein_embedding_entity_label_shuffle_plus_exact_degree_ppi_label_shuffle,1,2,881119,0.49830746955525557,0.00030810136792372184
706,protein_embedding_entity_label_shuffle_plus_exact_degree_ppi_label_shuffle,2,3,720804,0.5015520518576028,0.0003387633832118232
706,protein_embedding_entity_label_shuffle_plus_exact_degree_ppi_label_shuffle,3,4,79213,0.49828122324685964,0.0010214509665965883
706,protein_embedding_entity_label_shuffle_plus_exact_degree_ppi_label_shuffle,4,>4,3446,0.4928983280427586,0.004923197137376432
707,protein_embedding_entity_label_shuffle_plus_exact_degree_ppi_label_shuffle,0,1,12783,0.4921305013036048,0.002549148293218735
707,protein_embedding_entity_label_shuffle_plus_exact_degree_ppi_label_shuffle,1,2,884609,0.49210911118082507,0.0003059601272235518
707,protein_embedding_entity_label_shuffle_plus_exact_degree_ppi_label_shuffle,2,3,711844,0.506996725105039,0.00034230850968656654
707,protein_embedding_entity_label_shuffle_plus_exact_degree_ppi_label_shuffle,3,4,78772,0.514748112468926,0.0010401262794657213
707,protein_embedding_entity_label_shuffle_plus_exact_degree_ppi_label_shuffle,4,>4,5712,0.6001892359092204,0.003941879095140925
708,protein_embedding_entity_label_shuffle_plus_exact_degree_ppi_label_shuffle,0,1,12978,0.4995910523973967,0.002533651056259925
708,protein_embedding_entity_label_shuffle_plus_exact_degree_ppi_label_shuffle,1,2,897636,0.5004431741617882,0.0003041657878483613
708,protein_embedding_entity_label_shuffle_plus_exact_degree_ppi_label_shuffle,2,3,704142,0.49795235797723875,0.00034563936917429906
708,protein_embedding_entity_label_shuffle_plus_exact_degree_ppi_label_shuffle,3,4,75062,0.5053377510679978,0.0010442754600744513
708,protein_embedding_entity_label_shuffle_plus_exact_degree_ppi_label_shuffle,4,>4,5743,0.5899848856658584,0.0035364843685273023
709,protein_embedding_entity_label_shuffle_plus_exact_degree_ppi_label_shuffle,0,1,12725,0.4858259061429277,0.0025775037960177
709,protein_embedding_entity_label_shuffle_plus_exact_degree_ppi_label_shuffle,1,2,883969,0.4986767483743339,0.00030905952903261555
709,protein_embedding_entity_label_shuffle_plus_exact_degree_ppi_label_shuffle,2,3,706971,0.5018727822311289,0.0003417012389170265
709,protein_embedding_entity_label_shuffle_plus_exact_degree_ppi_label_shuffle,3,4,86501,0.49430496392827217,0.0009547628444343786
709,protein_embedding_entity_label_shuffle_plus_exact_degree_ppi_label_shuffle,4,>4,7237,0.5819175188083198,0.0030749200880425785
710,protein_embedding_entity_label_shuffle_plus_exact_degree_ppi_label_shuffle,0,1,12736,0.5138916376153182,0.0025675321509345977
710,protein_embedding_entity_label_shuffle_plus_exact_degree_ppi_label_shuffle,1,2,881033,0.49906359679561857,0.0003075438186098567
710,protein_embedding_entity_label_shuffle_plus_exact_degree_ppi_label_shuffle,2,3,712274,0.5008533715813094,0.00034154865869347103
710,protein_embedding_entity_label_shuffle_plus_exact_degree_ppi_label_shuffle,3,4,83424,0.511954093421521,0.0010071388692927063
710,protein_embedding_entity_label_shuffle_plus_exact_degree_ppi_label_shuffle,4,>4,6094,0.46556387534115595,0.003780151611904606
711,protein_embedding_entity_label_shuffle_plus_exact_degree_ppi_label_shuffle,0,1,12986,0.5127416479481177,0.002568033878854486
711,protein_embedding_entity_label_shuffle_plus_exact_degree_ppi_label_shuffle,1,2,904796,0.5005002366898449,0.00030415556927679765
711,protein_embedding_entity_label_shuffle_plus_exact_degree_ppi_label_shuffle,2,3,696179,0.5020637232554287,0.0003449122582214184
711,protein_embedding_entity_label_shuffle_plus_exact_degree_ppi_label_shuffle,3,4,78625,0.48667602754724076,0.0010319483839354398
711,protein_embedding_entity_label_shuffle_plus_exact_degree_ppi_label_shuffle,4,>4,4817,0.48017654227694934,0.0037059313351027385
712,protein_embedding_entity_label_shuffle_plus_exact_degree_ppi_label_shuffle,0,1,12781,0.5069354730644405,0.002528669057027092
712,protein_embedding_entity_label_shuffle_plus_exact_degree_ppi_label_shuffle,1,2,888966,0.5039858928245577,0.0003045354027758904
712,protein_embedding_entity_label_shuffle_plus_exact_degree_ppi_label_shuffle,2,3,714827,0.4989080999771366,0.0003431789957240287
712,protein_embedding_entity_label_shuffle_plus_exact_degree_ppi_label_shuffle,3,4,79128,0.46632516985677774,0.0010331390804172965
712,protein_embedding_entity_label_shuffle_plus_exact_degree_ppi_label_shuffle,4,>4,1701,0.4137817236738872,0.00688929383147399
713,protein_embedding_entity_label_shuffle_plus_exact_degree_ppi_label_shuffle,0,1,12821,0.5197981219086788,0.0025415613193568785
713,protein_embedding_entity_label_shuffle_plus_exact_degree_ppi_label_shuffle,1,2,868379,0.4975957277690622,0.000308584910757135
713,protein_embedding_entity_label_shuffle_plus_exact_degree_ppi_label_shuffle,2,3,724758,0.500926428356066,0.0003406968301276893
713,protein_embedding_entity_label_shuffle_plus_exact_degree_ppi_label_shuffle,3,4,88172,0.5147867342300767,0.0009792808554055972
713,protein_embedding_entity_label_shuffle_plus_exact_degree_ppi_label_shuffle,4,>4,3273,0.5090075305300973,0.005008215789562001
714,protein_embedding_entity_label_shuffle_plus_exact_degree_ppi_label_shuffle,0,1,12684,0.4802853423200267,0.0025278085985562947
714,protein_embedding_entity_label_shuffle_plus_exact_degree_ppi_label_shuffle,1,2,903137,0.5017927234934006,0.0003027428942932733
714,protein_embedding_entity_label_shuffle_plus_exact_degree_ppi_label_shuffle,2,3,703697,0.4968208736017698,0.0003446565028028457
714,protein_embedding_entity_label_shuffle_plus_exact_degree_ppi_label_shuffle,3,4,75751,0.5117427904709653,0.0010774696644776766
714,protein_embedding_entity_label_shuffle_plus_exact_degree_ppi_label_shuffle,4,>4,2134,0.591061876153131,0.006242944729850111
715,protein_embedding_entity_label_shuffle_plus_exact_degree_ppi_label_shuffle,0,1,12815,0.5203014450061438,0.002547116789024433
715,protein_embedding_entity_label_shuffle_plus_exact_degree_ppi_label_shuffle,1,2,895186,0.5040645938223511,0.0003029053010126518
715,protein_embedding_entity_label_shuffle_plus_exact_degree_ppi_label_shuffle,2,3,707273,0.49510097436093836,0.0003450311394410956
715,protein_embedding_entity_label_shuffle_plus_exact_degree_ppi_label_shuffle,3,4,75604,0.49847807516031045,0.0010777442932812268
715,protein_embedding_entity_label_shuffle_plus_exact_degree_ppi_label_shuffle,4,>4,2842,0.5195986167458124,0.005517376653303933
716,protein_embedding_entity_label_shuffle_plus_exact_degree_ppi_label_shuffle,0,1,12690,0.48108342244580915,0.0025207984700446914
716,protein_embedding_entity_label_shuffle_plus_exact_degree_ppi_label_shuffle,1,2,904367,0.502707084856013,0.0003051757454321555
716,protein_embedding_entity_label_shuffle_plus_exact_degree_ppi_label_shuffle,2,3,702210,0.49828548964924924,0.00034234548226650253
716,protein_embedding_entity_label_shuffle_plus_exact_degree_ppi_label_shuffle,3,4,74885,0.5013564802554616,0.00105371776332981
716,protein_embedding_entity_label_shuffle_plus_exact_degree_ppi_label_shuffle,4,>4,3251,0.46778467198724116,0.005342655443391302
717,protein_embedding_entity_label_shuffle_plus_exact_degree_ppi_label_shuffle,0,1,12832,0.4866319216734386,0.002526368220917454
717,protein_embedding_entity_label_shuffle_plus_exact_degree_ppi_label_shuffle,1,2,880658,0.5013805666063037,0.0003096759013432696
717,protein_embedding_entity_label_shuffle_plus_exact_degree_ppi_label_shuffle,2,3,709648,0.4965833439564977,0.0003398586689604677
717,protein_embedding_entity_label_shuffle_plus_exact_degree_ppi_label_shuffle,3,4,87568,0.5137507401632985,0.0009723659060686384
717,protein_embedding_entity_label_shuffle_plus_exact_degree_ppi_label_shuffle,4,>4,6697,0.5420977629039082,0.003581485839999977
718,protein_embedding_entity_label_shuffle_plus_exact_degree_ppi_label_shuffle,0,1,12685,0.5089520811644043,0.0025907424154133505
718,protein_embedding_entity_label_shuffle_plus_exact_degree_ppi_label_shuffle,1,2,889659,0.5021445444861069,0.00030613560970046267
718,protein_embedding_entity_label_shuffle_plus_exact_degree_ppi_label_shuffle,2,3,707749,0.49986004865604805,0.0003429394221012337
718,protein_embedding_entity_label_shuffle_plus_exact_degree_ppi_label_shuffle,3,4,79615,0.48637278984406884,0.0010194891069560052
718,protein_embedding_entity_label_shuffle_plus_exact_degree_ppi_label_shuffle,4,>4,5853,0.4465641819659353,0.003450664290806327
719,protein_embedding_entity_label_shuffle_plus_exact_degree_ppi_label_shuffle,0,1,12819,0.5080194760020812,0.002573442266948693
719,protein_embedding_entity_label_shuffle_plus_exact_degree_ppi_label_shuffle,1,2,861866,0.5052594371144253,0.0003102715977376071
719,protein_embedding_entity_label_shuffle_plus_exact_degree_ppi_label_shuffle,2,3,729894,0.4945142239406162,0.00033859045408315904
719,protein_embedding_entity_label_shuffle_plus_exact_degree_ppi_label_shuffle,3,4,90337,0.4819140310324784,0.0009465724264319556
719,protein_embedding_entity_label_shuffle_plus_exact_degree_ppi_label_shuffle,4,>4,2487,0.47420117550799284,0.0056041260687287025
720,protein_embedding_entity_label_shuffle_plus_exact_degree_ppi_label_shuffle,0,1,12821,0.46927133838666335,0.0025342241515072376
720,protein_embedding_entity_label_shuffle_plus_exact_degree_ppi_label_shuffle,1,2,898559,0.49567116961345137,0.00030633608548367026
720,protein_embedding_entity_label_shuffle_plus_exact_degree_ppi_label_shuffle,2,3,703419,0.5021726558039913,0.0003424661040480016
720,protein_embedding_entity_label_shuffle_plus_exact_degree_ppi_label_shuffle,3,4,77824,0.5144148728168498,0.0009995203622510135
720,protein_embedding_entity_label_shuffle_plus_exact_degree_ppi_label_shuffle,4,>4,2938,0.5304150006217923,0.005047729734370901
721,protein_embedding_entity_label_shuffle_plus_exact_degree_ppi_label_shuffle,0,1,12867,0.4958959037110828,0.0025344850916137174
721,protein_embedding_entity_label_shuffle_plus_exact_degree_ppi_label_shuffle,1,2,915935,0.5027648774527137,0.00030126090242538396
721,protein_embedding_entity_label_shuffle_plus_exact_degree_ppi_label_shuffle,2,3,683255,0.49707715965366134,0.00035033328225215945
721,protein_embedding_entity_label_shuffle_plus_exact_degree_ppi_label_shuffle,3,4,80535,0.4954724665691167,0.0010041856816559527
721,protein_embedding_entity_label_shuffle_plus_exact_degree_ppi_label_shuffle,4,>4,2969,0.4815579845732128,0.004855674275276287
722,protein_embedding_entity_label_shuffle_plus_exact_degree_ppi_label_shuffle,0,1,12744,0.4692688478417145,0.002533106223727718
722,protein_embedding_entity_label_shuffle_plus_exact_degree_ppi_label_shuffle,1,2,894915,0.49615129702290994,0.0003043162597980506
722,protein_embedding_entity_label_shuffle_plus_exact_degree_ppi_label_shuffle,2,3,703535,0.5044958884656124,0.0003449217499285822
722,protein_embedding_entity_label_shuffle_plus_exact_degree_ppi_label_shuffle,3,4,80057,0.5106343380330061,0.0010288734126043509
722,protein_embedding_entity_label_shuffle_plus_exact_degree_ppi_label_shuffle,4,>4,2469,0.5498137495038125,0.00592588409605096
723,protein_embedding_entity_label_shuffle_plus_exact_degree_ppi_label_shuffle,0,1,12829,0.49231383858734956,0.0025576843077968845
723,protein_embedding_entity_label_shuffle_plus_exact_degree_ppi_label_shuffle,1,2,918945,0.49935845235216364,0.0003012321915931527
723,protein_embedding_entity_label_shuffle_plus_exact_degree_ppi_label_shuffle,2,3,676507,0.5007661595241201,0.0003500355687829867
723,protein_embedding_entity_label_shuffle_plus_exact_degree_ppi_label_shuffle,3,4,82051,0.5015868599962563,0.0010207429048759828
723,protein_embedding_entity_label_shuffle_plus_exact_degree_ppi_label_shuffle,4,>4,5229,0.46223816090843517,0.003995109502886904
724,protein_embedding_entity_label_shuffle_plus_exact_degree_ppi_label_shuffle,0,1,12646,0.5070859007632698,0.002531126668640477
724,protein_embedding_entity_label_shuffle_plus_exact_degree_ppi_label_shuffle,1,2,895550,0.5004549687336916,0.0003042745265971422
724,protein_embedding_entity_label_shuffle_plus_exact_degree_ppi_label_shuffle,2,3,708423,0.49725921636062437,0.00034317144023594776
724,protein_embedding_entity_label_shuffle_plus_exact_degree_ppi_label_shuffle,3,4,71455,0.5085561751684247,0.0010975017487243452
724,protein_embedding_entity_label_shuffle_plus_exact_degree_ppi_label_shuffle,4,>4,5646,0.4400619952598149,0.0037752398792648347
725,protein_embedding_entity_label_shuffle_plus_exact_degree_ppi_label_shuffle,0,1,12871,0.49722636655421926,0.002509818781228869
725,protein_embedding_entity_label_shuffle_plus_exact_degree_ppi_label_shuffle,1,2,870292,0.49763461785464186,0.000307107353410213
725,protein_embedding_entity_label_shuffle_plus_exact_degree_ppi_label_shuffle,2,3,713433,0.5052357160553488,0.00034462813298911693
725,protein_embedding_entity_label_shuffle_plus_exact_degree_ppi_label_shuffle,3,4,88436,0.49331878353778824,0.0009744747244879912
725,protein_embedding_entity_label_shuffle_plus_exact_degree_ppi_label_shuffle,4,>4,5010,0.5613114906241266,0.004073337513709511
726,protein_embedding_entity_label_shuffle_plus_exact_degree_ppi_label_shuffle,0,1,12807,0.5112080900886594,0.0025852781814353775
726,protein_embedding_entity_label_shuffle_plus_exact_degree_ppi_label_shuffle,1,2,905672,0.500636932161833,0.00030407717106643335
726,protein_embedding_entity_label_shuffle_plus_exact_degree_ppi_label_shuffle,2,3,702283,0.5011177991179325,0.0003435582190440478
726,protein_embedding_entity_label_shuffle_plus_exact_degree_ppi_label_shuffle,3,4,70017,0.493168133300522,0.001091931257355036
726,protein_embedding_entity_label_shuffle_plus_exact_degree_ppi_label_shuffle,4,>4,2941,0.5634861780597261,0.005349947905892566
727,protein_embedding_entity_label_shuffle_plus_exact_degree_ppi_label_shuffle,0,1,12608,0.5075252665338459,0.0025765905494465734
727,protein_embedding_entity_label_shuffle_plus_exact_degree_ppi_label_shuffle,1,2,890929,0.4923989325150564,0.0003060342206383598
727,protein_embedding_entity_label_shuffle_plus_exact_degree_ppi_label_shuffle,2,3,708931,0.5068348675695868,0.00034235641192079266
727,protein_embedding_entity_label_shuffle_plus_exact_degree_ppi_label_shuffle,3,4,76949,0.5217515886392091,0.0010375937166924132
727,protein_embedding_entity_label_shuffle_plus_exact_degree_ppi_label_shuffle,4,>4,7986,0.5337070624806184,0.0030496179458379294
728,protein_embedding_entity_label_shuffle_plus_exact_degree_ppi_label_shuffle,0,1,12766,0.5092405259787657,0.002553114104947298
728,protein_embedding_entity_label_shuffle_plus_exact_degree_ppi_label_shuffle,1,2,901657,0.5112226016517458,0.0003066126576071585
728,protein_embedding_entity_label_shuffle_plus_exact_degree_ppi_label_shuffle,2,3,701414,0.4880817921202782,0.00034104687998612023
728,protein_embedding_entity_label_shuffle_plus_exact_degree_ppi_label_shuffle,3,4,79415,0.49093340740864194,0.0010097923757682403
728,protein_embedding_entity_label_shuffle_plus_exact_degree_ppi_label_shuffle,4,>4,2151,0.4908148801968986,0.005952857602351948
729,protein_embedding_entity_label_shuffle_plus_exact_degree_ppi_label_shuffle,0,1,12825,0.4940450195108073,0.002562029664065222
729,protein_embedding_entity_label_shuffle_plus_exact_degree_ppi_label_shuffle,1,2,880696,0.5057024937701641,0.00030921019654350047
729,protein_embedding_entity_label_shuffle_plus_exact_degree_ppi_label_shuffle,2,3,713045,0.4944904368591228,0.0003409540284612163
729,protein_embedding_entity_label_shuffle_plus_exact_degree_ppi_label_shuffle,3,4,85809,0.49349667939235614,0.0009575289707811725
729,protein_embedding_entity_label_shuffle_plus_exact_degree_ppi_label_shuffle,4,>4,5028,0.4728008784748851,0.003986533698655179
730,protein_embedding_entity_label_shuffle_plus_exact_degree_ppi_label_shuffle,0,1,12736,0.4745217530918852,0.0025476871624721923
730,protein_embedding_entity_label_shuffle_plus_exact_degree_ppi_label_shuffle,1,2,882420,0.5007449631564237,0.00030702137977578974
730,protein_embedding_entity_label_shuffle_plus_exact_degree_ppi_label_shuffle,2,3,708467,0.4998316320283147,0.00034277707791250056
730,protein_embedding_entity_label_shuffle_plus_exact_degree_ppi_label_shuffle,3,4,87697,0.5102795249174629,0.00098948778230952
730,protein_embedding_entity_label_shuffle_plus_exact_degree_ppi_label_shuffle,4,>4,4241,0.5223533930671228,0.004445513166920346
731,protein_embedding_entity_label_shuffle_plus_exact_degree_ppi_label_shuffle,0,1,12985,0.5058673531632369,0.002536651795369705
731,protein_embedding_entity_label_shuffle_plus_exact_degree_ppi_label_shuffle,1,2,879343,0.5061049558649039,0.0003090476236718705
731,protein_embedding_entity_label_shuffle_plus_exact_degree_ppi_label_shuffle,2,3,723205,0.4960869031251092,0.0003383076067173973
731,protein_embedding_entity_label_shuffle_plus_exact_degree_ppi_label_shuffle,3,4,75126,0.4837674837611412,0.001041849086112638
731,protein_embedding_entity_label_shuffle_plus_exact_degree_ppi_label_shuffle,4,>4,3061,0.4507294486239578,0.005037893979954633
732,protein_embedding_entity_label_shuffle_plus_exact_degree_ppi_label_shuffle,0,1,12874,0.4922704345097691,0.002537767720358243
732,protein_embedding_entity_label_shuffle_plus_exact_degree_ppi_label_shuffle,1,2,901724,0.5015069333344195,0.00030471269721945844
732,protein_embedding_entity_label_shuffle_plus_exact_degree_ppi_label_shuffle,2,3,701822,0.5003190573856495,0.0003439404039647852
732,protein_embedding_entity_label_shuffle_plus_exact_degree_ppi_label_shuffle,3,4,73805,0.4973429029509807,0.0010469248304135056
732,protein_embedding_entity_label_shuffle_plus_exact_degree_ppi_label_shuffle,4,>4,7178,0.48760554822685187,0.003325849997887933
733,protein_embedding_entity_label_shuffle_plus_exact_degree_ppi_label_shuffle,0,1,12719,0.48645724885505987,0.002541990256295311
733,protein_embedding_entity_label_shuffle_plus_exact_degree_ppi_label_shuffle,1,2,873645,0.4974193045935855,0.0003088376298270231
733,protein_embedding_entity_label_shuffle_plus_exact_degree_ppi_label_shuffle,2,3,727034,0.505227857771753,0.0003394614399171136
733,protein_embedding_entity_label_shuffle_plus_exact_degree_ppi_label_shuffle,3,4,78796,0.488196686611997,0.0010162842186342924
733,protein_embedding_entity_label_shuffle_plus_exact_degree_ppi_label_shuffle,4,>4,5209,0.5040266477079237,0.0033469062212887466
734,protein_embedding_entity_label_shuffle_plus_exact_degree_ppi_label_shuffle,0,1,12845,0.49508488497890046,0.0025401472169108543
734,protein_embedding_entity_label_shuffle_plus_exact_degree_ppi_label_shuffle,1,2,894474,0.493716809832406,0.00030405479102468103
734,protein_embedding_entity_label_shuffle_plus_exact_degree_ppi_label_shuffle,2,3,699681,0.5075148819836338,0.0003463283193783561
734,protein_embedding_entity_label_shuffle_plus_exact_degree_ppi_label_shuffle,3,4,82695,0.5109742133897922,0.001014106844806884
734,protein_embedding_entity_label_shuffle_plus_exact_degree_ppi_label_shuffle,4,>4,4025,0.5218098303505189,0.004675093295526665
735,protein_embedding_entity_label_shuffle_plus_exact_degree_ppi_label_shuffle,0,1,12893,0.46687310322818515,0.0024733107242434138
735,protein_embedding_entity_label_shuffle_plus_exact_degree_ppi_label_shuffle,1,2,885255,0.49196438015131294,0.0003044192411793824
735,protein_embedding_entity_label_shuffle_plus_exact_degree_ppi_label_shuffle,2,3,707614,0.5095635939537613,0.00034570065845524096
735,protein_embedding_entity_label_shuffle_plus_exact_degree_ppi_label_shuffle,3,4,82185,0.5166431197894356,0.0010188311975253285
735,protein_embedding_entity_label_shuffle_plus_exact_degree_ppi_label_shuffle,4,>4,5773,0.44622087197873517,0.003882968351011997
736,protein_embedding_entity_label_shuffle_plus_exact_degree_ppi_label_shuffle,0,1,12781,0.5087986549510362,0.002547645564150342
736,protein_embedding_entity_label_shuffle_plus_exact_degree_ppi_label_shuffle,1,2,875234,0.4985378558888721,0.00030931666734777287
736,protein_embedding_entity_label_shuffle_plus_exact_degree_ppi_label_shuffle,2,3,717721,0.5018593959431015,0.0003399878400199166
736,protein_embedding_entity_label_shuffle_plus_exact_degree_ppi_label_shuffle,3,4,86788,0.500251910133814,0.0009715868996929264
736,protein_embedding_entity_label_shuffle_plus_exact_degree_ppi_label_shuffle,4,>4,3037,0.5089951763139834,0.005010486018551986
737,protein_embedding_entity_label_shuffle_plus_exact_degree_ppi_label_shuffle,0,1,12907,0.5292448629899555,0.0025606717311320443
737,protein_embedding_entity_label_shuffle_plus_exact_degree_ppi_label_shuffle,1,2,908382,0.5075413964398429,0.0003042915804384511
737,protein_embedding_entity_label_shuffle_plus_exact_degree_ppi_label_shuffle,2,3,686284,0.4912867943273397,0.0003463964643555638
737,protein_embedding_entity_label_shuffle_plus_exact_degree_ppi_label_shuffle,3,4,81913,0.49346465346915563,0.0009947081078618791
737,protein_embedding_entity_label_shuffle_plus_exact_degree_ppi_label_shuffle,4,>4,6075,0.42832799578884895,0.003705022225707748
738,protein_embedding_entity_label_shuffle_plus_exact_degree_ppi_label_shuffle,0,1,12731,0.5109001768589596,0.002577650639672423
738,protein_embedding_entity_label_shuffle_plus_exact_degree_ppi_label_shuffle,1,2,882278,0.5046223518284575,0.0003069368294208455
738,protein_embedding_entity_label_shuffle_plus_exact_degree_ppi_label_shuffle,2,3,714292,0.4939531545344387,0.00034191503638235707
738,protein_embedding_entity_label_shuffle_plus_exact_degree_ppi_label_shuffle,3,4,79205,0.492290143077233,0.0010255710061242544
738,protein_embedding_entity_label_shuffle_plus_exact_degree_ppi_label_shuffle,4,>4,8897,0.5120927535180867,0.0029551915094505944
739,protein_embedding_entity_label_shuffle_plus_exact_degree_ppi_label_shuffle,0,1,12837,0.5059210792131384,0.0024943306927891354
739,protein_embedding_entity_label_shuffle_plus_exact_degree_ppi_label_shuffle,1,2,899511,0.5016191111802017,0.00030299718711468887
739,protein_embedding_entity_label_shuffle_plus_exact_degree_ppi_label_shuffle,2,3,713473,0.4959966596399714,0.0003423009310270676
739,protein_embedding_entity_label_shuffle_plus_exact_degree_ppi_label_shuffle,3,4,64826,0.5016276150679474,0.0011583476966238418
739,protein_embedding_entity_label_shuffle_plus_exact_degree_ppi_label_shuffle,4,>4,4914,0.4742887231840588,0.004519260918720935
740,protein_embedding_entity_label_shuffle_plus_exact_degree_ppi_label_shuffle,0,1,12756,0.47939991610587435,0.002523776278442563
740,protein_embedding_entity_label_shuffle_plus_exact_degree_ppi_label_shuffle,1,2,874048,0.4984867598409795,0.00030737494565993996
740,protein_embedding_entity_label_shuffle_plus_exact_degree_ppi_label_shuffle,2,3,724939,0.5011445289360731,0.00034008554360290434
740,protein_embedding_entity_label_shuffle_plus_exact_degree_ppi_label_shuffle,3,4,82818,0.5121146656938388,0.0010306043417606999
740,protein_embedding_entity_label_shuffle_plus_exact_degree_ppi_label_shuffle,4,>4,2842,0.4595160372320301,0.005788957917683298
741,protein_embedding_entity_label_shuffle_plus_exact_degree_ppi_label_shuffle,0,1,12670,0.48284791698971924,0.002471188542448409
741,protein_embedding_entity_label_shuffle_plus_exact_degree_ppi_label_shuffle,1,2,889636,0.5020987282046999,0.0003070696295720614
741,protein_embedding_entity_label_shuffle_plus_exact_degree_ppi_label_shuffle,2,3,708902,0.4983170915913255,0.000342371000150309
741,protein_embedding_entity_label_shuffle_plus_exact_degree_ppi_label_shuffle,3,4,81127,0.4993023336677909,0.0010078402332966965
741,protein_embedding_entity_label_shuffle_plus_exact_degree_ppi_label_shuffle,4,>4,5068,0.4798728499622644,0.003976966366454941
742,protein_embedding_entity_label_shuffle_plus_exact_degree_ppi_label_shuffle,0,1,12738,0.5018036435640805,0.00256957387691921
742,protein_embedding_entity_label_shuffle_plus_exact_degree_ppi_label_shuffle,1,2,913584,0.4937129416243563,0.00030075240662939763
742,protein_embedding_entity_label_shuffle_plus_exact_degree_ppi_label_shuffle,2,3,691387,0.5048207517071726,0.0003487528768947769
742,protein_embedding_entity_label_shuffle_plus_exact_degree_ppi_label_shuffle,3,4,76338,0.510461843364655,0.001045424537847708
742,protein_embedding_entity_label_shuffle_plus_exact_degree_ppi_label_shuffle,4,>4,3356,0.5590152898133823,0.004687952973061968
743,protein_embedding_entity_label_shuffle_plus_exact_degree_ppi_label_shuffle,0,1,12713,0.4817741299897747,0.0024631038838537895
743,protein_embedding_entity_label_shuffle_plus_exact_degree_ppi_label_shuffle,1,2,899676,0.4916991680807061,0.0003021507346925027
743,protein_embedding_entity_label_shuffle_plus_exact_degree_ppi_label_shuffle,2,3,691121,0.5061687976228636,0.00034976332446814555
743,protein_embedding_entity_label_shuffle_plus_exact_degree_ppi_label_shuffle,3,4,84097,0.5290179038055108,0.001020218764069951
743,protein_embedding_entity_label_shuffle_plus_exact_degree_ppi_label_shuffle,4,>4,6113,0.6009404002066328,0.003796580783203408
744,protein_embedding_entity_label_shuffle_plus_exact_degree_ppi_label_shuffle,0,1,12657,0.5038641309463813,0.0026079449237381494
744,protein_embedding_entity_label_shuffle_plus_exact_degree_ppi_label_shuffle,1,2,885470,0.5023948099864504,0.00030748841536443487
744,protein_embedding_entity_label_shuffle_plus_exact_degree_ppi_label_shuffle,2,3,710177,0.49724284358046705,0.0003412534529480578
744,protein_embedding_entity_label_shuffle_plus_exact_degree_ppi_label_shuffle,3,4,78611,0.4812908780610295,0.0010236537337890306
744,protein_embedding_entity_label_shuffle_plus_exact_degree_ppi_label_shuffle,4,>4,4965,0.5211973409424935,0.004266379066176628
745,protein_embedding_entity_label_shuffle_plus_exact_degree_ppi_label_shuffle,0,1,12950,0.5077800952509017,0.002478181860468622
745,protein_embedding_entity_label_shuffle_plus_exact_degree_ppi_label_shuffle,1,2,890603,0.5010231248714596,0.00030468537341231297
745,protein_embedding_entity_label_shuffle_plus_exact_degree_ppi_label_shuffle,2,3,714575,0.49731944631401287,0.00034232161558763385
745,protein_embedding_entity_label_shuffle_plus_exact_degree_ppi_label_shuffle,3,4,73639,0.5140965174885588,0.0010961539863645633
745,protein_embedding_entity_label_shuffle_plus_exact_degree_ppi_label_shuffle,4,>4,3794,0.5880648230056236,0.004842363438216543
746,protein_embedding_entity_label_shuffle_plus_exact_degree_ppi_label_shuffle,0,1,12599,0.4993057352890437,0.002595914726607763
746,protein_embedding_entity_label_shuffle_plus_exact_degree_ppi_label_shuffle,1,2,877240,0.4970567127224951,0.0003072591264275702
746,protein_embedding_entity_label_shuffle_plus_exact_degree_ppi_label_shuffle,2,3,713835,0.5010694465980576,0.0003424794075085306
746,protein_embedding_entity_label_shuffle_plus_exact_degree_ppi_label_shuffle,3,4,89915,0.5216626694755381,0.0009712771163348014
746,protein_embedding_entity_label_shuffle_plus_exact_degree_ppi_label_shuffle,4,>4,3814,0.4946200587692749,0.004850973705178394
747,protein_embedding_entity_label_shuffle_plus_exact_degree_ppi_label_shuffle,0,1,12622,0.4874717786185884,0.002594695647490835
747,protein_embedding_entity_label_shuffle_plus_exact_degree_ppi_label_shuffle,1,2,872246,0.5033397683573165,0.0003094434532942893
747,protein_embedding_entity_label_shuffle_plus_exact_degree_ppi_label_shuffle,2,3,703709,0.4990989130084533,0.00034317669397431345
747,protein_embedding_entity_label_shuffle_plus_exact_degree_ppi_label_shuffle,3,4,98966,0.49145326159294717,0.0009252750240126935
747,protein_embedding_entity_label_shuffle_plus_exact_degree_ppi_label_shuffle,4,>4,6177,0.47590203897081895,0.0038341627541523273
748,protein_embedding_entity_label_shuffle_plus_exact_degree_ppi_label_shuffle,0,1,12814,0.5193321646331734,0.0025506707646535003
748,protein_embedding_entity_label_shuffle_plus_exact_degree_ppi_label_shuffle,1,2,913177,0.49872617773723943,0.00030134487574489917
748,protein_embedding_entity_label_shuffle_plus_exact_degree_ppi_label_shuffle,2,3,689323,0.5016227242502721,0.00034906300717725807
748,protein_embedding_entity_label_shuffle_plus_exact_degree_ppi_label_shuffle,3,4,75713,0.503020160937438,0.0010531450217943182
748,protein_embedding_entity_label_shuffle_plus_exact_degree_ppi_label_shuffle,4,>4,4534,0.55631367875962,0.004180907741917542
749,protein_embedding_entity_label_shuffle_plus_exact_degree_ppi_label_shuffle,0,1,12745,0.4728580083253025,0.0025251336433956446
749,protein_embedding_entity_label_shuffle_plus_exact_degree_ppi_label_shuffle,1,2,890924,0.499164177582668,0.0003052876008392124
749,protein_embedding_entity_label_shuffle_plus_exact_degree_ppi_label_shuffle,2,3,706795,0.5014166881666222,0.0003448972480732572
749,protein_embedding_entity_label_shuffle_plus_exact_degree_ppi_label_shuffle,3,4,82369,0.5036343785813387,0.0010065510125799471
749,protein_embedding_entity_label_shuffle_plus_exact_degree_ppi_label_shuffle,4,>4,4570,0.4705842986212355,0.004013746045163391
750,protein_embedding_entity_label_shuffle_plus_exact_degree_ppi_label_shuffle,0,1,12708,0.511538821242732,0.0025834222788387647
750,protein_embedding_entity_label_shuffle_plus_exact_degree_ppi_label_shuffle,1,2,866321,0.49960318930691633,0.0003100405875664897
750,protein_embedding_entity_label_shuffle_plus_exact_degree_ppi_label_shuffle,2,3,728325,0.50092784644523,0.0003385696076323009
750,protein_embedding_entity_label_shuffle_plus_exact_degree_ppi_label_shuffle,3,4,82021,0.4961363624804115,0.0010056955342382305
750,protein_embedding_entity_label_shuffle_plus_exact_degree_ppi_label_shuffle,4,>4,4345,0.512321721784552,0.004153921631531473
751,protein_embedding_entity_label_shuffle_plus_exact_degree_ppi_label_shuffle,0,1,12634,0.5021384333850362,0.002554056005145714
751,protein_embedding_entity_label_shuffle_plus_exact_degree_ppi_label_shuffle,1,2,898853,0.4995802598606533,0.0003049151650326131
751,protein_embedding_entity_label_shuffle_plus_exact_degree_ppi_label_shuffle,2,3,700990,0.5005197030334133,0.0003446973189210867
751,protein_embedding_entity_label_shuffle_plus_exact_degree_ppi_label_shuffle,3,4,76895,0.5058081612230667,0.0010446252515759152
751,protein_embedding_entity_label_shuffle_plus_exact_degree_ppi_label_shuffle,4,>4,4348,0.508928031811986,0.0044878085271181905
752,protein_embedding_entity_label_shuffle_plus_exact_degree_ppi_label_shuffle,0,1,12689,0.49483892021873005,0.002512419074034866
752,protein_embedding_entity_label_shuffle_plus_exact_degree_ppi_label_shuffle,1,2,906217,0.49898743512278493,0.00030165981862779925
752,protein_embedding_entity_label_shuffle_plus_exact_degree_ppi_label_shuffle,2,3,696767,0.5006230657812847,0.00034784443508552754
752,protein_embedding_entity_label_shuffle_plus_exact_degree_ppi_label_shuffle,3,4,75254,0.5023185543220138,0.0010685804945532202
752,protein_embedding_entity_label_shuffle_plus_exact_degree_ppi_label_shuffle,4,>4,4634,0.5086905972413094,0.0038838202481264812
753,protein_embedding_entity_label_shuffle_plus_exact_degree_ppi_label_shuffle,0,1,12905,0.5020006684351468,0.00246406682245394
753,protein_embedding_entity_label_shuffle_plus_exact_degree_ppi_label_shuffle,1,2,890936,0.5009309858006785,0.0003039255998664258
753,protein_embedding_entity_label_shuffle_plus_exact_degree_ppi_label_shuffle,2,3,707837,0.4999737517972187,0.00034548886772980676
753,protein_embedding_entity_label_shuffle_plus_exact_degree_ppi_label_shuffle,3,4,77782,0.507073506218662,0.0010363318686012013
753,protein_embedding_entity_label_shuffle_plus_exact_degree_ppi_label_shuffle,4,>4,6101,0.4997306293580137,0.0038436205102293764
754,protein_embedding_entity_label_shuffle_plus_exact_degree_ppi_label_shuffle,0,1,12917,0.5113276200248049,0.002535404355289628
754,protein_embedding_entity_label_shuffle_plus_exact_degree_ppi_label_shuffle,1,2,892031,0.4992247463480231,0.00030551294086448563
754,protein_embedding_entity_label_shuffle_plus_exact_degree_ppi_label_shuffle,2,3,712931,0.4994354948350887,0.0003411514948077619
754,protein_embedding_entity_label_shuffle_plus_exact_degree_ppi_label_shuffle,3,4,75755,0.49963629637371343,0.0010639671223355777
754,protein_embedding_entity_label_shuffle_plus_exact_degree_ppi_label_shuffle,4,>4,3769,0.5715506721550145,0.004521952507914563
755,protein_embedding_entity_label_shuffle_plus_exact_degree_ppi_label_shuffle,0,1,12711,0.4917594613669248,0.002519769961801942
755,protein_embedding_entity_label_shuffle_plus_exact_degree_ppi_label_shuffle,1,2,897628,0.5014781167810909,0.00030415250793235684
755,protein_embedding_entity_label_shuffle_plus_exact_degree_ppi_label_shuffle,2,3,707553,0.4999643150461953,0.0003435854627947717
755,protein_embedding_entity_label_shuffle_plus_exact_degree_ppi_label_shuffle,3,4,76928,0.49804998100060816,0.0010445339640854747
755,protein_embedding_entity_label_shuffle_plus_exact_degree_ppi_label_shuffle,4,>4,2583,0.47139385719349186,0.005733744739325365
756,protein_embedding_entity_label_shuffle_plus_exact_degree_ppi_label_shuffle,0,1,12710,0.5080790147310956,0.0025443269487955495
756,protein_embedding_entity_label_shuffle_plus_exact_degree_ppi_label_shuffle,1,2,859638,0.5081497633141848,0.0003115161370515528
756,protein_embedding_entity_label_shuffle_plus_exact_degree_ppi_label_shuffle,2,3,735620,0.4918560710094015,0.00033586320910267755
756,protein_embedding_entity_label_shuffle_plus_exact_degree_ppi_label_shuffle,3,4,84291,0.4833833465594964,0.0009886671175297584
756,protein_embedding_entity_label_shuffle_plus_exact_degree_ppi_label_shuffle,4,>4,3302,0.5423511201405189,0.005011914184350918
757,protein_embedding_entity_label_shuffle_plus_exact_degree_ppi_label_shuffle,0,1,12605,0.509276191859341,0.0025069352946332077
757,protein_embedding_entity_label_shuffle_plus_exact_degree_ppi_label_shuffle,1,2,882724,0.5023992011263434,0.00030761706621731434
757,protein_embedding_entity_label_shuffle_plus_exact_degree_ppi_label_shuffle,2,3,708043,0.49830482410338073,0.0003423017895884764
757,protein_embedding_entity_label_shuffle_plus_exact_degree_ppi_label_shuffle,3,4,89448,0.49971764845340055,0.0009744556789603535
757,protein_embedding_entity_label_shuffle_plus_exact_degree_ppi_label_shuffle,4,>4,4583,0.46265060865226265,0.004505862550678348
758,protein_embedding_entity_label_shuffle_plus_exact_degree_ppi_label_shuffle,0,1,12831,0.528959786994757,0.0026261121202974325
758,protein_embedding_entity_label_shuffle_plus_exact_degree_ppi_label_shuffle,1,2,879361,0.5001577823048375,0.0003097749590288642
758,protein_embedding_entity_label_shuffle_plus_exact_degree_ppi_label_shuffle,2,3,720453,0.4991955999797566,0.00033786340658281216
758,protein_embedding_entity_label_shuffle_plus_exact_degree_ppi_label_shuffle,3,4,78880,0.5045045425108731,0.0010096173485694894
758,protein_embedding_entity_label_shuffle_plus_exact_degree_ppi_label_shuffle,4,>4,2195,0.5092638416733489,0.006027212079247772
759,protein_embedding_entity_label_shuffle_plus_exact_degree_ppi_label_shuffle,0,1,12738,0.5237786770704818,0.002553941673197177
759,protein_embedding_entity_label_shuffle_plus_exact_degree_ppi_label_shuffle,1,2,891784,0.5045688577787522,0.0003056417407900931
759,protein_embedding_entity_label_shuffle_plus_exact_degree_ppi_label_shuffle,2,3,708026,0.49797630554120303,0.0003431830332953201
759,protein_embedding_entity_label_shuffle_plus_exact_degree_ppi_label_shuffle,3,4,77004,0.46197311412633585,0.0010418345505236867
759,protein_embedding_entity_label_shuffle_plus_exact_degree_ppi_label_shuffle,4,>4,4168,0.5015614655407652,0.004701605193934822
760,protein_embedding_entity_label_shuffle_plus_exact_degree_ppi_label_shuffle,0,1,12660,0.4909059874004347,0.0025247147631322544
760,protein_embedding_entity_label_shuffle_plus_exact_degree_ppi_label_shuffle,1,2,898888,0.5017571829916896,0.000305485150091349
760,protein_embedding_entity_label_shuffle_plus_exact_degree_ppi_label_shuffle,2,3,697385,0.4980701624846668,0.00034450558754989084
760,protein_embedding_entity_label_shuffle_plus_exact_degree_ppi_label_shuffle,3,4,82022,0.5018915613765591,0.0010142325308038452
760,protein_embedding_entity_label_shuffle_plus_exact_degree_ppi_label_shuffle,4,>4,4606,0.5347477207341733,0.004261823151601327
761,protein_embedding_entity_label_shuffle_plus_exact_degree_ppi_label_shuffle,0,1,12701,0.5001853990445456,0.002550196845964293
761,protein_embedding_entity_label_shuffle_plus_exact_degree_ppi_label_shuffle,1,2,893886,0.49934523729887753,0.0003066618326337371
761,protein_embedding_entity_label_shuffle_plus_exact_degree_ppi_label_shuffle,2,3,701045,0.5027869106587433,0.0003439487242233278
761,protein_embedding_entity_label_shuffle_plus_exact_degree_ppi_label_shuffle,3,4,84029,0.4921100553765881,0.0009746492143101793
761,protein_embedding_entity_label_shuffle_plus_exact_degree_ppi_label_shuffle,4,>4,5742,0.44087120002589325,0.003619831210441762
762,protein_embedding_entity_label_shuffle_plus_exact_degree_ppi_label_shuffle,0,1,13112,0.4968804493778037,0.0025570538588417465
762,protein_embedding_entity_label_shuffle_plus_exact_degree_ppi_label_shuffle,1,2,895242,0.4913138005337306,0.00030471970985203827
762,protein_embedding_entity_label_shuffle_plus_exact_degree_ppi_label_shuffle,2,3,703299,0.5087879262886006,0.0003441827250475146
762,protein_embedding_entity_label_shuffle_plus_exact_degree_ppi_label_shuffle,3,4,81647,0.5132371066865399,0.0010178783841625005
762,protein_embedding_entity_label_shuffle_plus_exact_degree_ppi_label_shuffle,4,>4,4103,0.5215589182930539,0.004168030052187419
763,protein_embedding_entity_label_shuffle_plus_exact_degree_ppi_label_shuffle,0,1,12771,0.5155887613187413,0.0026049059577599783
763,protein_embedding_entity_label_shuffle_plus_exact_degree_ppi_label_shuffle,1,2,877990,0.507107136151657,0.0003085469940545777
763,protein_embedding_entity_label_shuffle_plus_exact_degree_ppi_label_shuffle,2,3,723810,0.49172274327452586,0.00033813121547931184
763,protein_embedding_entity_label_shuffle_plus_exact_degree_ppi_label_shuffle,3,4,79012,0.49433801340000827,0.001039042853966938
763,protein_embedding_entity_label_shuffle_plus_exact_degree_ppi_label_shuffle,4,>4,3820,0.5771559963275529,0.004455494081339725
764,protein_embedding_entity_label_shuffle_plus_exact_degree_ppi_label_shuffle,0,1,12866,0.4983676578651467,0.002526473419792113
764,protein_embedding_entity_label_shuffle_plus_exact_degree_ppi_label_shuffle,1,2,927135,0.4998014007073087,0.00030038270059307083
764,protein_embedding_entity_label_shuffle_plus_exact_degree_ppi_label_shuffle,2,3,680750,0.5013440128088474,0.0003489867603851603
764,protein_embedding_entity_label_shuffle_plus_exact_degree_ppi_label_shuffle,3,4,73827,0.495588895225289,0.0010567555465796706
764,protein_embedding_entity_label_shuffle_plus_exact_degree_ppi_label_shuffle,4,>4,2825,0.5211224176803625,0.005627510351248355
765,protein_embedding_entity_label_shuffle_plus_exact_degree_ppi_label_shuffle,0,1,12681,0.4825661523505881,0.0025263992501089595
765,protein_embedding_entity_label_shuffle_plus_exact_degree_ppi_label_shuffle,1,2,892978,0.499004965293109,0.0003040115422127612
765,protein_embedding_entity_label_shuffle_plus_exact_degree_ppi_label_shuffle,2,3,716058,0.5003413212474722,0.0003426900256688563
765,protein_embedding_entity_label_shuffle_plus_exact_degree_ppi_label_shuffle,3,4,69798,0.5127307634823148,0.0011097453388930778
765,protein_embedding_entity_label_shuffle_plus_exact_degree_ppi_label_shuffle,4,>4,2205,0.5476880082195044,0.0061165734006547985
766,protein_embedding_entity_label_shuffle_plus_exact_degree_ppi_label_shuffle,0,1,12856,0.5102396129818895,0.00257483076299349
766,protein_embedding_entity_label_shuffle_plus_exact_degree_ppi_label_shuffle,1,2,896312,0.5001231697850008,0.00030522406033413823
766,protein_embedding_entity_label_shuffle_plus_exact_degree_ppi_label_shuffle,2,3,705184,0.5018048823416908,0.000343118818189632
766,protein_embedding_entity_label_shuffle_plus_exact_degree_ppi_label_shuffle,3,4,77831,0.4995859098967319,0.0010395038686645598
766,protein_embedding_entity_label_shuffle_plus_exact_degree_ppi_label_shuffle,4,>4,3378,0.40488643486223236,0.004889816735481045
767,protein_embedding_entity_label_shuffle_plus_exact_degree_ppi_label_shuffle,0,1,12708,0.519566925164047,0.0025621227772588528
767,protein_embedding_entity_label_shuffle_plus_exact_degree_ppi_label_shuffle,1,2,876996,0.5000578919345906,0.00030807479535009994
767,protein_embedding_entity_label_shuffle_plus_exact_degree_ppi_label_shuffle,2,3,714983,0.5000176722392096,0.0003414836599209408
767,protein_embedding_entity_label_shuffle_plus_exact_degree_ppi_label_shuffle,3,4,84391,0.4944282775019034,0.0009800423481369286
767,protein_embedding_entity_label_shuffle_plus_exact_degree_ppi_label_shuffle,4,>4,4642,0.5228167676722397,0.004377838194020686
768,protein_embedding_entity_label_shuffle_plus_exact_degree_ppi_label_shuffle,0,1,12756,0.5089866611549851,0.0025386506535748795
768,protein_embedding_entity_label_shuffle_plus_exact_degree_ppi_label_shuffle,1,2,876745,0.49566147998714094,0.0003093220909692766
768,protein_embedding_entity_label_shuffle_plus_exact_degree_ppi_label_shuffle,2,3,730243,0.5021411772125,0.00033697379332131935
768,protein_embedding_entity_label_shuffle_plus_exact_degree_ppi_label_shuffle,3,4,72718,0.5161707459370339,0.001047971367695829
768,protein_embedding_entity_label_shuffle_plus_exact_degree_ppi_label_shuffle,4,>4,3099,0.5423853063359435,0.004788390158196392
769,protein_embedding_entity_label_shuffle_plus_exact_degree_ppi_label_shuffle,0,1,12665,0.5000465189901179,0.0025700113934131416
769,protein_embedding_entity_label_shuffle_plus_exact_degree_ppi_label_shuffle,1,2,886301,0.5008342635869669,0.00030631600984698596
769,protein_embedding_entity_label_shuffle_plus_exact_degree_ppi_label_shuffle,2,3,710729,0.49758691222057955,0.00034308564593783065
769,protein_embedding_entity_label_shuffle_plus_exact_degree_ppi_label_shuffle,3,4,76764,0.49820162642616617,0.001036490287451285
769,protein_embedding_entity_label_shuffle_plus_exact_degree_ppi_label_shuffle,4,>4,7261,0.5411376095810936,0.003060319702284477
770,protein_embedding_entity_label_shuffle_plus_exact_degree_ppi_label_shuffle,0,1,12701,0.4936680894240926,0.0025353249652724104
770,protein_embedding_entity_label_shuffle_plus_exact_degree_ppi_label_shuffle,1,2,886960,0.49497359181912937,0.0003052079579511796
770,protein_embedding_entity_label_shuffle_plus_exact_degree_ppi_label_shuffle,2,3,707177,0.5070900317279557,0.00034552882248207084
770,protein_embedding_entity_label_shuffle_plus_exact_degree_ppi_label_shuffle,3,4,87100,0.507691156200813,0.000974727215819391
770,protein_embedding_entity_label_shuffle_plus_exact_degree_ppi_label_shuffle,4,>4,3465,0.4887094603408713,0.004286435352180225
771,protein_embedding_entity_label_shuffle_plus_exact_degree_ppi_label_shuffle,0,1,12940,0.5043084008122536,0.0025518138103396357
771,protein_embedding_entity_label_shuffle_plus_exact_degree_ppi_label_shuffle,1,2,837917,0.5014908942250285,0.00031662003083120043
771,protein_embedding_entity_label_shuffle_plus_exact_degree_ppi_label_shuffle,2,3,751552,0.49833513369438376,0.0003315141258426611
771,protein_embedding_entity_label_shuffle_plus_exact_degree_ppi_label_shuffle,3,4,91030,0.4944921813983229,0.000946704439753049
771,protein_embedding_entity_label_shuffle_plus_exact_degree_ppi_label_shuffle,4,>4,3964,0.5196854333007742,0.004355221819128901
772,protein_embedding_entity_label_shuffle_plus_exact_degree_ppi_label_shuffle,0,1,12667,0.4923375881101485,0.0025585688829900576
772,protein_embedding_entity_label_shuffle_plus_exact_degree_ppi_label_shuffle,1,2,911144,0.4988778921784609,0.0003015746334344143
772,protein_embedding_entity_label_shuffle_plus_exact_degree_ppi_label_shuffle,2,3,688548,0.5030540935681275,0.00034939648202834484
772,protein_embedding_entity_label_shuffle_plus_exact_degree_ppi_label_shuffle,3,4,79248,0.48429373901519324,0.001024354645397391
772,protein_embedding_entity_label_shuffle_plus_exact_degree_ppi_label_shuffle,4,>4,3954,0.5844510725108941,0.0049423352857866755
773,protein_embedding_entity_label_shuffle_plus_exact_degree_ppi_label_shuffle,0,1,12780,0.48426093411815685,0.0025095381648919655
773,protein_embedding_entity_label_shuffle_plus_exact_degree_ppi_label_shuffle,1,2,906147,0.5000013441319572,0.0003049220825823408
773,protein_embedding_entity_label_shuffle_plus_exact_degree_ppi_label_shuffle,2,3,692999,0.4992365024652586,0.00034451144067171736
773,protein_embedding_entity_label_shuffle_plus_exact_degree_ppi_label_shuffle,3,4,79553,0.5060580842754168,0.0010163102046721847
773,protein_embedding_entity_label_shuffle_plus_exact_degree_ppi_label_shuffle,4,>4,4082,0.490760491794912,0.004516306696286462
774,protein_embedding_entity_label_shuffle_plus_exact_degree_ppi_label_shuffle,0,1,12675,0.5172573217940997,0.0026145844429400896
774,protein_embedding_entity_label_shuffle_plus_exact_degree_ppi_label_shuffle,1,2,890083,0.508275621930535,0.0003068101202831254
774,protein_embedding_entity_label_shuffle_plus_exact_degree_ppi_label_shuffle,2,3,708422,0.49069614902214176,0.0003428373972874934
774,protein_embedding_entity_label_shuffle_plus_exact_degree_ppi_label_shuffle,3,4,78396,0.4830045370474365,0.0010096756762909152
774,protein_embedding_entity_label_shuffle_plus_exact_degree_ppi_label_shuffle,4,>4,2304,0.4776034892115493,0.005721414472113088
775,protein_embedding_entity_label_shuffle_plus_exact_degree_ppi_label_shuffle,0,1,12816,0.4929057070608983,0.002564660504370244
775,protein_embedding_entity_label_shuffle_plus_exact_degree_ppi_label_shuffle,1,2,872572,0.5067768999297662,0.00031102048601151875
775,protein_embedding_entity_label_shuffle_plus_exact_degree_ppi_label_shuffle,2,3,725343,0.4938778721514212,0.0003375893469837054
775,protein_embedding_entity_label_shuffle_plus_exact_degree_ppi_label_shuffle,3,4,82501,0.48972474385478576,0.0009699164170169023
775,protein_embedding_entity_label_shuffle_plus_exact_degree_ppi_label_shuffle,4,>4,2329,0.481448506428373,0.0053864245405528125
776,protein_embedding_entity_label_shuffle_plus_exact_degree_ppi_label_shuffle,0,1,12642,0.5011406571658825,0.0025268321885535904
776,protein_embedding_entity_label_shuffle_plus_exact_degree_ppi_label_shuffle,1,2,899500,0.5012558517461958,0.00030536985221059555
776,protein_embedding_entity_label_shuffle_plus_exact_degree_ppi_label_shuffle,2,3,695366,0.501486863580938,0.0003460828613482177
776,protein_embedding_entity_label_shuffle_plus_exact_degree_ppi_label_shuffle,3,4,85619,0.47973018104322035,0.0009631770405077779
776,protein_embedding_entity_label_shuffle_plus_exact_degree_ppi_label_shuffle,4,>4,2434,0.43889560806521005,0.005391877011978038
777,protein_embedding_entity_label_shuffle_plus_exact_degree_ppi_label_shuffle,0,1,12807,0.5101322496575184,0.002496173126079604
777,protein_embedding_entity_label_shuffle_plus_exact_degree_ppi_label_shuffle,1,2,896876,0.5045941629609825,0.00030566164333098515
777,protein_embedding_entity_label_shuffle_plus_exact_degree_ppi_label_shuffle,2,3,699294,0.49702018307470985,0.000344485467328512
777,protein_embedding_entity_label_shuffle_plus_exact_degree_ppi_label_shuffle,3,4,81903,0.48139293764080787,0.0010009060853529395
777,protein_embedding_entity_label_shuffle_plus_exact_degree_ppi_label_shuffle,4,>4,4681,0.53727965289871,0.004104842394887226
778,protein_embedding_entity_label_shuffle_plus_exact_degree_ppi_label_shuffle,0,1,12868,0.49680856882727165,0.002531290399728212
778,protein_embedding_entity_label_shuffle_plus_exact_degree_ppi_label_shuffle,1,2,895431,0.5017477886825975,0.00030353281069481105
778,protein_embedding_entity_label_shuffle_plus_exact_degree_ppi_label_shuffle,2,3,709537,0.49867745770987,0.0003444026705959392
778,protein_embedding_entity_label_shuffle_plus_exact_degree_ppi_label_shuffle,3,4,74868,0.4888501254278146,0.0010725927013480164
778,protein_embedding_entity_label_shuffle_plus_exact_degree_ppi_label_shuffle,4,>4,4699,0.5373765831898728,0.004157190142161372
779,protein_embedding_entity_label_shuffle_plus_exact_degree_ppi_label_shuffle,0,1,12737,0.4840254835180822,0.0025275082017640086
779,protein_embedding_entity_label_shuffle_plus_exact_degree_ppi_label_shuffle,1,2,894735,0.4981967322465622,0.00030404449538812864
779,protein_embedding_entity_label_shuffle_plus_exact_degree_ppi_label_shuffle,2,3,701132,0.5035018225054654,0.0003456784308702521
779,protein_embedding_entity_label_shuffle_plus_exact_degree_ppi_label_shuffle,3,4,84535,0.49209918261233293,0.000999353443176992
779,protein_embedding_entity_label_shuffle_plus_exact_degree_ppi_label_shuffle,4,>4,4264,0.420854209028317,0.004401480485815082
780,protein_embedding_entity_label_shuffle_plus_exact_degree_ppi_label_shuffle,0,1,12745,0.5007703962786474,0.0025383755514419427
780,protein_embedding_entity_label_shuffle_plus_exact_degree_ppi_label_shuffle,1,2,902059,0.4946867853306124,0.0003050546649311495
780,protein_embedding_entity_label_shuffle_plus_exact_degree_ppi_label_shuffle,2,3,694987,0.505952918347754,0.0003466100480360357
780,protein_embedding_entity_label_shuffle_plus_exact_degree_ppi_label_shuffle,3,4,78553,0.510565670765158,0.000988160724551929
780,protein_embedding_entity_label_shuffle_plus_exact_degree_ppi_label_shuffle,4,>4,7217,0.5185397284039953,0.0030985648690618813
781,protein_embedding_entity_label_shuffle_plus_exact_degree_ppi_label_shuffle,0,1,12695,0.5377147367218477,0.0026035723512306415
781,protein_embedding_entity_label_shuffle_plus_exact_degree_ppi_label_shuffle,1,2,912850,0.5014252386072078,0.00030234955942833063
781,protein_embedding_entity_label_shuffle_plus_exact_degree_ppi_label_shuffle,2,3,686163,0.5009824011981115,0.000348817801969375
781,protein_embedding_entity_label_shuffle_plus_exact_degree_ppi_label_shuffle,3,4,81337,0.4778209996672586,0.0009955237324455752
781,protein_embedding_entity_label_shuffle_plus_exact_degree_ppi_label_shuffle,4,>4,4358,0.518476336526623,0.004484692312620172
782,protein_embedding_entity_label_shuffle_plus_exact_degree_ppi_label_shuffle,0,1,12730,0.4945562366887746,0.002507901651191031
782,protein_embedding_entity_label_shuffle_plus_exact_degree_ppi_label_shuffle,1,2,881050,0.4973658785455008,0.0003056686489698827
782,protein_embedding_entity_label_shuffle_plus_exact_degree_ppi_label_shuffle,2,3,712846,0.5019528567084783,0.0003438971719468598
782,protein_embedding_entity_label_shuffle_plus_exact_degree_ppi_label_shuffle,3,4,88401,0.5050518430452685,0.0009801261545023263
782,protein_embedding_entity_label_shuffle_plus_exact_degree_ppi_label_shuffle,4,>4,2376,0.5409693000006378,0.005891769063386474
783,protein_embedding_entity_label_shuffle_plus_exact_degree_ppi_label_shuffle,0,1,12638,0.4868139560844907,0.002552334305548883
783,protein_embedding_entity_label_shuffle_plus_exact_degree_ppi_label_shuffle,1,2,885961,0.49986463603266235,0.00030543172857999695
783,protein_embedding_entity_label_shuffle_plus_exact_degree_ppi_label_shuffle,2,3,715075,0.5039267657797075,0.00034344142921599065
783,protein_embedding_entity_label_shuffle_plus_exact_degree_ppi_label_shuffle,3,4,78168,0.4831111063836631,0.001031222685538997
783,protein_embedding_entity_label_shuffle_plus_exact_degree_ppi_label_shuffle,4,>4,3719,0.41671760338376784,0.0042805298482004785
784,protein_embedding_entity_label_shuffle_plus_exact_degree_ppi_label_shuffle,0,1,12660,0.5043696827961764,0.0026025252871811097
784,protein_embedding_entity_label_shuffle_plus_exact_degree_ppi_label_shuffle,1,2,869654,0.5034346015922008,0.0003100100496659142
784,protein_embedding_entity_label_shuffle_plus_exact_degree_ppi_label_shuffle,2,3,724718,0.497413946153826,0.000338811891848572
784,protein_embedding_entity_label_shuffle_plus_exact_degree_ppi_label_shuffle,3,4,85347,0.49100500386630214,0.0009818212234057923
784,protein_embedding_entity_label_shuffle_plus_exact_degree_ppi_label_shuffle,4,>4,5024,0.4360132661330006,0.0037867975366118038
785,protein_embedding_entity_label_shuffle_plus_exact_degree_ppi_label_shuffle,0,1,12897,0.5275430229498878,0.002584278953676411
785,protein_embedding_entity_label_shuffle_plus_exact_degree_ppi_label_shuffle,1,2,884217,0.5016267036261897,0.0003087697999878678
785,protein_embedding_entity_label_shuffle_plus_exact_degree_ppi_label_shuffle,2,3,708888,0.49372772067840515,0.00034006902857832257
785,protein_embedding_entity_label_shuffle_plus_exact_degree_ppi_label_shuffle,3,4,88155,0.5269734582488768,0.0009693772182453827
785,protein_embedding_entity_label_shuffle_plus_exact_degree_ppi_label_shuffle,4,>4,3246,0.5947518423018916,0.004922616173123208
786,protein_embedding_entity_label_shuffle_plus_exact_degree_ppi_label_shuffle,0,1,12822,0.49459501784014004,0.0025794448459695667
786,protein_embedding_entity_label_shuffle_plus_exact_degree_ppi_label_shuffle,1,2,879551,0.49399544071014306,0.000307803347731276
786,protein_embedding_entity_label_shuffle_plus_exact_degree_ppi_label_shuffle,2,3,716318,0.5048670297967088,0.00034192246378780556
786,protein_embedding_entity_label_shuffle_plus_exact_degree_ppi_label_shuffle,3,4,82326,0.5197199715216095,0.000997877041540963
786,protein_embedding_entity_label_shuffle_plus_exact_degree_ppi_label_shuffle,4,>4,2703,0.5141363483250232,0.0054213708668741254
787,protein_embedding_entity_label_shuffle_plus_exact_degree_ppi_label_shuffle,0,1,12903,0.498534439138341,0.002528960040198327
787,protein_embedding_entity_label_shuffle_plus_exact_degree_ppi_label_shuffle,1,2,891221,0.5039238595194724,0.0003052543413928179
787,protein_embedding_entity_label_shuffle_plus_exact_degree_ppi_label_shuffle,2,3,703534,0.49658881611327105,0.0003451887111772041
787,protein_embedding_entity_label_shuffle_plus_exact_degree_ppi_label_shuffle,3,4,82685,0.4853448053925781,0.0010109082669231145
787,protein_embedding_entity_label_shuffle_plus_exact_degree_ppi_label_shuffle,4,>4,3377,0.45877235600172694,0.005076865070141203
788,protein_embedding_entity_label_shuffle_plus_exact_degree_ppi_label_shuffle,0,1,12839,0.5075522873452325,0.002495125611783994
788,protein_embedding_entity_label_shuffle_plus_exact_degree_ppi_label_shuffle,1,2,885485,0.5003670440036312,0.0003067303789472192
788,protein_embedding_entity_label_shuffle_plus_exact_degree_ppi_label_shuffle,2,3,716083,0.5001530540292716,0.0003417622058945522
788,protein_embedding_entity_label_shuffle_plus_exact_degree_ppi_label_shuffle,3,4,74999,0.4900543063630635,0.0010565679285447671
788,protein_embedding_entity_label_shuffle_plus_exact_degree_ppi_label_shuffle,4,>4,4314,0.5826688534232027,0.004585747935993213
789,protein_embedding_entity_label_shuffle_plus_exact_degree_ppi_label_shuffle,0,1,12696,0.5128359936804547,0.0025569686789039
789,protein_embedding_entity_label_shuffle_plus_exact_degree_ppi_label_shuffle,1,2,878930,0.4992479222264078,0.00030740723397022817
789,protein_embedding_entity_label_shuffle_plus_exact_degree_ppi_label_shuffle,2,3,714314,0.5023087323557281,0.00034315397047906317
789,protein_embedding_entity_label_shuffle_plus_exact_degree_ppi_label_shuffle,3,4,86600,0.49813037311170943,0.0009657918144787485
789,protein_embedding_entity_label_shuffle_plus_exact_degree_ppi_label_shuffle,4,>4,3021,0.48282077951652336,0.004964341555319564
790,protein_embedding_entity_label_shuffle_plus_exact_degree_ppi_label_shuffle,0,1,12917,0.4973159227958915,0.0025486062681922116
790,protein_embedding_entity_label_shuffle_plus_exact_degree_ppi_label_shuffle,1,2,901615,0.49796850048452085,0.0003032858499395253
790,protein_embedding_entity_label_shuffle_plus_exact_degree_ppi_label_shuffle,2,3,693479,0.5025733001463801,0.0003466310598802058
790,protein_embedding_entity_label_shuffle_plus_exact_degree_ppi_label_shuffle,3,4,84205,0.4952357162683682,0.0010096697756194046
790,protein_embedding_entity_label_shuffle_plus_exact_degree_ppi_label_shuffle,4,>4,5187,0.44039748999421224,0.003957025372575536
791,protein_embedding_entity_label_shuffle_plus_exact_degree_ppi_label_shuffle,0,1,12989,0.503543948776214,0.0025199174163200717
791,protein_embedding_entity_label_shuffle_plus_exact_degree_ppi_label_shuffle,1,2,871664,0.49719241089329935,0.00030945793275374947
791,protein_embedding_entity_label_shuffle_plus_exact_degree_ppi_label_shuffle,2,3,717101,0.49967728357947727,0.0003408861266013809
791,protein_embedding_entity_label_shuffle_plus_exact_degree_ppi_label_shuffle,3,4,92019,0.5217553831987657,0.0009471531932792106
791,protein_embedding_entity_label_shuffle_plus_exact_degree_ppi_label_shuffle,4,>4,3630,0.5053802961500585,0.004770938398913465
792,protein_embedding_entity_label_shuffle_plus_exact_degree_ppi_label_shuffle,0,1,12704,0.4924621062754776,0.0025281260008530007
792,protein_embedding_entity_label_shuffle_plus_exact_degree_ppi_label_shuffle,1,2,878009,0.4989044244780229,0.00030608939951737546
792,protein_embedding_entity_label_shuffle_plus_exact_degree_ppi_label_shuffle,2,3,706193,0.5011107526235696,0.00034546242735112865
792,protein_embedding_entity_label_shuffle_plus_exact_degree_ppi_label_shuffle,3,4,92516,0.509069919241176,0.0009640624668707409
792,protein_embedding_entity_label_shuffle_plus_exact_degree_ppi_label_shuffle,4,>4,4298,0.49139300627880056,0.004416013189003776
793,protein_embedding_entity_label_shuffle_plus_exact_degree_ppi_label_shuffle,0,1,12811,0.5044489787677608,0.0025870752385589134
793,protein_embedding_entity_label_shuffle_plus_exact_degree_ppi_label_shuffle,1,2,865282,0.49978090940803765,0.00030942958299407246
793,protein_embedding_entity_label_shuffle_plus_exact_degree_ppi_label_shuffle,2,3,729517,0.49984896827044867,0.0003384958219647804
793,protein_embedding_entity_label_shuffle_plus_exact_degree_ppi_label_shuffle,3,4,81844,0.4893222543081655,0.0010154333321371735
793,protein_embedding_entity_label_shuffle_plus_exact_degree_ppi_label_shuffle,4,>4,6107,0.5513017219339196,0.004129372354121278
794,protein_embedding_entity_label_shuffle_plus_exact_degree_ppi_label_shuffle,0,1,12807,0.5039058751009968,0.0025827527324656417
794,protein_embedding_entity_label_shuffle_plus_exact_degree_ppi_label_shuffle,1,2,910254,0.5024385152234808,0.00030306518148630595
794,protein_embedding_entity_label_shuffle_plus_exact_degree_ppi_label_shuffle,2,3,697733,0.4985340893599812,0.0003446128777614194
794,protein_embedding_entity_label_shuffle_plus_exact_degree_ppi_label_shuffle,3,4,73628,0.4858351540201876,0.0010591876593772564
794,protein_embedding_entity_label_shuffle_plus_exact_degree_ppi_label_shuffle,4,>4,2981,0.4158083851011302,0.005481098263966814
795,protein_embedding_entity_label_shuffle_plus_exact_degree_ppi_label_shuffle,0,1,12945,0.494769188901224,0.0025468653423448453
795,protein_embedding_entity_label_shuffle_plus_exact_degree_ppi_label_shuffle,1,2,882622,0.49848578202278415,0.0003068110889839512
795,protein_embedding_entity_label_shuffle_plus_exact_degree_ppi_label_shuffle,2,3,725639,0.5019539702956173,0.0003387581718063304
795,protein_embedding_entity_label_shuffle_plus_exact_degree_ppi_label_shuffle,3,4,72312,0.4911495664589905,0.0010826262945409673
795,protein_embedding_entity_label_shuffle_plus_exact_degree_ppi_label_shuffle,4,>4,2043,0.4209618946548564,0.006254427874152111
796,protein_embedding_entity_label_shuffle_plus_exact_degree_ppi_label_shuffle,0,1,13034,0.48922541996729024,0.0025123037400859136
796,protein_embedding_entity_label_shuffle_plus_exact_degree_ppi_label_shuffle,1,2,895876,0.4953170220640412,0.0003052010453636557
796,protein_embedding_entity_label_shuffle_plus_exact_degree_ppi_label_shuffle,2,3,700068,0.5025392267103684,0.0003441259033147542
796,protein_embedding_entity_label_shuffle_plus_exact_degree_ppi_label_shuffle,3,4,83542,0.5268702053637992,0.001003408504195796
796,protein_embedding_entity_label_shuffle_plus_exact_degree_ppi_label_shuffle,4,>4,3041,0.5889252085858859,0.005193963392663712
797,protein_embedding_entity_label_shuffle_plus_exact_degree_ppi_label_shuffle,0,1,12825,0.49548334574950054,0.0025792329525406647
797,protein_embedding_entity_label_shuffle_plus_exact_degree_ppi_label_shuffle,1,2,872021,0.49753331141824464,0.00030940261104574977
797,protein_embedding_entity_label_shuffle_plus_exact_degree_ppi_label_shuffle,2,3,718208,0.5035687622365419,0.0003407067552828602
797,protein_embedding_entity_label_shuffle_plus_exact_degree_ppi_label_shuffle,3,4,90575,0.49326775872796713,0.0009453840717739334
797,protein_embedding_entity_label_shuffle_plus_exact_degree_ppi_label_shuffle,4,>4,3774,0.5206895193049512,0.0045305477500847775
798,protein_embedding_entity_label_shuffle_plus_exact_degree_ppi_label_shuffle,0,1,12842,0.4914871861606283,0.002532049325938914
798,protein_embedding_entity_label_shuffle_plus_exact_degree_ppi_label_shuffle,1,2,894947,0.4944876652998244,0.00030377492212230883
798,protein_embedding_entity_label_shuffle_plus_exact_degree_ppi_label_shuffle,2,3,705017,0.5051520267486141,0.00034503102820962646
798,protein_embedding_entity_label_shuffle_plus_exact_degree_ppi_label_shuffle,3,4,81479,0.5205012183170216,0.0010240288711479645
798,protein_embedding_entity_label_shuffle_plus_exact_degree_ppi_label_shuffle,4,>4,3118,0.4920534743140395,0.005094940855961989
799,protein_embedding_entity_label_shuffle_plus_exact_degree_ppi_label_shuffle,0,1,12881,0.5088860325764039,0.0025222394453760684
799,protein_embedding_entity_label_shuffle_plus_exact_degree_ppi_label_shuffle,1,2,916464,0.5016171736320946,0.0003012002262904347
799,protein_embedding_entity_label_shuffle_plus_exact_degree_ppi_label_shuffle,2,3,682925,0.4975875246427564,0.00034952829914465473
799,protein_embedding_entity_label_shuffle_plus_exact_degree_ppi_label_shuffle,3,4,78108,0.49735503171342893,0.0010281820975290028
799,protein_embedding_entity_label_shuffle_plus_exact_degree_ppi_label_shuffle,4,>4,5183,0.5712841716962894,0.004195461547193991
800,protein_embedding_entity_label_shuffle_plus_exact_degree_ppi_label_shuffle,0,1,12722,0.49058298700108743,0.0026156227737108508
800,protein_embedding_entity_label_shuffle_plus_exact_degree_ppi_label_shuffle,1,2,893495,0.4997579511889233,0.0003064921850111301
800,protein_embedding_entity_label_shuffle_plus_exact_degree_ppi_label_shuffle,2,3,698402,0.5009026488672983,0.0003446736731516669
800,protein_embedding_entity_label_shuffle_plus_exact_degree_ppi_label_shuffle,3,4,87289,0.49067616955070653,0.0009511439685937272
800,protein_embedding_entity_label_shuffle_plus_exact_degree_ppi_label_shuffle,4,>4,3653,0.47655874952010374,0.004385921254101738
801,protein_embedding_entity_label_shuffle_plus_exact_degree_ppi_label_shuffle,0,1,12758,0.51358193550924,0.002531598204859414
801,protein_embedding_entity_label_shuffle_plus_exact_degree_ppi_label_shuffle,1,2,857357,0.5043008426847285,0.00031042118126236597
801,protein_embedding_entity_label_shuffle_plus_exact_degree_ppi_label_shuffle,2,3,730127,0.496186921967745,0.0003384560827261389
801,protein_embedding_entity_label_shuffle_plus_exact_degree_ppi_label_shuffle,3,4,86215,0.49515631358170603,0.000992347063216491
801,protein_embedding_entity_label_shuffle_plus_exact_degree_ppi_label_shuffle,4,>4,10946,0.4307728423286818,0.002753339805114697
802,protein_embedding_entity_label_shuffle_plus_exact_degree_ppi_label_shuffle,0,1,12796,0.5239520659743785,0.0025902295231507917
802,protein_embedding_entity_label_shuffle_plus_exact_degree_ppi_label_shuffle,1,2,889183,0.501988654210989,0.00030667133459929023
802,protein_embedding_entity_label_shuffle_plus_exact_degree_ppi_label_shuffle,2,3,704534,0.49868014574533337,0.00034350137144148875
802,protein_embedding_entity_label_shuffle_plus_exact_degree_ppi_label_shuffle,3,4,84247,0.4824680816414653,0.0009823236513824493
802,protein_embedding_entity_label_shuffle_plus_exact_degree_ppi_label_shuffle,4,>4,4801,0.46603116710956877,0.003929646243270536
803,protein_embedding_entity_label_shuffle_plus_exact_degree_ppi_label_shuffle,0,1,12768,0.47265967407727566,0.0025583233246272825
803,protein_embedding_entity_label_shuffle_plus_exact_degree_ppi_label_shuffle,1,2,923297,0.494899552673776,0.00030051053115304286
803,protein_embedding_entity_label_shuffle_plus_exact_degree_ppi_label_shuffle,2,3,674483,0.5078421075795049,0.00035138403832760633
803,protein_embedding_entity_label_shuffle_plus_exact_degree_ppi_label_shuffle,3,4,81630,0.49854331768017573,0.0010040681116464333
803,protein_embedding_entity_label_shuffle_plus_exact_degree_ppi_label_shuffle,4,>4,5225,0.47061084195784453,0.0039029908279850155
804,protein_embedding_entity_label_shuffle_plus_exact_degree_ppi_label_shuffle,0,1,12672,0.49400617745921455,0.0025224762457016327
804,protein_embedding_entity_label_shuffle_plus_exact_degree_ppi_label_shuffle,1,2,893377,0.5000932816873002,0.00030500493202136796
804,protein_embedding_entity_label_shuffle_plus_exact_degree_ppi_label_shuffle,2,3,699336,0.49842986446439697,0.00034615589067377275
804,protein_embedding_entity_label_shuffle_plus_exact_degree_ppi_label_shuffle,3,4,89038,0.5093622852332429,0.0009626111622925123
804,protein_embedding_entity_label_shuffle_plus_exact_degree_ppi_label_shuffle,4,>4,2980,0.5556685312352235,0.005079744839834699
805,protein_embedding_entity_label_shuffle_plus_exact_degree_ppi_label_shuffle,0,1,13001,0.4860347359484163,0.002451396856137139
805,protein_embedding_entity_label_shuffle_plus_exact_degree_ppi_label_shuffle,1,2,882827,0.4975895152261073,0.00030637079819701693
805,protein_embedding_entity_label_shuffle_plus_exact_degree_ppi_label_shuffle,2,3,712036,0.5013533334715728,0.00034396010541869264
805,protein_embedding_entity_label_shuffle_plus_exact_degree_ppi_label_shuffle,3,4,84584,0.5106128183971544,0.0009934329754509431
805,protein_embedding_entity_label_shuffle_plus_exact_degree_ppi_label_shuffle,4,>4,4955,0.5847541688229958,0.0035517516380230295
806,protein_embedding_entity_label_shuffle_plus_exact_degree_ppi_label_shuffle,0,1,12762,0.48704929850114337,0.002546540977827192
806,protein_embedding_entity_label_shuffle_plus_exact_degree_ppi_label_shuffle,1,2,880282,0.4997648614002378,0.00030687555111923577
806,protein_embedding_entity_label_shuffle_plus_exact_degree_ppi_label_shuffle,2,3,717384,0.4999253652832321,0.0003416088853026366
806,protein_embedding_entity_label_shuffle_plus_exact_degree_ppi_label_shuffle,3,4,78740,0.5119677945238899,0.0010419272561169595
806,protein_embedding_entity_label_shuffle_plus_exact_degree_ppi_label_shuffle,4,>4,2712,0.5480298019768861,0.0054264974552598235
807,protein_embedding_entity_label_shuffle_plus_exact_degree_ppi_label_shuffle,0,1,12884,0.49457329807686495,0.002545508742816553
807,protein_embedding_entity_label_shuffle_plus_exact_degree_ppi_label_shuffle,1,2,865805,0.49825960409724523,0.00031022522537781875
807,protein_embedding_entity_label_shuffle_plus_exact_degree_ppi_label_shuffle,2,3,730050,0.5009707003007904,0.0003373292394996426
807,protein_embedding_entity_label_shuffle_plus_exact_degree_ppi_label_shuffle,3,4,84438,0.5165979707430373,0.0010011981372216989
807,protein_embedding_entity_label_shuffle_plus_exact_degree_ppi_label_shuffle,4,>4,2384,0.5588131985100183,0.005843297282438807
808,protein_embedding_entity_label_shuffle_plus_exact_degree_ppi_label_shuffle,0,1,12783,0.5315928786318428,0.0025654407005271983
808,protein_embedding_entity_label_shuffle_plus_exact_degree_ppi_label_shuffle,1,2,903500,0.5000384469203272,0.00030434644621272355
808,protein_embedding_entity_label_shuffle_plus_exact_degree_ppi_label_shuffle,2,3,691507,0.4964976299484101,0.00034581006431087265
808,protein_embedding_entity_label_shuffle_plus_exact_degree_ppi_label_shuffle,3,4,78769,0.5227025089574556,0.0010278219519683162
808,protein_embedding_entity_label_shuffle_plus_exact_degree_ppi_label_shuffle,4,>4,9002,0.5611744400633372,0.002864108542895989
809,protein_embedding_entity_label_shuffle_plus_exact_degree_ppi_label_shuffle,0,1,12721,0.501172164121471,0.0025606820165091863
809,protein_embedding_entity_label_shuffle_plus_exact_degree_ppi_label_shuffle,1,2,911179,0.49924144413576615,0.0003043849724314758
809,protein_embedding_entity_label_shuffle_plus_exact_degree_ppi_label_shuffle,2,3,690917,0.5009722244704385,0.00034502565665218087
809,protein_embedding_entity_label_shuffle_plus_exact_degree_ppi_label_shuffle,3,4,77567,0.49574051127876845,0.0010171967417411428
809,protein_embedding_entity_label_shuffle_plus_exact_degree_ppi_label_shuffle,4,>4,3177,0.4732845145751836,0.004792821885780646
810,protein_embedding_entity_label_shuffle_plus_exact_degree_ppi_label_shuffle,0,1,12722,0.5320744517999381,0.0026102182343520773
810,protein_embedding_entity_label_shuffle_plus_exact_degree_ppi_label_shuffle,1,2,900576,0.5039670233539937,0.0003059154398271794
810,protein_embedding_entity_label_shuffle_plus_exact_degree_ppi_label_shuffle,2,3,701362,0.494998152716059,0.0003426804457405317
810,protein_embedding_entity_label_shuffle_plus_exact_degree_ppi_label_shuffle,3,4,73862,0.4932531175424439,0.001040371730283752
810,protein_embedding_entity_label_shuffle_plus_exact_degree_ppi_label_shuffle,4,>4,5198,0.41936782544070594,0.0036782722693705083
811,protein_embedding_entity_label_shuffle_plus_exact_degree_ppi_label_shuffle,0,1,12605,0.4821233853856893,0.0024980473770146294
811,protein_embedding_entity_label_shuffle_plus_exact_degree_ppi_label_shuffle,1,2,888095,0.4991515510051991,0.0003078677185016679
811,protein_embedding_entity_label_shuffle_plus_exact_degree_ppi_label_shuffle,2,3,707260,0.5025430783605298,0.00034171440057476375
811,protein_embedding_entity_label_shuffle_plus_exact_degree_ppi_label_shuffle,3,4,79581,0.5090975058778193,0.0009988209011927709
811,protein_embedding_entity_label_shuffle_plus_exact_degree_ppi_label_shuffle,4,>4,2500,0.5307618311441223,0.005878301245415933
812,protein_embedding_entity_label_shuffle_plus_exact_degree_ppi_label_shuffle,0,1,12784,0.5165685328193858,0.0026326470012916696
812,protein_embedding_entity_label_shuffle_plus_exact_degree_ppi_label_shuffle,1,2,886062,0.5068373779041837,0.0003080137099451374
812,protein_embedding_entity_label_shuffle_plus_exact_degree_ppi_label_shuffle,2,3,707767,0.49280969639439254,0.00034029411117599706
812,protein_embedding_entity_label_shuffle_plus_exact_degree_ppi_label_shuffle,3,4,83617,0.4817464842262021,0.0010005792050760375
812,protein_embedding_entity_label_shuffle_plus_exact_degree_ppi_label_shuffle,4,>4,5331,0.6456824458298575,0.004121256272042392
813,protein_embedding_entity_label_shuffle_plus_exact_degree_ppi_label_shuffle,0,1,12704,0.48502559731521266,0.002590462460926015
813,protein_embedding_entity_label_shuffle_plus_exact_degree_ppi_label_shuffle,1,2,910174,0.5023235346385942,0.00030123392278336375
813,protein_embedding_entity_label_shuffle_plus_exact_degree_ppi_label_shuffle,2,3,700207,0.4990147310113862,0.0003462988000761574
813,protein_embedding_entity_label_shuffle_plus_exact_degree_ppi_label_shuffle,3,4,70429,0.4872551077978034,0.0010913202845368763
813,protein_embedding_entity_label_shuffle_plus_exact_degree_ppi_label_shuffle,4,>4,3889,0.481638364161145,0.004391459527955834
814,protein_embedding_entity_label_shuffle_plus_exact_degree_ppi_label_shuffle,0,1,12887,0.4899413015380203,0.002497053497336103
814,protein_embedding_entity_label_shuffle_plus_exact_degree_ppi_label_shuffle,1,2,900366,0.4967902079019262,0.00030157469806404703
814,protein_embedding_entity_label_shuffle_plus_exact_degree_ppi_label_shuffle,2,3,701898,0.50270765971633,0.0003475445137274428
814,protein_embedding_entity_label_shuffle_plus_exact_degree_ppi_label_shuffle,3,4,73094,0.5085186626523728,0.0011037257499859783
814,protein_embedding_entity_label_shuffle_plus_exact_degree_ppi_label_shuffle,4,>4,3635,0.4896758017007588,0.004918909471218112
815,protein_embedding_entity_label_shuffle_plus_exact_degree_ppi_label_shuffle,0,1,12841,0.5001292852249698,0.00253723846849877
815,protein_embedding_entity_label_shuffle_plus_exact_degree_ppi_label_shuffle,1,2,911116,0.5019203806125216,0.00030254032173808595
815,protein_embedding_entity_label_shuffle_plus_exact_degree_ppi_label_shuffle,2,3,688471,0.498160184537323,0.00034752349837781745
815,protein_embedding_entity_label_shuffle_plus_exact_degree_ppi_label_shuffle,3,4,77863,0.4929204911087716,0.001025168657725905
815,protein_embedding_entity_label_shuffle_plus_exact_degree_ppi_label_shuffle,4,>4,3429,0.45632949911989457,0.00482756382712785
816,protein_embedding_entity_label_shuffle_plus_exact_degree_ppi_label_shuffle,0,1,12885,0.491221247073063,0.0025418160438698766
816,protein_embedding_entity_label_shuffle_plus_exact_degree_ppi_label_shuffle,1,2,894129,0.4917744901168167,0.0003032082661035597
816,protein_embedding_entity_label_shuffle_plus_exact_degree_ppi_label_shuffle,2,3,701058,0.5068326910118602,0.00034676328362201133
816,protein_embedding_entity_label_shuffle_plus_exact_degree_ppi_label_shuffle,3,4,78902,0.5343896985553069,0.0010499540147761157
816,protein_embedding_entity_label_shuffle_plus_exact_degree_ppi_label_shuffle,4,>4,6746,0.5321277404061978,0.0032773728878577454
817,protein_embedding_entity_label_shuffle_plus_exact_degree_ppi_label_shuffle,0,1,12659,0.5086034575809635,0.002631124181970111
817,protein_embedding_entity_label_shuffle_plus_exact_degree_ppi_label_shuffle,1,2,891377,0.5008928132415339,0.00030731981663108287
817,protein_embedding_entity_label_shuffle_plus_exact_degree_ppi_label_shuffle,2,3,702237,0.5005324029826392,0.00034217283141981344
817,protein_embedding_entity_label_shuffle_plus_exact_degree_ppi_label_shuffle,3,4,86096,0.48758319751397117,0.0009799124080913729
817,protein_embedding_entity_label_shuffle_plus_exact_degree_ppi_label_shuffle,4,>4,3192,0.49475053974064914,0.005146033751793034
818,protein_embedding_entity_label_shuffle_plus_exact_degree_ppi_label_shuffle,0,1,13029,0.48773202734659116,0.0025158100724154125
818,protein_embedding_entity_label_shuffle_plus_exact_degree_ppi_label_shuffle,1,2,882286,0.49656764158269223,0.00030769885301537445
818,protein_embedding_entity_label_shuffle_plus_exact_degree_ppi_label_shuffle,2,3,721290,0.5029747471855419,0.00033971380290391887
818,protein_embedding_entity_label_shuffle_plus_exact_degree_ppi_label_shuffle,3,4,75870,0.5153887511939672,0.001043704531633831
818,protein_embedding_entity_label_shuffle_plus_exact_degree_ppi_label_shuffle,4,>4,3086,0.49997481245634756,0.004689775556302658
819,protein_embedding_entity_label_shuffle_plus_exact_degree_ppi_label_shuffle,0,1,13093,0.4944982842462671,0.0025084067581898073
819,protein_embedding_entity_label_shuffle_plus_exact_degree_ppi_label_shuffle,1,2,899982,0.49987371815393883,0.00030512995401570607
819,protein_embedding_entity_label_shuffle_plus_exact_degree_ppi_label_shuffle,2,3,693221,0.5001512822686579,0.0003454506909273724
819,protein_embedding_entity_label_shuffle_plus_exact_degree_ppi_label_shuffle,3,4,84619,0.5151279132476759,0.000993022632745687
819,protein_embedding_entity_label_shuffle_plus_exact_degree_ppi_label_shuffle,4,>4,4646,0.4973313558780423,0.004193828380780572
820,protein_embedding_entity_label_shuffle_plus_exact_degree_ppi_label_shuffle,0,1,12967,0.5039501835024953,0.0025895741436040383
820,protein_embedding_entity_label_shuffle_plus_exact_degree_ppi_label_shuffle,1,2,899161,0.5030071082353003,0.00030397807314402816
820,protein_embedding_entity_label_shuffle_plus_exact_degree_ppi_label_shuffle,2,3,696144,0.4966130135426683,0.0003472541972565295
820,protein_embedding_entity_label_shuffle_plus_exact_degree_ppi_label_shuffle,3,4,81318,0.4931399960331888,0.0009922548470879962
820,protein_embedding_entity_label_shuffle_plus_exact_degree_ppi_label_shuffle,4,>4,7813,0.4890701395234458,0.00299781041129678
821,protein_embedding_entity_label_shuffle_plus_exact_degree_ppi_label_shuffle,0,1,12849,0.48728764981592815,0.0026120865541167755
821,protein_embedding_entity_label_shuffle_plus_exact_degree_ppi_label_shuffle,1,2,873973,0.500275541613064,0.0003088768006875834
821,protein_embedding_entity_label_shuffle_plus_exact_degree_ppi_label_shuffle,2,3,722206,0.49775100086557716,0.00033887628325536735
821,protein_embedding_entity_label_shuffle_plus_exact_degree_ppi_label_shuffle,3,4,85048,0.5094164417058386,0.0009983902015070112
821,protein_embedding_entity_label_shuffle_plus_exact_degree_ppi_label_shuffle,4,>4,3327,0.5973610629538223,0.005081274353497225
822,protein_embedding_entity_label_shuffle_plus_exact_degree_ppi_label_shuffle,0,1,12847,0.4799906830661514,0.002572132715708424
822,protein_embedding_entity_label_shuffle_plus_exact_degree_ppi_label_shuffle,1,2,878219,0.5013897337962195,0.00030775907398838964
822,protein_embedding_entity_label_shuffle_plus_exact_degree_ppi_label_shuffle,2,3,710676,0.49938208845481785,0.0003420410057815544
822,protein_embedding_entity_label_shuffle_plus_exact_degree_ppi_label_shuffle,3,4,87014,0.4944792477908881,0.0009855031810176754
822,protein_embedding_entity_label_shuffle_plus_exact_degree_ppi_label_shuffle,4,>4,4964,0.4682917802493288,0.004007865345521315
823,protein_embedding_entity_label_shuffle_plus_exact_degree_ppi_label_shuffle,0,1,12750,0.47799715551752775,0.002571399130532708
823,protein_embedding_entity_label_shuffle_plus_exact_degree_ppi_label_shuffle,1,2,869813,0.4977648635480686,0.0003094362937113687
823,protein_embedding_entity_label_shuffle_plus_exact_degree_ppi_label_shuffle,2,3,720619,0.5027599278624789,0.00033975856800791854
823,protein_embedding_entity_label_shuffle_plus_exact_degree_ppi_label_shuffle,3,4,86018,0.49312458523915004,0.0009751469342529247
823,protein_embedding_entity_label_shuffle_plus_exact_degree_ppi_label_shuffle,4,>4,6361,0.5234662174304502,0.0035783583382339897
824,protein_embedding_entity_label_shuffle_plus_exact_degree_ppi_label_shuffle,0,1,12689,0.4848052360888252,0.0025484241269247256
824,protein_embedding_entity_label_shuffle_plus_exact_degree_ppi_label_shuffle,1,2,891597,0.4982497451648266,0.00030580773826893894
824,protein_embedding_entity_label_shuffle_plus_exact_degree_ppi_label_shuffle,2,3,709758,0.5004455815979257,0.0003418975356060171
824,protein_embedding_entity_label_shuffle_plus_exact_degree_ppi_label_shuffle,3,4,77951,0.5150534388258093,0.0010498746189093907
824,protein_embedding_entity_label_shuffle_plus_exact_degree_ppi_label_shuffle,4,>4,5408,0.5660395749027953,0.003898036835186952
825,protein_embedding_entity_label_shuffle_plus_exact_degree_ppi_label_shuffle,0,1,12690,0.5075085201298287,0.0025492528247773693
825,protein_embedding_entity_label_shuffle_plus_exact_degree_ppi_label_shuffle,1,2,881662,0.4993323003248751,0.00030758481106060004
825,protein_embedding_entity_label_shuffle_plus_exact_degree_ppi_label_shuffle,2,3,715221,0.5008628726824784,0.00034060747689637855
825,protein_embedding_entity_label_shuffle_plus_exact_degree_ppi_label_shuffle,3,4,81361,0.504672200962277,0.0010281566843824647
825,protein_embedding_entity_label_shuffle_plus_exact_degree_ppi_label_shuffle,4,>4,4627,0.5062402633519174,0.0039997637775193795
826,protein_embedding_entity_label_shuffle_plus_exact_degree_ppi_label_shuffle,0,1,12843,0.48876087266273793,0.0024783706349533405
826,protein_embedding_entity_label_shuffle_plus_exact_degree_ppi_label_shuffle,1,2,892636,0.49792840229367435,0.00030262867711381455
826,protein_embedding_entity_label_shuffle_plus_exact_degree_ppi_label_shuffle,2,3,702087,0.5029057120933951,0.00034766867811909764
826,protein_embedding_entity_label_shuffle_plus_exact_degree_ppi_label_shuffle,3,4,85932,0.501171587278276,0.0010069764006011876
826,protein_embedding_entity_label_shuffle_plus_exact_degree_ppi_label_shuffle,4,>4,3905,0.47755314918577246,0.004779786536801955
827,protein_embedding_entity_label_shuffle_plus_exact_degree_ppi_label_shuffle,0,1,12699,0.48927835333600445,0.0025352804972799846
827,protein_embedding_entity_label_shuffle_plus_exact_degree_ppi_label_shuffle,1,2,923129,0.5009818171354109,0.00030032701293264196
827,protein_embedding_entity_label_shuffle_plus_exact_degree_ppi_label_shuffle,2,3,687994,0.4984757631626474,0.00034885334604040254
827,protein_embedding_entity_label_shuffle_plus_exact_degree_ppi_label_shuffle,3,4,71393,0.501750702028671,0.0010690796019027513
827,protein_embedding_entity_label_shuffle_plus_exact_degree_ppi_label_shuffle,4,>4,2188,0.46896514800130645,0.005928847099139943
828,protein_embedding_entity_label_shuffle_plus_exact_degree_ppi_label_shuffle,0,1,12703,0.5099801651966837,0.002562112764628106
828,protein_embedding_entity_label_shuffle_plus_exact_degree_ppi_label_shuffle,1,2,881011,0.5054236787739143,0.0003071491375823109
828,protein_embedding_entity_label_shuffle_plus_exact_degree_ppi_label_shuffle,2,3,714527,0.4956882641913903,0.0003417631482235486
828,protein_embedding_entity_label_shuffle_plus_exact_degree_ppi_label_shuffle,3,4,84725,0.47899606799360395,0.0010032024804949601
828,protein_embedding_entity_label_shuffle_plus_exact_degree_ppi_label_shuffle,4,>4,4437,0.47143114743827386,0.004344959095355272
829,protein_embedding_entity_label_shuffle_plus_exact_degree_ppi_label_shuffle,0,1,12941,0.5081048091116629,0.0025437956075006892
829,protein_embedding_entity_label_shuffle_plus_exact_degree_ppi_label_shuffle,1,2,882324,0.503642035362977,0.0003084011373132488
829,protein_embedding_entity_label_shuffle_plus_exact_degree_ppi_label_shuffle,2,3,714705,0.49443008680263173,0.0003405452675378171
829,protein_embedding_entity_label_shuffle_plus_exact_degree_ppi_label_shuffle,3,4,80928,0.4973648931857808,0.0009959996477983616
829,protein_embedding_entity_label_shuffle_plus_exact_degree_ppi_label_shuffle,4,>4,2822,0.5048623073071455,0.005180999020489343
830,protein_embedding_entity_label_shuffle_plus_exact_degree_ppi_label_shuffle,0,1,12657,0.4935011940821563,0.002482198857076845
830,protein_embedding_entity_label_shuffle_plus_exact_degree_ppi_label_shuffle,1,2,922049,0.49640139719222093,0.00029943478331009344
830,protein_embedding_entity_label_shuffle_plus_exact_degree_ppi_label_shuffle,2,3,689581,0.5051082729406876,0.0003496841715352284
830,protein_embedding_entity_label_shuffle_plus_exact_degree_ppi_label_shuffle,3,4,66578,0.5081478698381634,0.0011159095763761335
830,protein_embedding_entity_label_shuffle_plus_exact_degree_ppi_label_shuffle,4,>4,6538,0.5260036204326144,0.0035101211743000303
831,protein_embedding_entity_label_shuffle_plus_exact_degree_ppi_label_shuffle,0,1,12949,0.48905714115094506,0.0025384699041401857
831,protein_embedding_entity_label_shuffle_plus_exact_degree_ppi_label_shuffle,1,2,904506,0.4968958178519427,0.00030376435325615023
831,protein_embedding_entity_label_shuffle_plus_exact_degree_ppi_label_shuffle,2,3,700778,0.5040741882261898,0.000344720835736146
831,protein_embedding_entity_label_shuffle_plus_exact_degree_ppi_label_shuffle,3,4,75004,0.5018565929868535,0.001045926647185459
831,protein_embedding_entity_label_shuffle_plus_exact_degree_ppi_label_shuffle,4,>4,4166,0.5137222743391627,0.00472093198143829
832,protein_embedding_entity_label_shuffle_plus_exact_degree_ppi_label_shuffle,0,1,12690,0.48960906243137536,0.0025021657811421967
832,protein_embedding_entity_label_shuffle_plus_exact_degree_ppi_label_shuffle,1,2,899151,0.5051761327874269,0.0003049683710467744
832,protein_embedding_entity_label_shuffle_plus_exact_degree_ppi_label_shuffle,2,3,692081,0.49660126774667396,0.00034667446706415747
832,protein_embedding_entity_label_shuffle_plus_exact_degree_ppi_label_shuffle,3,4,80744,0.48045865449193165,0.0010096439334068138
832,protein_embedding_entity_label_shuffle_plus_exact_degree_ppi_label_shuffle,4,>4,5375,0.4553110186159259,0.0036479863173000844
833,protein_embedding_entity_label_shuffle_plus_exact_degree_ppi_label_shuffle,0,1,12787,0.4776653743632127,0.0025179982189635084
833,protein_embedding_entity_label_shuffle_plus_exact_degree_ppi_label_shuffle,1,2,897646,0.4928184693133303,0.00030467573753705705
833,protein_embedding_entity_label_shuffle_plus_exact_degree_ppi_label_shuffle,2,3,709710,0.5062696491558536,0.0003426562027131128
833,protein_embedding_entity_label_shuffle_plus_exact_degree_ppi_label_shuffle,3,4,71920,0.5213496076972202,0.0010673360187148416
833,protein_embedding_entity_label_shuffle_plus_exact_degree_ppi_label_shuffle,4,>4,3498,0.4538498000769122,0.005095328216976
834,protein_embedding_entity_label_shuffle_plus_exact_degree_ppi_label_shuffle,0,1,13076,0.4813306318535884,0.002496078955083149
834,protein_embedding_entity_label_shuffle_plus_exact_degree_ppi_label_shuffle,1,2,869153,0.49700727884169354,0.00030848874619464946
834,protein_embedding_entity_label_shuffle_plus_exact_degree_ppi_label_shuffle,2,3,718342,0.5054434835924317,0.00034219671534680156
834,protein_embedding_entity_label_shuffle_plus_exact_degree_ppi_label_shuffle,3,4,88362,0.4960285111213421,0.0009774407220449184
834,protein_embedding_entity_label_shuffle_plus_exact_degree_ppi_label_shuffle,4,>4,6628,0.445661229887444,0.0034043733856490505
835,protein_embedding_entity_label_shuffle_plus_exact_degree_ppi_label_shuffle,0,1,12749,0.5073758961288121,0.0025901451524580157
835,protein_embedding_entity_label_shuffle_plus_exact_degree_ppi_label_shuffle,1,2,879947,0.5049200437367981,0.0003094171159252961
835,protein_embedding_entity_label_shuffle_plus_exact_degree_ppi_label_shuffle,2,3,712945,0.49427418416186525,0.0003391943494573092
835,protein_embedding_entity_label_shuffle_plus_exact_degree_ppi_label_shuffle,3,4,85456,0.504872306748076,0.0009915619404389758
835,protein_embedding_entity_label_shuffle_plus_exact_degree_ppi_label_shuffle,4,>4,6306,0.5292465453913284,0.0037171249436375167
836,protein_embedding_entity_label_shuffle_plus_exact_degree_ppi_label_shuffle,0,1,12751,0.4900621262253697,0.0025846454614110136
836,protein_embedding_entity_label_shuffle_plus_exact_degree_ppi_label_shuffle,1,2,877549,0.5015755119987844,0.0003086563415640625
836,protein_embedding_entity_label_shuffle_plus_exact_degree_ppi_label_shuffle,2,3,729762,0.49789923331299274,0.00033745643144922913
836,protein_embedding_entity_label_shuffle_plus_exact_degree_ppi_label_shuffle,3,4,75671,0.491802816474081,0.0010400627785319397
836,protein_embedding_entity_label_shuffle_plus_exact_degree_ppi_label_shuffle,4,>4,1670,0.5285864253111319,0.006793156951677304
837,protein_embedding_entity_label_shuffle_plus_exact_degree_ppi_label_shuffle,0,1,12814,0.511765719945383,0.0025548683133891116
837,protein_embedding_entity_label_shuffle_plus_exact_degree_ppi_label_shuffle,1,2,866454,0.5062225006266464,0.0003117683590694211
837,protein_embedding_entity_label_shuffle_plus_exact_degree_ppi_label_shuffle,2,3,735501,0.4949054512361783,0.0003356375856840643
837,protein_embedding_entity_label_shuffle_plus_exact_degree_ppi_label_shuffle,3,4,76064,0.4739337298353708,0.001022366150290333
837,protein_embedding_entity_label_shuffle_plus_exact_degree_ppi_label_shuffle,4,>4,2887,0.5083232646469179,0.005117008275952941
838,protein_embedding_entity_label_shuffle_plus_exact_degree_ppi_label_shuffle,0,1,12591,0.48660160772234845,0.0025135470660612447
838,protein_embedding_entity_label_shuffle_plus_exact_degree_ppi_label_shuffle,1,2,864856,0.49968823549293867,0.0003099948323485192
838,protein_embedding_entity_label_shuffle_plus_exact_degree_ppi_label_shuffle,2,3,732138,0.5020232004895182,0.00033881505575404446
838,protein_embedding_entity_label_shuffle_plus_exact_degree_ppi_label_shuffle,3,4,83136,0.4879219861882633,0.0009966784580700823
838,protein_embedding_entity_label_shuffle_plus_exact_degree_ppi_label_shuffle,4,>4,2840,0.4636658490942974,0.0048760751132716825
839,protein_embedding_entity_label_shuffle_plus_exact_degree_ppi_label_shuffle,0,1,12774,0.4924483114296021,0.0026060184717513757
839,protein_embedding_entity_label_shuffle_plus_exact_degree_ppi_label_shuffle,1,2,924064,0.4998875939310745,0.0003000546858168247
839,protein_embedding_entity_label_shuffle_plus_exact_degree_ppi_label_shuffle,2,3,678614,0.5013554663706031,0.0003505945364766221
839,protein_embedding_entity_label_shuffle_plus_exact_degree_ppi_label_shuffle,3,4,73919,0.5113898964844046,0.0010633481888218538
839,protein_embedding_entity_label_shuffle_plus_exact_degree_ppi_label_shuffle,4,>4,2509,0.6232553368785798,0.005897122391517611
840,protein_embedding_entity_label_shuffle_plus_exact_degree_ppi_label_shuffle,0,1,12955,0.4845968447465795,0.0025318957152162366
840,protein_embedding_entity_label_shuffle_plus_exact_degree_ppi_label_shuffle,1,2,877568,0.4968133615628341,0.0003069643805305731
840,protein_embedding_entity_label_shuffle_plus_exact_degree_ppi_label_shuffle,2,3,707791,0.5044236222601659,0.00034386576168334536
840,protein_embedding_entity_label_shuffle_plus_exact_degree_ppi_label_shuffle,3,4,87260,0.49928830878722963,0.0009993078899978
840,protein_embedding_entity_label_shuffle_plus_exact_degree_ppi_label_shuffle,4,>4,6306,0.5169086582809865,0.003814161276335726
841,protein_embedding_entity_label_shuffle_plus_exact_degree_ppi_label_shuffle,0,1,12830,0.49880423671851404,0.0025323455879073193
841,protein_embedding_entity_label_shuffle_plus_exact_degree_ppi_label_shuffle,1,2,881598,0.5047685102988203,0.00030678843140199985
841,protein_embedding_entity_label_shuffle_plus_exact_degree_ppi_label_shuffle,2,3,709648,0.4964091809400768,0.000343445574156069
841,protein_embedding_entity_label_shuffle_plus_exact_degree_ppi_label_shuffle,3,4,85656,0.4876989341049884,0.000989473524525808
841,protein_embedding_entity_label_shuffle_plus_exact_degree_ppi_label_shuffle,4,>4,5829,0.44021203232612655,0.0036626468934311913
842,protein_embedding_entity_label_shuffle_plus_exact_degree_ppi_label_shuffle,0,1,12732,0.5390837985761745,0.002608210176909261
842,protein_embedding_entity_label_shuffle_plus_exact_degree_ppi_label_shuffle,1,2,877074,0.5065445288477242,0.0003085972608038337
842,protein_embedding_entity_label_shuffle_plus_exact_degree_ppi_label_shuffle,2,3,710147,0.4940367476673172,0.00034255996575450093
842,protein_embedding_entity_label_shuffle_plus_exact_degree_ppi_label_shuffle,3,4,88956,0.47160208276324384,0.0009544969048637667
842,protein_embedding_entity_label_shuffle_plus_exact_degree_ppi_label_shuffle,4,>4,6652,0.5372628435826345,0.0031697441924187627
843,protein_embedding_entity_label_shuffle_plus_exact_degree_ppi_label_shuffle,0,1,12865,0.49018791627959846,0.0025575017332062286
843,protein_embedding_entity_label_shuffle_plus_exact_degree_ppi_label_shuffle,1,2,908082,0.5046693144794406,0.000304735736311274
843,protein_embedding_entity_label_shuffle_plus_exact_degree_ppi_label_shuffle,2,3,691461,0.49482411085892986,0.0003443509783468888
843,protein_embedding_entity_label_shuffle_plus_exact_degree_ppi_label_shuffle,3,4,76124,0.48241423719406834,0.001036344676220331
843,protein_embedding_entity_label_shuffle_plus_exact_degree_ppi_label_shuffle,4,>4,3348,0.48286388368321725,0.005422594440610473
844,protein_embedding_entity_label_shuffle_plus_exact_degree_ppi_label_shuffle,0,1,12544,0.4802762170845995,0.00248429064378231
844,protein_embedding_entity_label_shuffle_plus_exact_degree_ppi_label_shuffle,1,2,903876,0.4988314598750814,0.0003022202428291049
844,protein_embedding_entity_label_shuffle_plus_exact_degree_ppi_label_shuffle,2,3,695275,0.5027179581719509,0.00034841426345996843
844,protein_embedding_entity_label_shuffle_plus_exact_degree_ppi_label_shuffle,3,4,77296,0.4892440307242848,0.001045027050308885
844,protein_embedding_entity_label_shuffle_plus_exact_degree_ppi_label_shuffle,4,>4,6570,0.5070215719438378,0.003559469842605476
845,protein_embedding_entity_label_shuffle_plus_exact_degree_ppi_label_shuffle,0,1,12942,0.4994935878745632,0.002476178528431223
845,protein_embedding_entity_label_shuffle_plus_exact_degree_ppi_label_shuffle,1,2,911926,0.5001447279081143,0.00030001855011622025
845,protein_embedding_entity_label_shuffle_plus_exact_degree_ppi_label_shuffle,2,3,690709,0.49743521048215916,0.0003496086874034878
845,protein_embedding_entity_label_shuffle_plus_exact_degree_ppi_label_shuffle,3,4,78907,0.5112946693048463,0.0010616150256815562
845,protein_embedding_entity_label_shuffle_plus_exact_degree_ppi_label_shuffle,4,>4,2919,0.5615576786274199,0.005513194240550928
846,protein_embedding_entity_label_shuffle_plus_exact_degree_ppi_label_shuffle,0,1,12655,0.49942243409406956,0.0026059673300700918
846,protein_embedding_entity_label_shuffle_plus_exact_degree_ppi_label_shuffle,1,2,893367,0.5009976685566978,0.00030627064241726753
846,protein_embedding_entity_label_shuffle_plus_exact_degree_ppi_label_shuffle,2,3,701760,0.5013968438964653,0.00034364432379190983
846,protein_embedding_entity_label_shuffle_plus_exact_degree_ppi_label_shuffle,3,4,79169,0.49093006407926326,0.001007462763930005
846,protein_embedding_entity_label_shuffle_plus_exact_degree_ppi_label_shuffle,4,>4,6769,0.4913390915283299,0.0035809924837340405
847,protein_embedding_entity_label_shuffle_plus_exact_degree_ppi_label_shuffle,0,1,12728,0.5159698059178564,0.002539081222557167
847,protein_embedding_entity_label_shuffle_plus_exact_degree_ppi_label_shuffle,1,2,889859,0.5036826266653225,0.00030636520090038597
847,protein_embedding_entity_label_shuffle_plus_exact_degree_ppi_label_shuffle,2,3,706996,0.49848904425640533,0.0003441918283866637
847,protein_embedding_entity_label_shuffle_plus_exact_degree_ppi_label_shuffle,3,4,81291,0.4783164671424644,0.0009925299855793246
847,protein_embedding_entity_label_shuffle_plus_exact_degree_ppi_label_shuffle,4,>4,2846,0.3908548251909936,0.0050382930012273135
848,protein_embedding_entity_label_shuffle_plus_exact_degree_ppi_label_shuffle,0,1,12681,0.4948375826040622,0.002624204556857873
848,protein_embedding_entity_label_shuffle_plus_exact_degree_ppi_label_shuffle,1,2,900962,0.49919680125362387,0.0003045268372591337
848,protein_embedding_entity_label_shuffle_plus_exact_degree_ppi_label_shuffle,2,3,691167,0.5011440446383624,0.00034585766370539954
848,protein_embedding_entity_label_shuffle_plus_exact_degree_ppi_label_shuffle,3,4,86706,0.5001985843796953,0.000979593901053137
848,protein_embedding_entity_label_shuffle_plus_exact_degree_ppi_label_shuffle,4,>4,4045,0.5042322615555596,0.004572003587710113
849,protein_embedding_entity_label_shuffle_plus_exact_degree_ppi_label_shuffle,0,1,12823,0.49391632974566063,0.0025396360123482536
849,protein_embedding_entity_label_shuffle_plus_exact_degree_ppi_label_shuffle,1,2,890635,0.49555416497125393,0.0003038783543656285
849,protein_embedding_entity_label_shuffle_plus_exact_degree_ppi_label_shuffle,2,3,698418,0.5058132217214879,0.0003475727846256879
849,protein_embedding_entity_label_shuffle_plus_exact_degree_ppi_label_shuffle,3,4,89939,0.5054786896828526,0.0009771891515149027
849,protein_embedding_entity_label_shuffle_plus_exact_degree_ppi_label_shuffle,4,>4,3746,0.5124718946379451,0.004901574281998949
850,protein_embedding_entity_label_shuffle_plus_exact_degree_ppi_label_shuffle,0,1,12822,0.49378843610901924,0.002545133155478443
850,protein_embedding_entity_label_shuffle_plus_exact_degree_ppi_label_shuffle,1,2,873224,0.49726003039382044,0.00030992600417426274
850,protein_embedding_entity_label_shuffle_plus_exact_degree_ppi_label_shuffle,2,3,715481,0.499762063773596,0.0003397333984130994
850,protein_embedding_entity_label_shuffle_plus_exact_degree_ppi_label_shuffle,3,4,90882,0.51714228102153,0.0009635917033983444
850,protein_embedding_entity_label_shuffle_plus_exact_degree_ppi_label_shuffle,4,>4,4994,0.4936695678530174,0.00408039902910336
851,protein_embedding_entity_label_shuffle_plus_exact_degree_ppi_label_shuffle,0,1,12678,0.5160634796233289,0.002573567967378174
851,protein_embedding_entity_label_shuffle_plus_exact_degree_ppi_label_shuffle,1,2,891219,0.49637955570545694,0.0003036029003171397
851,protein_embedding_entity_label_shuffle_plus_exact_degree_ppi_label_shuffle,2,3,707261,0.5037124879419166,0.00034555078613344396
851,protein_embedding_entity_label_shuffle_plus_exact_degree_ppi_label_shuffle,3,4,79952,0.5061498527301684,0.001039928374320681
851,protein_embedding_entity_label_shuffle_plus_exact_degree_ppi_label_shuffle,4,>4,6293,0.5080160422682422,0.0035751239522484536
852,protein_embedding_entity_label_shuffle_plus_exact_degree_ppi_label_shuffle,0,1,12708,0.5026896330283294,0.0025967749234686137
852,protein_embedding_entity_label_shuffle_plus_exact_degree_ppi_label_shuffle,1,2,864620,0.49953771384247,0.0003113729691061731
852,protein_embedding_entity_label_shuffle_plus_exact_degree_ppi_label_shuffle,2,3,710281,0.5002144079104439,0.00034077226275200183
852,protein_embedding_entity_label_shuffle_plus_exact_degree_ppi_label_shuffle,3,4,102727,0.49853217160800883,0.0009042539391812939
852,protein_embedding_entity_label_shuffle_plus_exact_degree_ppi_label_shuffle,4,>4,5225,0.5369346425888679,0.004077552899941086
853,protein_embedding_entity_label_shuffle_plus_exact_degree_ppi_label_shuffle,0,1,12661,0.5098868975051819,0.002562879838715243
853,protein_embedding_entity_label_shuffle_plus_exact_degree_ppi_label_shuffle,1,2,869451,0.5036803959567702,0.00030999349206552
853,protein_embedding_entity_label_shuffle_plus_exact_degree_ppi_label_shuffle,2,3,720099,0.49816507695271006,0.00034062388616905857
853,protein_embedding_entity_label_shuffle_plus_exact_degree_ppi_label_shuffle,3,4,88355,0.4966003938329569,0.0009487500757559303
853,protein_embedding_entity_label_shuffle_plus_exact_degree_ppi_label_shuffle,4,>4,4995,0.44551326972734817,0.0037940900837096117
854,protein_embedding_entity_label_shuffle_plus_exact_degree_ppi_label_shuffle,0,1,12837,0.4852617163651351,0.002529618705706901
854,protein_embedding_entity_label_shuffle_plus_exact_degree_ppi_label_shuffle,1,2,891794,0.5006425358213465,0.000306008633668293
854,protein_embedding_entity_label_shuffle_plus_exact_degree_ppi_label_shuffle,2,3,707224,0.49875331838311,0.00034249426613994406
854,protein_embedding_entity_label_shuffle_plus_exact_degree_ppi_label_shuffle,3,4,82945,0.4978379344509382,0.0010161465913061261
854,protein_embedding_entity_label_shuffle_plus_exact_degree_ppi_label_shuffle,4,>4,2603,0.5105427892097728,0.005946075590929395
855,protein_embedding_entity_label_shuffle_plus_exact_degree_ppi_label_shuffle,0,1,12691,0.5096094565812511,0.0025559603021874334
855,protein_embedding_entity_label_shuffle_plus_exact_degree_ppi_label_shuffle,1,2,879616,0.4994352481770978,0.0003064811160856019
855,protein_embedding_entity_label_shuffle_plus_exact_degree_ppi_label_shuffle,2,3,716681,0.49845180159705454,0.00034118391012249495
855,protein_embedding_entity_label_shuffle_plus_exact_degree_ppi_label_shuffle,3,4,84071,0.5078078598066367,0.0010174402977707524
855,protein_embedding_entity_label_shuffle_plus_exact_degree_ppi_label_shuffle,4,>4,2502,0.5720459699289783,0.006028743037037748
856,protein_embedding_entity_label_shuffle_plus_exact_degree_ppi_label_shuffle,0,1,12670,0.4722880369450773,0.00252598166410159
856,protein_embedding_entity_label_shuffle_plus_exact_degree_ppi_label_shuffle,1,2,869802,0.49834050637851834,0.00031003245774500473
856,protein_embedding_entity_label_shuffle_plus_exact_degree_ppi_label_shuffle,2,3,719643,0.5027007583194507,0.0003392317549545337
856,protein_embedding_entity_label_shuffle_plus_exact_degree_ppi_label_shuffle,3,4,90051,0.5070733154242894,0.0009698864002049675
856,protein_embedding_entity_label_shuffle_plus_exact_degree_ppi_label_shuffle,4,>4,5237,0.5519228685311336,0.004130300756221427
857,protein_embedding_entity_label_shuffle_plus_exact_degree_ppi_label_shuffle,0,1,12811,0.493256056658732,0.002510232842564885
857,protein_embedding_entity_label_shuffle_plus_exact_degree_ppi_label_shuffle,1,2,874004,0.49694719558021766,0.00030728725795789756
857,protein_embedding_entity_label_shuffle_plus_exact_degree_ppi_label_shuffle,2,3,723075,0.5051817597861711,0.00034192921976749233
857,protein_embedding_entity_label_shuffle_plus_exact_degree_ppi_label_shuffle,3,4,83288,0.48577477051550727,0.0009958931545966895
857,protein_embedding_entity_label_shuffle_plus_exact_degree_ppi_label_shuffle,4,>4,2383,0.43158055417924596,0.005868341663004214
858,protein_embedding_entity_label_shuffle_plus_exact_degree_ppi_label_shuffle,0,1,12857,0.521092643505939,0.0025716591753666288
858,protein_embedding_entity_label_shuffle_plus_exact_degree_ppi_label_shuffle,1,2,885649,0.5049390533593145,0.000308795862928181
858,protein_embedding_entity_label_shuffle_plus_exact_degree_ppi_label_shuffle,2,3,703864,0.4974933431864276,0.00034227426093149174
858,protein_embedding_entity_label_shuffle_plus_exact_degree_ppi_label_shuffle,3,4,87217,0.4804479531752221,0.0009500451647804157
858,protein_embedding_entity_label_shuffle_plus_exact_degree_ppi_label_shuffle,4,>4,2293,0.4505901882251085,0.00548488123792233
859,protein_embedding_entity_label_shuffle_plus_exact_degree_ppi_label_shuffle,0,1,12710,0.5069937555779371,0.002538148252583374
859,protein_embedding_entity_label_shuffle_plus_exact_degree_ppi_label_shuffle,1,2,878792,0.4958992445287686,0.0003058322235405245
859,protein_embedding_entity_label_shuffle_plus_exact_degree_ppi_label_shuffle,2,3,718213,0.5021011609280032,0.0003429621769700741
859,protein_embedding_entity_label_shuffle_plus_exact_degree_ppi_label_shuffle,3,4,81125,0.5133643861075041,0.0010232988475631425
859,protein_embedding_entity_label_shuffle_plus_exact_degree_ppi_label_shuffle,4,>4,4721,0.574617418039529,0.004104702271203282
860,protein_embedding_entity_label_shuffle_plus_exact_degree_ppi_label_shuffle,0,1,12656,0.48924954848077223,0.002528458941879092
860,protein_embedding_entity_label_shuffle_plus_exact_degree_ppi_label_shuffle,1,2,885243,0.49652212363679327,0.0003050821180852286
860,protein_embedding_entity_label_shuffle_plus_exact_degree_ppi_label_shuffle,2,3,714785,0.5043313477824649,0.000343470503723263
860,protein_embedding_entity_label_shuffle_plus_exact_degree_ppi_label_shuffle,3,4,80869,0.5068917595237321,0.001035291222425484
860,protein_embedding_entity_label_shuffle_plus_exact_degree_ppi_label_shuffle,4,>4,3850,0.5687939300395215,0.004525105355494439
861,protein_embedding_entity_label_shuffle_plus_exact_degree_ppi_label_shuffle,0,1,12723,0.5166031185407914,0.002561497706266214
861,protein_embedding_entity_label_shuffle_plus_exact_degree_ppi_label_shuffle,1,2,843030,0.49642164863548177,0.00031401830131994426
861,protein_embedding_entity_label_shuffle_plus_exact_degree_ppi_label_shuffle,2,3,746941,0.5011803840075116,0.0003344663827321644
861,protein_embedding_entity_label_shuffle_plus_exact_degree_ppi_label_shuffle,3,4,92045,0.5161778097559139,0.0009560750673320005
861,protein_embedding_entity_label_shuffle_plus_exact_degree_ppi_label_shuffle,4,>4,2664,0.577487021882165,0.005555866123752926
862,protein_embedding_entity_label_shuffle_plus_exact_degree_ppi_label_shuffle,0,1,12839,0.511064534030054,0.0025086099806443957
862,protein_embedding_entity_label_shuffle_plus_exact_degree_ppi_label_shuffle,1,2,908539,0.49909791014664623,0.0003022175763044011
862,protein_embedding_entity_label_shuffle_plus_exact_degree_ppi_label_shuffle,2,3,687898,0.49683920748594157,0.0003489838911966404
862,protein_embedding_entity_label_shuffle_plus_exact_degree_ppi_label_shuffle,3,4,78206,0.5240267941490665,0.0010350215947290873
862,protein_embedding_entity_label_shuffle_plus_exact_degree_ppi_label_shuffle,4,>4,6238,0.5698450054255457,0.0031895668271391237
863,protein_embedding_entity_label_shuffle_plus_exact_degree_ppi_label_shuffle,0,1,12852,0.5037504514876012,0.0026232900519851223
863,protein_embedding_entity_label_shuffle_plus_exact_degree_ppi_label_shuffle,1,2,896979,0.4987750198560395,0.00030555706512946083
863,protein_embedding_entity_label_shuffle_plus_exact_degree_ppi_label_shuffle,2,3,699821,0.50168140082941,0.00034345015212581745
863,protein_embedding_entity_label_shuffle_plus_exact_degree_ppi_label_shuffle,3,4,80242,0.4817916685870979,0.0009979294248680574
863,protein_embedding_entity_label_shuffle_plus_exact_degree_ppi_label_shuffle,4,>4,5667,0.42702699508516123,0.0035589323360823637
864,protein_embedding_entity_label_shuffle_plus_exact_degree_ppi_label_shuffle,0,1,12814,0.49353946561668965,0.002529615242768832
864,protein_embedding_entity_label_shuffle_plus_exact_degree_ppi_label_shuffle,1,2,900368,0.5006944107979073,0.0003043717067615685
864,protein_embedding_entity_label_shuffle_plus_exact_degree_ppi_label_shuffle,2,3,693794,0.4997687039260223,0.0003465618955306261
864,protein_embedding_entity_label_shuffle_plus_exact_degree_ppi_label_shuffle,3,4,84766,0.5048292336661176,0.0009875973310382944
864,protein_embedding_entity_label_shuffle_plus_exact_degree_ppi_label_shuffle,4,>4,5661,0.4793107926640775,0.0035109229647247563
865,protein_embedding_entity_label_shuffle_plus_exact_degree_ppi_label_shuffle,0,1,12967,0.5306799105397595,0.002503863414965449
865,protein_embedding_entity_label_shuffle_plus_exact_degree_ppi_label_shuffle,1,2,876155,0.5061891529310144,0.00031064831434393994
865,protein_embedding_entity_label_shuffle_plus_exact_degree_ppi_label_shuffle,2,3,723056,0.49434017946329545,0.0003379786889909974
865,protein_embedding_entity_label_shuffle_plus_exact_degree_ppi_label_shuffle,3,4,76790,0.48125946237755723,0.0010118867529444763
865,protein_embedding_entity_label_shuffle_plus_exact_degree_ppi_label_shuffle,4,>4,2912,0.4993689765231086,0.005203274324351228
866,protein_embedding_entity_label_shuffle_plus_exact_degree_ppi_label_shuffle,0,1,12783,0.5401781180408225,0.002562117641438372
866,protein_embedding_entity_label_shuffle_plus_exact_degree_ppi_label_shuffle,1,2,908710,0.5026969017789236,0.00030220327106213955
866,protein_embedding_entity_label_shuffle_plus_exact_degree_ppi_label_shuffle,2,3,689944,0.4973582051306055,0.00034865081013674436
866,protein_embedding_entity_label_shuffle_plus_exact_degree_ppi_label_shuffle,3,4,77954,0.4912607364724776,0.0010324295681055486
866,protein_embedding_entity_label_shuffle_plus_exact_degree_ppi_label_shuffle,4,>4,2490,0.5084885286643394,0.005653895840513852
867,protein_embedding_entity_label_shuffle_plus_exact_degree_ppi_label_shuffle,0,1,12649,0.5083013607944182,0.0025880212359884625
867,protein_embedding_entity_label_shuffle_plus_exact_degree_ppi_label_shuffle,1,2,900553,0.5075759090844109,0.0003044247372443397
867,protein_embedding_entity_label_shuffle_plus_exact_degree_ppi_label_shuffle,2,3,709714,0.49069542968423224,0.00034311064139703405
867,protein_embedding_entity_label_shuffle_plus_exact_degree_ppi_label_shuffle,3,4,71533,0.49019613302874115,0.0010637597220760694
867,protein_embedding_entity_label_shuffle_plus_exact_degree_ppi_label_shuffle,4,>4,2954,0.540898712085352,0.00457730587745749
868,protein_embedding_entity_label_shuffle_plus_exact_degree_ppi_label_shuffle,0,1,12683,0.5027770015375611,0.002560274945860327
868,protein_embedding_entity_label_shuffle_plus_exact_degree_ppi_label_shuffle,1,2,892765,0.4974782488449882,0.0003051066970981738
868,protein_embedding_entity_label_shuffle_plus_exact_degree_ppi_label_shuffle,2,3,706413,0.5015585337939138,0.00034410043371858396
868,protein_embedding_entity_label_shuffle_plus_exact_degree_ppi_label_shuffle,3,4,80540,0.5176938747383285,0.0010224351239495333
868,protein_embedding_entity_label_shuffle_plus_exact_degree_ppi_label_shuffle,4,>4,5002,0.5947953176063662,0.0036835479736742876
869,protein_embedding_entity_label_shuffle_plus_exact_degree_ppi_label_shuffle,0,1,12491,0.5009256954613662,0.002565505517785788
869,protein_embedding_entity_label_shuffle_plus_exact_degree_ppi_label_shuffle,1,2,883302,0.5088590182397262,0.0003080217271580139
869,protein_embedding_entity_label_shuffle_plus_exact_degree_ppi_label_shuffle,2,3,711163,0.4907009664679543,0.00034184384354481417
869,protein_embedding_entity_label_shuffle_plus_exact_degree_ppi_label_shuffle,3,4,85173,0.4882170798828378,0.0009647672694515685
869,protein_embedding_entity_label_shuffle_plus_exact_degree_ppi_label_shuffle,4,>4,5274,0.46850950644439787,0.0036880769796281154
870,protein_embedding_entity_label_shuffle_plus_exact_degree_ppi_label_shuffle,0,1,12852,0.49366096309415947,0.0025626466112430245
870,protein_embedding_entity_label_shuffle_plus_exact_degree_ppi_label_shuffle,1,2,885296,0.5008151791496736,0.00030653693337067106
870,protein_embedding_entity_label_shuffle_plus_exact_degree_ppi_label_shuffle,2,3,716871,0.5008949617631324,0.00034111985203814455
870,protein_embedding_entity_label_shuffle_plus_exact_degree_ppi_label_shuffle,3,4,78577,0.4976754933924836,0.0010288761934605997
870,protein_embedding_entity_label_shuffle_plus_exact_degree_ppi_label_shuffle,4,>4,3807,0.4195316501511434,0.0046386454549862295
871,protein_embedding_entity_label_shuffle_plus_exact_degree_ppi_label_shuffle,0,1,12996,0.4894241136566352,0.002524854132498491
871,protein_embedding_entity_label_shuffle_plus_exact_degree_ppi_label_shuffle,1,2,873158,0.497442763475745,0.0003087701563035412
871,protein_embedding_entity_label_shuffle_plus_exact_degree_ppi_label_shuffle,2,3,707419,0.5008265715474298,0.0003433024779560512
871,protein_embedding_entity_label_shuffle_plus_exact_degree_ppi_label_shuffle,3,4,92861,0.5044508429167595,0.0009493255375890305
871,protein_embedding_entity_label_shuffle_plus_exact_degree_ppi_label_shuffle,4,>4,7286,0.6039030416978478,0.003350683153704593
872,protein_embedding_entity_label_shuffle_plus_exact_degree_ppi_label_shuffle,0,1,12855,0.5092174450578643,0.0025493403748921457
872,protein_embedding_entity_label_shuffle_plus_exact_degree_ppi_label_shuffle,1,2,882728,0.49623273438455134,0.0003069544745848583
872,protein_embedding_entity_label_shuffle_plus_exact_degree_ppi_label_shuffle,2,3,710101,0.503696380094632,0.000342532803273671
872,protein_embedding_entity_label_shuffle_plus_exact_degree_ppi_label_shuffle,3,4,84693,0.5131359676961867,0.0009962699218120017
872,protein_embedding_entity_label_shuffle_plus_exact_degree_ppi_label_shuffle,4,>4,3343,0.55079487511012,0.005013978364250173
873,protein_embedding_entity_label_shuffle_plus_exact_degree_ppi_label_shuffle,0,1,12708,0.47857272231561293,0.0025195646965922493
873,protein_embedding_entity_label_shuffle_plus_exact_degree_ppi_label_shuffle,1,2,892195,0.5000062066175854,0.0003069487144854982
873,protein_embedding_entity_label_shuffle_plus_exact_degree_ppi_label_shuffle,2,3,710051,0.501193758493393,0.00034127712135815114
873,protein_embedding_entity_label_shuffle_plus_exact_degree_ppi_label_shuffle,3,4,76503,0.4964607311751223,0.001036515956840437
873,protein_embedding_entity_label_shuffle_plus_exact_degree_ppi_label_shuffle,4,>4,4104,0.5434582339142474,0.004071541334672037
874,protein_embedding_entity_label_shuffle_plus_exact_degree_ppi_label_shuffle,0,1,12639,0.48679424075370414,0.0025549210944479143
874,protein_embedding_entity_label_shuffle_plus_exact_degree_ppi_label_shuffle,1,2,885544,0.4959950857582393,0.00030831025412621926
874,protein_embedding_entity_label_shuffle_plus_exact_degree_ppi_label_shuffle,2,3,702614,0.5060037878525936,0.0003425757226958742
874,protein_embedding_entity_label_shuffle_plus_exact_degree_ppi_label_shuffle,3,4,87664,0.4975046842556929,0.0009732439408522403
874,protein_embedding_entity_label_shuffle_plus_exact_degree_ppi_label_shuffle,4,>4,5259,0.4553356263368827,0.00389169243290622
875,protein_embedding_entity_label_shuffle_plus_exact_degree_ppi_label_shuffle,0,1,12680,0.4989526191219263,0.002595585402192358
875,protein_embedding_entity_label_shuffle_plus_exact_degree_ppi_label_shuffle,1,2,922474,0.5047598982502661,0.00029889400196720235
875,protein_embedding_entity_label_shuffle_plus_exact_degree_ppi_label_shuffle,2,3,679138,0.4954185043894612,0.00035182182280623226
875,protein_embedding_entity_label_shuffle_plus_exact_degree_ppi_label_shuffle,3,4,76533,0.4889428078893716,0.0010546299295065725
875,protein_embedding_entity_label_shuffle_plus_exact_degree_ppi_label_shuffle,4,>4,2895,0.5153327838083365,0.005446447490357363
876,protein_embedding_entity_label_shuffle_plus_exact_degree_ppi_label_shuffle,0,1,12829,0.5267412225081798,0.0025594461677646537
876,protein_embedding_entity_label_shuffle_plus_exact_degree_ppi_label_shuffle,1,2,884732,0.5039898032027377,0.0003079358053612539
876,protein_embedding_entity_label_shuffle_plus_exact_degree_ppi_label_shuffle,2,3,709301,0.49424619398100567,0.00034171543939725055
876,protein_embedding_entity_label_shuffle_plus_exact_degree_ppi_label_shuffle,3,4,83577,0.5089576813582554,0.0009815076397803458
876,protein_embedding_entity_label_shuffle_plus_exact_degree_ppi_label_shuffle,4,>4,5122,0.49113332314955926,0.004021029971930725
877,protein_embedding_entity_label_shuffle_plus_exact_degree_ppi_label_shuffle,0,1,12759,0.5109628761080569,0.0026198381245146913
877,protein_embedding_entity_label_shuffle_plus_exact_degree_ppi_label_shuffle,1,2,900416,0.49935385874814686,0.000304155018816213
877,protein_embedding_entity_label_shuffle_plus_exact_degree_ppi_label_shuffle,2,3,701236,0.5011427044912589,0.00034501851273585805
877,protein_embedding_entity_label_shuffle_plus_exact_degree_ppi_label_shuffle,3,4,76224,0.49711625677422894,0.001056787443813471
877,protein_embedding_entity_label_shuffle_plus_exact_degree_ppi_label_shuffle,4,>4,3085,0.5466306991572834,0.005407633768074021
878,protein_embedding_entity_label_shuffle_plus_exact_degree_ppi_label_shuffle,0,1,12797,0.5040216099809252,0.002500759198620811
878,protein_embedding_entity_label_shuffle_plus_exact_degree_ppi_label_shuffle,1,2,917276,0.4994585512489273,0.00030098746719409955
878,protein_embedding_entity_label_shuffle_plus_exact_degree_ppi_label_shuffle,2,3,676714,0.4989259438773741,0.0003517006158831723
878,protein_embedding_entity_label_shuffle_plus_exact_degree_ppi_label_shuffle,3,4,82955,0.5130763477976655,0.0010038809264617116
878,protein_embedding_entity_label_shuffle_plus_exact_degree_ppi_label_shuffle,4,>4,5819,0.5596802509071248,0.003742539972033803
879,protein_embedding_entity_label_shuffle_plus_exact_degree_ppi_label_shuffle,0,1,12685,0.4863950530219696,0.0025297504250206154
879,protein_embedding_entity_label_shuffle_plus_exact_degree_ppi_label_shuffle,1,2,916128,0.495738576298636,0.0003000034728223516
879,protein_embedding_entity_label_shuffle_plus_exact_degree_ppi_label_shuffle,2,3,690545,0.5044318560972539,0.0003482450266508877
879,protein_embedding_entity_label_shuffle_plus_exact_degree_ppi_label_shuffle,3,4,75555,0.5010109614118532,0.0010729129544000764
879,protein_embedding_entity_label_shuffle_plus_exact_degree_ppi_label_shuffle,4,>4,2490,0.48730572905376,0.006094055537895368
880,protein_embedding_entity_label_shuffle_plus_exact_degree_ppi_label_shuffle,0,1,12713,0.4786917340602662,0.002510444342883466
880,protein_embedding_entity_label_shuffle_plus_exact_degree_ppi_label_shuffle,1,2,881362,0.49412729948966067,0.00030517239169770345
880,protein_embedding_entity_label_shuffle_plus_exact_degree_ppi_label_shuffle,2,3,714982,0.5058446493133602,0.0003441044577172375
880,protein_embedding_entity_label_shuffle_plus_exact_degree_ppi_label_shuffle,3,4,82325,0.5179635627697159,0.0010163354878084453
880,protein_embedding_entity_label_shuffle_plus_exact_degree_ppi_label_shuffle,4,>4,2338,0.5062434134288597,0.006067361299354123
881,protein_embedding_entity_label_shuffle_plus_exact_degree_ppi_label_shuffle,0,1,12834,0.5040121203093147,0.0025697393352446967
881,protein_embedding_entity_label_shuffle_plus_exact_degree_ppi_label_shuffle,1,2,901110,0.5008318233421738,0.00030521472852854743
881,protein_embedding_entity_label_shuffle_plus_exact_degree_ppi_label_shuffle,2,3,699100,0.4989800054290487,0.0003432956301049244
881,protein_embedding_entity_label_shuffle_plus_exact_degree_ppi_label_shuffle,3,4,78832,0.5078755347320248,0.0010437407778499915
881,protein_embedding_entity_label_shuffle_plus_exact_degree_ppi_label_shuffle,4,>4,3685,0.4697766022561238,0.004526492089513917
882,protein_embedding_entity_label_shuffle_plus_exact_degree_ppi_label_shuffle,0,1,12691,0.4824956564773509,0.0025214193302551305
882,protein_embedding_entity_label_shuffle_plus_exact_degree_ppi_label_shuffle,1,2,888146,0.5024208869113436,0.00030720605414517047
882,protein_embedding_entity_label_shuffle_plus_exact_degree_ppi_label_shuffle,2,3,707682,0.49829557945530567,0.0003422466484603467
882,protein_embedding_entity_label_shuffle_plus_exact_degree_ppi_label_shuffle,3,4,83962,0.4948800046465381,0.000985544409247561
882,protein_embedding_entity_label_shuffle_plus_exact_degree_ppi_label_shuffle,4,>4,3080,0.49062211012427726,0.00486762326206663
883,protein_embedding_entity_label_shuffle_plus_exact_degree_ppi_label_shuffle,0,1,12888,0.5040814287875145,0.0025788656657889297
883,protein_embedding_entity_label_shuffle_plus_exact_degree_ppi_label_shuffle,1,2,882750,0.49919050799173625,0.00030770688384234375
883,protein_embedding_entity_label_shuffle_plus_exact_degree_ppi_label_shuffle,2,3,713169,0.5012262114643421,0.00034095729240610716
883,protein_embedding_entity_label_shuffle_plus_exact_degree_ppi_label_shuffle,3,4,84240,0.4967563988801665,0.0009921408996687333
883,protein_embedding_entity_label_shuffle_plus_exact_degree_ppi_label_shuffle,4,>4,2514,0.49165363767994313,0.005782246606863548
884,protein_embedding_entity_label_shuffle_plus_exact_degree_ppi_label_shuffle,0,1,12545,0.5072503858807483,0.002595028247425259
884,protein_embedding_entity_label_shuffle_plus_exact_degree_ppi_label_shuffle,1,2,861543,0.5027371953541557,0.00031075275215706056
884,protein_embedding_entity_label_shuffle_plus_exact_degree_ppi_label_shuffle,2,3,731862,0.49604931345318565,0.0003367857305360473
884,protein_embedding_entity_label_shuffle_plus_exact_degree_ppi_label_shuffle,3,4,85133,0.49597182413002644,0.0009965143056565034
884,protein_embedding_entity_label_shuffle_plus_exact_degree_ppi_label_shuffle,4,>4,4478,0.5186122693647818,0.004304441000312657
885,protein_embedding_entity_label_shuffle_plus_exact_degree_ppi_label_shuffle,0,1,12764,0.4728046939514718,0.0025431544216124678
885,protein_embedding_entity_label_shuffle_plus_exact_degree_ppi_label_shuffle,1,2,862155,0.4999341777542928,0.00031126049203852613
885,protein_embedding_entity_label_shuffle_plus_exact_degree_ppi_label_shuffle,2,3,734664,0.49908268662449956,0.0003365944663312051
885,protein_embedding_entity_label_shuffle_plus_exact_degree_ppi_label_shuffle,3,4,81899,0.515859707729066,0.001011364009999247
885,protein_embedding_entity_label_shuffle_plus_exact_degree_ppi_label_shuffle,4,>4,4079,0.4895583659310829,0.004406454791789493
886,protein_embedding_entity_label_shuffle_plus_exact_degree_ppi_label_shuffle,0,1,12822,0.5076463294122628,0.0025386742423021583
886,protein_embedding_entity_label_shuffle_plus_exact_degree_ppi_label_shuffle,1,2,923675,0.4965842495951451,0.0002993540293398788
886,protein_embedding_entity_label_shuffle_plus_exact_degree_ppi_label_shuffle,2,3,686561,0.5013513811060452,0.00034945820570348276
886,protein_embedding_entity_label_shuffle_plus_exact_degree_ppi_label_shuffle,3,4,70563,0.5184117263222191,0.0010944487400921968
886,protein_embedding_entity_label_shuffle_plus_exact_degree_ppi_label_shuffle,4,>4,1940,0.486410546748029,0.006489856596013212
887,protein_embedding_entity_label_shuffle_plus_exact_degree_ppi_label_shuffle,0,1,12875,0.479365898717803,0.002542353403682519
887,protein_embedding_entity_label_shuffle_plus_exact_degree_ppi_label_shuffle,1,2,915554,0.491824669327847,0.0003004676165454882
887,protein_embedding_entity_label_shuffle_plus_exact_degree_ppi_label_shuffle,2,3,696193,0.5067340206982974,0.0003467313091934609
887,protein_embedding_entity_label_shuffle_plus_exact_degree_ppi_label_shuffle,3,4,67416,0.5249784471158202,0.0011155785234274235
887,protein_embedding_entity_label_shuffle_plus_exact_degree_ppi_label_shuffle,4,>4,1682,0.480735381292784,0.006683350906581774
888,protein_embedding_entity_label_shuffle_plus_exact_degree_ppi_label_shuffle,0,1,12908,0.5072660573421326,0.0025221478817684315
888,protein_embedding_entity_label_shuffle_plus_exact_degree_ppi_label_shuffle,1,2,888065,0.5002906350780337,0.00030880268149543105
888,protein_embedding_entity_label_shuffle_plus_exact_degree_ppi_label_shuffle,2,3,709471,0.5007171473025573,0.00034004848376665474
888,protein_embedding_entity_label_shuffle_plus_exact_degree_ppi_label_shuffle,3,4,82385,0.4899684549582568,0.000985098180624233
888,protein_embedding_entity_label_shuffle_plus_exact_degree_ppi_label_shuffle,4,>4,2732,0.5065568571478307,0.005274281800673018
889,protein_embedding_entity_label_shuffle_plus_exact_degree_ppi_label_shuffle,0,1,12573,0.4957354552840107,0.0024939131806984162
889,protein_embedding_entity_label_shuffle_plus_exact_degree_ppi_label_shuffle,1,2,885067,0.49876969646949987,0.00030607837444673517
889,protein_embedding_entity_label_shuffle_plus_exact_degree_ppi_label_shuffle,2,3,703453,0.4980646250388339,0.0003436346454776489
889,protein_embedding_entity_label_shuffle_plus_exact_degree_ppi_label_shuffle,3,4,92685,0.5171895426604954,0.0009657923273354098
889,protein_embedding_entity_label_shuffle_plus_exact_degree_ppi_label_shuffle,4,>4,3625,0.5644871991199095,0.004988179448496077
890,protein_embedding_entity_label_shuffle_plus_exact_degree_ppi_label_shuffle,0,1,12963,0.5108473205521264,0.0025666910673723684
890,protein_embedding_entity_label_shuffle_plus_exact_degree_ppi_label_shuffle,1,2,876320,0.4938626946169041,0.00030864864170659245
890,protein_embedding_entity_label_shuffle_plus_exact_degree_ppi_label_shuffle,2,3,721599,0.5063246987923484,0.00033930540504064315
890,protein_embedding_entity_label_shuffle_plus_exact_degree_ppi_label_shuffle,3,4,83552,0.5167956426551603,0.0009945228184597172
890,protein_embedding_entity_label_shuffle_plus_exact_degree_ppi_label_shuffle,4,>4,2969,0.5364174186762306,0.0048867644161910565
891,protein_embedding_entity_label_shuffle_plus_exact_degree_ppi_label_shuffle,0,1,12851,0.51752312534458,0.002523008777992022
891,protein_embedding_entity_label_shuffle_plus_exact_degree_ppi_label_shuffle,1,2,873640,0.49872895596795586,0.00030821483263020563
891,protein_embedding_entity_label_shuffle_plus_exact_degree_ppi_label_shuffle,2,3,717184,0.49787514978855246,0.00034101335799581505
891,protein_embedding_entity_label_shuffle_plus_exact_degree_ppi_label_shuffle,3,4,88537,0.5185131349792637,0.0009787846500669513
891,protein_embedding_entity_label_shuffle_plus_exact_degree_ppi_label_shuffle,4,>4,5191,0.49926244799791475,0.00412995552306309
892,protein_embedding_entity_label_shuffle_plus_exact_degree_ppi_label_shuffle,0,1,12713,0.49428060194789863,0.0024899117609840584
892,protein_embedding_entity_label_shuffle_plus_exact_degree_ppi_label_shuffle,1,2,893372,0.5017759501331645,0.00030332196229156664
892,protein_embedding_entity_label_shuffle_plus_exact_degree_ppi_label_shuffle,2,3,703619,0.4963431872962197,0.00034626588866211927
892,protein_embedding_entity_label_shuffle_plus_exact_degree_ppi_label_shuffle,3,4,82889,0.5005354607827686,0.0010243022089237916
892,protein_embedding_entity_label_shuffle_plus_exact_degree_ppi_label_shuffle,4,>4,2968,0.6010188194279917,0.005332146838468425
893,protein_embedding_entity_label_shuffle_plus_exact_degree_ppi_label_shuffle,0,1,12982,0.5324818312407451,0.0025865842080834227
893,protein_embedding_entity_label_shuffle_plus_exact_degree_ppi_label_shuffle,1,2,899003,0.5013853220232948,0.000305640015366771
893,protein_embedding_entity_label_shuffle_plus_exact_degree_ppi_label_shuffle,2,3,694174,0.5007904091226738,0.0003451112171772483
893,protein_embedding_entity_label_shuffle_plus_exact_degree_ppi_label_shuffle,3,4,87714,0.47431570190826544,0.0009500064030174095
893,protein_embedding_entity_label_shuffle_plus_exact_degree_ppi_label_shuffle,4,>4,3530,0.45072687609766965,0.004583498177838185
894,protein_embedding_entity_label_shuffle_plus_exact_degree_ppi_label_shuffle,0,1,12794,0.4947724513830094,0.002562037120591837
894,protein_embedding_entity_label_shuffle_plus_exact_degree_ppi_label_shuffle,1,2,906642,0.4997511174397016,0.0003025389593551257
894,protein_embedding_entity_label_shuffle_plus_exact_degree_ppi_label_shuffle,2,3,693081,0.5007979229769483,0.0003482607175327094
894,protein_embedding_entity_label_shuffle_plus_exact_degree_ppi_label_shuffle,3,4,77339,0.48755111844040006,0.0010267904814197512
894,protein_embedding_entity_label_shuffle_plus_exact_degree_ppi_label_shuffle,4,>4,5705,0.6187859971283249,0.0037283615755368937
895,protein_embedding_entity_label_shuffle_plus_exact_degree_ppi_label_shuffle,0,1,12905,0.4894919180775852,0.0025368967333509
895,protein_embedding_entity_label_shuffle_plus_exact_degree_ppi_label_shuffle,1,2,889422,0.5014729084411752,0.00030628359240081386
895,protein_embedding_entity_label_shuffle_plus_exact_degree_ppi_label_shuffle,2,3,720148,0.4971319701003753,0.0003395171484920536
895,protein_embedding_entity_label_shuffle_plus_exact_degree_ppi_label_shuffle,3,4,73500,0.49092789587277125,0.0010561246445702705
895,protein_embedding_entity_label_shuffle_plus_exact_degree_ppi_label_shuffle,4,>4,1428,0.4671793349963282,0.006965889464797356
896,protein_embedding_entity_label_shuffle_plus_exact_degree_ppi_label_shuffle,0,1,12818,0.4834399415014416,0.00248467386520376
896,protein_embedding_entity_label_shuffle_plus_exact_degree_ppi_label_shuffle,1,2,861763,0.503704116731467,0.00030895226719823905
896,protein_embedding_entity_label_shuffle_plus_exact_degree_ppi_label_shuffle,2,3,727817,0.49712357501221616,0.0003390205185353014
896,protein_embedding_entity_label_shuffle_plus_exact_degree_ppi_label_shuffle,3,4,84855,0.4762334594469839,0.0010177624592701642
896,protein_embedding_entity_label_shuffle_plus_exact_degree_ppi_label_shuffle,4,>4,8308,0.5258471798141197,0.0033099858519142497
897,protein_embedding_entity_label_shuffle_plus_exact_degree_ppi_label_shuffle,0,1,12904,0.4758407704803708,0.002542235396039145
897,protein_embedding_entity_label_shuffle_plus_exact_degree_ppi_label_shuffle,1,2,899152,0.5003532547489749,0.0003041010712697158
897,protein_embedding_entity_label_shuffle_plus_exact_degree_ppi_label_shuffle,2,3,703277,0.499360723282269,0.00034491239064337
897,protein_embedding_entity_label_shuffle_plus_exact_degree_ppi_label_shuffle,3,4,74560,0.5083215447083056,0.0010594891101986888
897,protein_embedding_entity_label_shuffle_plus_exact_degree_ppi_label_shuffle,4,>4,5668,0.5177928758887768,0.0038788851706134096
898,protein_embedding_entity_label_shuffle_plus_exact_degree_ppi_label_shuffle,0,1,12734,0.4967854040145788,0.0025665888786071166
898,protein_embedding_entity_label_shuffle_plus_exact_degree_ppi_label_shuffle,1,2,916243,0.4955699686984021,0.000300659054113862
898,protein_embedding_entity_label_shuffle_plus_exact_degree_ppi_label_shuffle,2,3,696793,0.5067018820540293,0.00034712087182579664
898,protein_embedding_entity_label_shuffle_plus_exact_degree_ppi_label_shuffle,3,4,67752,0.5053303411817288,0.001120712852289774
898,protein_embedding_entity_label_shuffle_plus_exact_degree_ppi_label_shuffle,4,>4,2039,0.48578270807171,0.006351151715184794
899,protein_embedding_entity_label_shuffle_plus_exact_degree_ppi_label_shuffle,0,1,12802,0.5048855319054908,0.002530979542906142
899,protein_embedding_entity_label_shuffle_plus_exact_degree_ppi_label_shuffle,1,2,884923,0.5024965753081528,0.00030741962086158303
899,protein_embedding_entity_label_shuffle_plus_exact_degree_ppi_label_shuffle,2,3,710704,0.49746978697913746,0.0003408229857723448
899,protein_embedding_entity_label_shuffle_plus_exact_degree_ppi_label_shuffle,3,4,84656,0.4868742796390064,0.0009783939848445056
899,protein_embedding_entity_label_shuffle_plus_exact_degree_ppi_label_shuffle,4,>4,4318,0.4883705339698969,0.004091806048412343
900,protein_embedding_entity_label_shuffle_plus_exact_degree_ppi_label_shuffle,0,1,12685,0.4957429977503457,0.002584058305935229
900,protein_embedding_entity_label_shuffle_plus_exact_degree_ppi_label_shuffle,1,2,873584,0.49693951060378655,0.00030681687365013104
900,protein_embedding_entity_label_shuffle_plus_exact_degree_ppi_label_shuffle,2,3,713697,0.5042595098401977,0.00034348195990368136
900,protein_embedding_entity_label_shuffle_plus_exact_degree_ppi_label_shuffle,3,4,87814,0.49417997559455573,0.000991195084819068
900,protein_embedding_entity_label_shuffle_plus_exact_degree_ppi_label_shuffle,4,>4,4100,0.418608633200845,0.0044170518355245315
901,protein_embedding_entity_label_shuffle_plus_exact_degree_ppi_label_shuffle,0,1,12852,0.4983667768326441,0.002523238176314145
901,protein_embedding_entity_label_shuffle_plus_exact_degree_ppi_label_shuffle,1,2,891815,0.5029626263248826,0.00030555911177350815
901,protein_embedding_entity_label_shuffle_plus_exact_degree_ppi_label_shuffle,2,3,694608,0.4951075021811406,0.00034632930873601525
901,protein_embedding_entity_label_shuffle_plus_exact_degree_ppi_label_shuffle,3,4,91364,0.502530127843172,0.0009600739023647181
901,protein_embedding_entity_label_shuffle_plus_exact_degree_ppi_label_shuffle,4,>4,3081,0.5601241560776015,0.005206890723017838
902,protein_embedding_entity_label_shuffle_plus_exact_degree_ppi_label_shuffle,0,1,12848,0.5046740983258128,0.0025630858226741568
902,protein_embedding_entity_label_shuffle_plus_exact_degree_ppi_label_shuffle,1,2,864439,0.5010019585632304,0.0003106100673202538
902,protein_embedding_entity_label_shuffle_plus_exact_degree_ppi_label_shuffle,2,3,727974,0.498907296627004,0.000338585955415995
902,protein_embedding_entity_label_shuffle_plus_exact_degree_ppi_label_shuffle,3,4,88801,0.501453361687572,0.0009595072237590124
902,protein_embedding_entity_label_shuffle_plus_exact_degree_ppi_label_shuffle,4,>4,3341,0.5237150078504463,0.004768485914408818
903,protein_embedding_entity_label_shuffle_plus_exact_degree_ppi_label_shuffle,0,1,12529,0.5138925718527376,0.0025388217540714647
903,protein_embedding_entity_label_shuffle_plus_exact_degree_ppi_label_shuffle,1,2,895952,0.5022190042332051,0.0003047995751657781
903,protein_embedding_entity_label_shuffle_plus_exact_degree_ppi_label_shuffle,2,3,704339,0.49916916553116286,0.00034533432803302434
903,protein_embedding_entity_label_shuffle_plus_exact_degree_ppi_label_shuffle,3,4,80581,0.48045668928279706,0.0009969572872024735
903,protein_embedding_entity_label_shuffle_plus_exact_degree_ppi_label_shuffle,4,>4,2160,0.4439428982279514,0.005751391671424357
904,protein_embedding_entity_label_shuffle_plus_exact_degree_ppi_label_shuffle,0,1,12652,0.486589276815426,0.002478555983256899
904,protein_embedding_entity_label_shuffle_plus_exact_degree_ppi_label_shuffle,1,2,869610,0.4961609879934626,0.00030712865107641445
904,protein_embedding_entity_label_shuffle_plus_exact_degree_ppi_label_shuffle,2,3,721876,0.5048874426207981,0.00034163934593870815
904,protein_embedding_entity_label_shuffle_plus_exact_degree_ppi_label_shuffle,3,4,88336,0.5026478431785073,0.0009877849867012544
904,protein_embedding_entity_label_shuffle_plus_exact_degree_ppi_label_shuffle,4,>4,3087,0.46572197467230025,0.005226911342229156
905,protein_embedding_entity_label_shuffle_plus_exact_degree_ppi_label_shuffle,0,1,12883,0.48948438980057085,0.0024546480443413264
905,protein_embedding_entity_label_shuffle_plus_exact_degree_ppi_label_shuffle,1,2,885917,0.500389862665215,0.0003058876403389204
905,protein_embedding_entity_label_shuffle_plus_exact_degree_ppi_label_shuffle,2,3,706203,0.5030443699092675,0.0003441749512807719
905,protein_embedding_entity_label_shuffle_plus_exact_degree_ppi_label_shuffle,3,4,87420,0.4828710513940652,0.0009831605359328008
905,protein_embedding_entity_label_shuffle_plus_exact_degree_ppi_label_shuffle,4,>4,4980,0.45950197395283493,0.004232445208781791
906,protein_embedding_entity_label_shuffle_plus_exact_degree_ppi_label_shuffle,0,1,12760,0.5233182671585641,0.0025351548066138998
906,protein_embedding_entity_label_shuffle_plus_exact_degree_ppi_label_shuffle,1,2,894610,0.501760815549151,0.0003057927636904601
906,protein_embedding_entity_label_shuffle_plus_exact_degree_ppi_label_shuffle,2,3,697747,0.49699862257487587,0.00034447798785916295
906,protein_embedding_entity_label_shuffle_plus_exact_degree_ppi_label_shuffle,3,4,86838,0.4983481279999602,0.0009863178364153675
906,protein_embedding_entity_label_shuffle_plus_exact_degree_ppi_label_shuffle,4,>4,5448,0.5197796012926501,0.0037182831890629894
907,protein_embedding_entity_label_shuffle_plus_exact_degree_ppi_label_shuffle,0,1,12705,0.49935081931336966,0.002585976482114709
907,protein_embedding_entity_label_shuffle_plus_exact_degree_ppi_label_shuffle,1,2,879528,0.5013167033731936,0.0003085672730384747
907,protein_embedding_entity_label_shuffle_plus_exact_degree_ppi_label_shuffle,2,3,716090,0.49851799348263126,0.0003412666164303189
907,protein_embedding_entity_label_shuffle_plus_exact_degree_ppi_label_shuffle,3,4,83946,0.49598279810240825,0.0009813435777808281
907,protein_embedding_entity_label_shuffle_plus_exact_degree_ppi_label_shuffle,4,>4,5134,0.5281169766261992,0.003618952158862612
908,protein_embedding_entity_label_shuffle_plus_exact_degree_ppi_label_shuffle,0,1,12848,0.51443792659727,0.002555602498612655
908,protein_embedding_entity_label_shuffle_plus_exact_degree_ppi_label_shuffle,1,2,922943,0.500852610598038,0.00030242000792313927
908,protein_embedding_entity_label_shuffle_plus_exact_degree_ppi_label_shuffle,2,3,682441,0.500242579413885,0.00034795382772123115
908,protein_embedding_entity_label_shuffle_plus_exact_degree_ppi_label_shuffle,3,4,76461,0.4804209501501534,0.0009946273408894125
908,protein_embedding_entity_label_shuffle_plus_exact_degree_ppi_label_shuffle,4,>4,2710,0.41775219931292934,0.004820908499907246
909,protein_embedding_entity_label_shuffle_plus_exact_degree_ppi_label_shuffle,0,1,12762,0.47625812127389755,0.002600546556181568
909,protein_embedding_entity_label_shuffle_plus_exact_degree_ppi_label_shuffle,1,2,905515,0.4942188109597953,0.00030394926640887426
909,protein_embedding_entity_label_shuffle_plus_exact_degree_ppi_label_shuffle,2,3,687111,0.5084137468539822,0.0003478816982702755
909,protein_embedding_entity_label_shuffle_plus_exact_degree_ppi_label_shuffle,3,4,85679,0.5026275169645296,0.0009639920100882235
909,protein_embedding_entity_label_shuffle_plus_exact_degree_ppi_label_shuffle,4,>4,6336,0.44070600389501835,0.0034054341167584073
910,protein_embedding_entity_label_shuffle_plus_exact_degree_ppi_label_shuffle,0,1,12904,0.5147851134559986,0.0025899722572248624
910,protein_embedding_entity_label_shuffle_plus_exact_degree_ppi_label_shuffle,1,2,882790,0.5042559470061687,0.00030774645652507335
910,protein_embedding_entity_label_shuffle_plus_exact_degree_ppi_label_shuffle,2,3,712083,0.4982362459523808,0.0003408319069313666
910,protein_embedding_entity_label_shuffle_plus_exact_degree_ppi_label_shuffle,3,4,85172,0.47616289256904504,0.0009863608184744609
910,protein_embedding_entity_label_shuffle_plus_exact_degree_ppi_label_shuffle,4,>4,4454,0.5152319212853927,0.004491088923618439
911,protein_embedding_entity_label_shuffle_plus_exact_degree_ppi_label_shuffle,0,1,12775,0.5056708063753916,0.0025747870079710156
911,protein_embedding_entity_label_shuffle_plus_exact_degree_ppi_label_shuffle,1,2,882534,0.501320372310802,0.00030548573501134647
911,protein_embedding_entity_label_shuffle_plus_exact_degree_ppi_label_shuffle,2,3,725372,0.4972423939079548,0.000341635701212993
911,protein_embedding_entity_label_shuffle_plus_exact_degree_ppi_label_shuffle,3,4,73861,0.5183269326825775,0.001063915277603931
911,protein_embedding_entity_label_shuffle_plus_exact_degree_ppi_label_shuffle,4,>4,2861,0.47493047020770685,0.004812915500774846
912,protein_embedding_entity_label_shuffle_plus_exact_degree_ppi_label_shuffle,0,1,12804,0.5029904655573423,0.002487121607062115
912,protein_embedding_entity_label_shuffle_plus_exact_degree_ppi_label_shuffle,1,2,875211,0.4981537722496525,0.000307749135042192
912,protein_embedding_entity_label_shuffle_plus_exact_degree_ppi_label_shuffle,2,3,716305,0.5012343352955348,0.00034145686635012463
912,protein_embedding_entity_label_shuffle_plus_exact_degree_ppi_label_shuffle,3,4,88936,0.5088157756805528,0.000977262264679808
912,protein_embedding_entity_label_shuffle_plus_exact_degree_ppi_label_shuffle,4,>4,4147,0.5288417807072925,0.004654189686581185
913,protein_embedding_entity_label_shuffle_plus_exact_degree_ppi_label_shuffle,0,1,12667,0.5051596548398458,0.002549786903268408
913,protein_embedding_entity_label_shuffle_plus_exact_degree_ppi_label_shuffle,1,2,886573,0.5010106117923344,0.0003061795620761363
913,protein_embedding_entity_label_shuffle_plus_exact_degree_ppi_label_shuffle,2,3,710089,0.501148542676086,0.00034347499818843173
913,protein_embedding_entity_label_shuffle_plus_exact_degree_ppi_label_shuffle,3,4,81957,0.4924538038938586,0.0010062482914096268
913,protein_embedding_entity_label_shuffle_plus_exact_degree_ppi_label_shuffle,4,>4,6117,0.42545660319240197,0.003366543021144932
914,protein_embedding_entity_label_shuffle_plus_exact_degree_ppi_label_shuffle,0,1,12735,0.5090016172846722,0.00258736273301868
914,protein_embedding_entity_label_shuffle_plus_exact_degree_ppi_label_shuffle,1,2,885338,0.5029542586195218,0.0003069695627044369
914,protein_embedding_entity_label_shuffle_plus_exact_degree_ppi_label_shuffle,2,3,715281,0.4976571273515556,0.0003406461275316465
914,protein_embedding_entity_label_shuffle_plus_exact_degree_ppi_label_shuffle,3,4,79955,0.4975664015150963,0.0010269763677560556
914,protein_embedding_entity_label_shuffle_plus_exact_degree_ppi_label_shuffle,4,>4,4094,0.4562369079194697,0.004550191939115729
915,protein_embedding_entity_label_shuffle_plus_exact_degree_ppi_label_shuffle,0,1,12707,0.5051874629976647,0.0025860797033626206
915,protein_embedding_entity_label_shuffle_plus_exact_degree_ppi_label_shuffle,1,2,851487,0.4988614108634669,0.0003141384996435299
915,protein_embedding_entity_label_shuffle_plus_exact_degree_ppi_label_shuffle,2,3,746927,0.4999723636911495,0.0003320013174463853
915,protein_embedding_entity_label_shuffle_plus_exact_degree_ppi_label_shuffle,3,4,82234,0.5067739639368675,0.0010205963792279567
915,protein_embedding_entity_label_shuffle_plus_exact_degree_ppi_label_shuffle,4,>4,2206,0.5131354407401946,0.0066968248337324395
916,protein_embedding_entity_label_shuffle_plus_exact_degree_ppi_label_shuffle,0,1,12764,0.4933234771611477,0.0025060006044828127
916,protein_embedding_entity_label_shuffle_plus_exact_degree_ppi_label_shuffle,1,2,890749,0.49686543285374907,0.0003051823827948132
916,protein_embedding_entity_label_shuffle_plus_exact_degree_ppi_label_shuffle,2,3,696118,0.5051092029536279,0.0003479598132064663
916,protein_embedding_entity_label_shuffle_plus_exact_degree_ppi_label_shuffle,3,4,90929,0.49329066175120856,0.0009452064670823517
916,protein_embedding_entity_label_shuffle_plus_exact_degree_ppi_label_shuffle,4,>4,5001,0.48555297521749785,0.00373416657991602
917,protein_embedding_entity_label_shuffle_plus_exact_degree_ppi_label_shuffle,0,1,12786,0.5224083985312954,0.002555696882038938
917,protein_embedding_entity_label_shuffle_plus_exact_degree_ppi_label_shuffle,1,2,885708,0.49779084817268227,0.0003069955845835758
917,protein_embedding_entity_label_shuffle_plus_exact_degree_ppi_label_shuffle,2,3,723982,0.5010828495171346,0.0003388913343208195
917,protein_embedding_entity_label_shuffle_plus_exact_degree_ppi_label_shuffle,3,4,70114,0.5084597784381724,0.0010781078626822332
917,protein_embedding_entity_label_shuffle_plus_exact_degree_ppi_label_shuffle,4,>4,1130,0.5612062225872426,0.008266584718966075
918,protein_embedding_entity_label_shuffle_plus_exact_degree_ppi_label_shuffle,0,1,12675,0.5050277477036729,0.002534996170980087
918,protein_embedding_entity_label_shuffle_plus_exact_degree_ppi_label_shuffle,1,2,889549,0.49981258072866824,0.00030672991284887217
918,protein_embedding_entity_label_shuffle_plus_exact_degree_ppi_label_shuffle,2,3,713665,0.5014222595260098,0.00034124834777540325
918,protein_embedding_entity_label_shuffle_plus_exact_degree_ppi_label_shuffle,3,4,72436,0.48255369533072057,0.0010545673391001633
918,protein_embedding_entity_label_shuffle_plus_exact_degree_ppi_label_shuffle,4,>4,7236,0.5999599307579133,0.0036359140342716975
919,protein_embedding_entity_label_shuffle_plus_exact_degree_ppi_label_shuffle,0,1,12909,0.4993346611742805,0.002525071294492518
919,protein_embedding_entity_label_shuffle_plus_exact_degree_ppi_label_shuffle,1,2,900914,0.5006043793450153,0.0003048629953000075
919,protein_embedding_entity_label_shuffle_plus_exact_degree_ppi_label_shuffle,2,3,693085,0.4990352693072164,0.00034555057135451174
919,protein_embedding_entity_label_shuffle_plus_exact_degree_ppi_label_shuffle,3,4,84118,0.5026943774594161,0.0009982193424457311
919,protein_embedding_entity_label_shuffle_plus_exact_degree_ppi_label_shuffle,4,>4,6377,0.44892732651698064,0.003565260361069744
920,protein_embedding_entity_label_shuffle_plus_exact_degree_ppi_label_shuffle,0,1,12694,0.485475194174408,0.0025669602318716283
920,protein_embedding_entity_label_shuffle_plus_exact_degree_ppi_label_shuffle,1,2,869890,0.5039235380192945,0.00031056164504071306
920,protein_embedding_entity_label_shuffle_plus_exact_degree_ppi_label_shuffle,2,3,729725,0.4983480172854667,0.000337051920093005
920,protein_embedding_entity_label_shuffle_plus_exact_degree_ppi_label_shuffle,3,4,82874,0.481884681858491,0.0009873708354055798
920,protein_embedding_entity_label_shuffle_plus_exact_degree_ppi_label_shuffle,4,>4,2220,0.45724840564152264,0.006150093143694258
921,protein_embedding_entity_label_shuffle_plus_exact_degree_ppi_label_shuffle,0,1,12664,0.5255385391782803,0.002603855157132148
921,protein_embedding_entity_label_shuffle_plus_exact_degree_ppi_label_shuffle,1,2,889524,0.5016410087916156,0.00030715055524793976
921,protein_embedding_entity_label_shuffle_plus_exact_degree_ppi_label_shuffle,2,3,710507,0.49650540749959743,0.000341214838188764
921,protein_embedding_entity_label_shuffle_plus_exact_degree_ppi_label_shuffle,3,4,78080,0.49694365929512707,0.0010331451234752782
921,protein_embedding_entity_label_shuffle_plus_exact_degree_ppi_label_shuffle,4,>4,4786,0.5547905521998716,0.003858051325873882
922,protein_embedding_entity_label_shuffle_plus_exact_degree_ppi_label_shuffle,0,1,12686,0.4819911390572533,0.0025683385984369236
922,protein_embedding_entity_label_shuffle_plus_exact_degree_ppi_label_shuffle,1,2,895915,0.5038530498509891,0.0003065218934426608
922,protein_embedding_entity_label_shuffle_plus_exact_degree_ppi_label_shuffle,2,3,697266,0.493980797207451,0.0003437428241224382
922,protein_embedding_entity_label_shuffle_plus_exact_degree_ppi_label_shuffle,3,4,85004,0.509999168043159,0.0009865329862559355
922,protein_embedding_entity_label_shuffle_plus_exact_degree_ppi_label_shuffle,4,>4,4690,0.49748610041175967,0.004167132824437691
923,protein_embedding_entity_label_shuffle_plus_exact_degree_ppi_label_shuffle,0,1,12910,0.4805127534968361,0.0024731407943208443
923,protein_embedding_entity_label_shuffle_plus_exact_degree_ppi_label_shuffle,1,2,885238,0.5020678615002848,0.0003044512391201175
923,protein_embedding_entity_label_shuffle_plus_exact_degree_ppi_label_shuffle,2,3,706192,0.49610061582575227,0.000345852967392445
923,protein_embedding_entity_label_shuffle_plus_exact_degree_ppi_label_shuffle,3,4,83101,0.5057713332724553,0.0010131858634385281
923,protein_embedding_entity_label_shuffle_plus_exact_degree_ppi_label_shuffle,4,>4,6279,0.6707956276366337,0.0036762380160434635
924,protein_embedding_entity_label_shuffle_plus_exact_degree_ppi_label_shuffle,0,1,12944,0.48451908955157075,0.0025495574993313007
924,protein_embedding_entity_label_shuffle_plus_exact_degree_ppi_label_shuffle,1,2,910084,0.49762582831086344,0.00030211281427868696
924,protein_embedding_entity_label_shuffle_plus_exact_degree_ppi_label_shuffle,2,3,685782,0.5007658105518342,0.00034866571603669035
924,protein_embedding_entity_label_shuffle_plus_exact_degree_ppi_label_shuffle,3,4,79179,0.5027585976766193,0.0010303884290234148
924,protein_embedding_entity_label_shuffle_plus_exact_degree_ppi_label_shuffle,4,>4,9414,0.5328435079126094,0.0031300056094125586
925,protein_embedding_entity_label_shuffle_plus_exact_degree_ppi_label_shuffle,0,1,12919,0.5009320561710042,0.0024597770255013985
925,protein_embedding_entity_label_shuffle_plus_exact_degree_ppi_label_shuffle,1,2,897290,0.49659740350223375,0.00030350498727745625
925,protein_embedding_entity_label_shuffle_plus_exact_degree_ppi_label_shuffle,2,3,692064,0.503149611631104,0.0003487926719773011
925,protein_embedding_entity_label_shuffle_plus_exact_degree_ppi_label_shuffle,3,4,82642,0.5062606652055927,0.0010110523183942657
925,protein_embedding_entity_label_shuffle_plus_exact_degree_ppi_label_shuffle,4,>4,12488,0.5017755503188626,0.0025898159005494055
926,protein_embedding_entity_label_shuffle_plus_exact_degree_ppi_label_shuffle,0,1,12838,0.4807877638353324,0.0024677556631075652
926,protein_embedding_entity_label_shuffle_plus_exact_degree_ppi_label_shuffle,1,2,909031,0.5024863780695104,0.00030204766144301966
926,protein_embedding_entity_label_shuffle_plus_exact_degree_ppi_label_shuffle,2,3,693720,0.4995847992731518,0.0003480162223150193
926,protein_embedding_entity_label_shuffle_plus_exact_degree_ppi_label_shuffle,3,4,77308,0.48362908913583974,0.001047536873991875
926,protein_embedding_entity_label_shuffle_plus_exact_degree_ppi_label_shuffle,4,>4,4506,0.43576590482563565,0.004118118077735279
927,protein_embedding_entity_label_shuffle_plus_exact_degree_ppi_label_shuffle,0,1,12776,0.4862067589579696,0.0025362103512678712
927,protein_embedding_entity_label_shuffle_plus_exact_degree_ppi_label_shuffle,1,2,908228,0.4978400923713751,0.00030232342341048686
927,protein_embedding_entity_label_shuffle_plus_exact_degree_ppi_label_shuffle,2,3,687630,0.5020451281123324,0.0003492305632046968
927,protein_embedding_entity_label_shuffle_plus_exact_degree_ppi_label_shuffle,3,4,77043,0.4965179876213687,0.0010384622428987605
927,protein_embedding_entity_label_shuffle_plus_exact_degree_ppi_label_shuffle,4,>4,4364,0.4919139983570286,0.004189759589604222
928,protein_embedding_entity_label_shuffle_plus_exact_degree_ppi_label_shuffle,0,1,12834,0.5053747162614003,0.002596082726851913
928,protein_embedding_entity_label_shuffle_plus_exact_degree_ppi_label_shuffle,1,2,889908,0.501699888214294,0.0003050214452559494
928,protein_embedding_entity_label_shuffle_plus_exact_degree_ppi_label_shuffle,2,3,713574,0.49869050253537284,0.00034294809268689655
928,protein_embedding_entity_label_shuffle_plus_exact_degree_ppi_label_shuffle,3,4,76252,0.4858244785010968,0.0010495305069714723
928,protein_embedding_entity_label_shuffle_plus_exact_degree_ppi_label_shuffle,4,>4,2993,0.5208805027124495,0.005541609834233997
929,protein_embedding_entity_label_shuffle_plus_exact_degree_ppi_label_shuffle,0,1,12791,0.5038688188555028,0.002516150905118528
929,protein_embedding_entity_label_shuffle_plus_exact_degree_ppi_label_shuffle,1,2,900880,0.4973425647533951,0.00030420807724127933
929,protein_embedding_entity_label_shuffle_plus_exact_degree_ppi_label_shuffle,2,3,694810,0.5069403219010084,0.0003462386763977926
929,protein_embedding_entity_label_shuffle_plus_exact_degree_ppi_label_shuffle,3,4,81386,0.4861233916487767,0.00101088331279899
929,protein_embedding_entity_label_shuffle_plus_exact_degree_ppi_label_shuffle,4,>4,5694,0.4410581182565433,0.003698589760204159
930,protein_embedding_entity_label_shuffle_plus_exact_degree_ppi_label_shuffle,0,1,12891,0.5066215092089313,0.0025597450745871103
930,protein_embedding_entity_label_shuffle_plus_exact_degree_ppi_label_shuffle,1,2,892342,0.5042308238254807,0.0003046151872873299
930,protein_embedding_entity_label_shuffle_plus_exact_degree_ppi_label_shuffle,2,3,703922,0.4964049376329783,0.0003447471830097857
930,protein_embedding_entity_label_shuffle_plus_exact_degree_ppi_label_shuffle,3,4,80411,0.4834918166688073,0.0010248325489715152
930,protein_embedding_entity_label_shuffle_plus_exact_degree_ppi_label_shuffle,4,>4,2314,0.4587611016004403,0.006296447690636025
931,protein_embedding_entity_label_shuffle_plus_exact_degree_ppi_label_shuffle,0,1,12856,0.5003993303819892,0.0025468001601519404
931,protein_embedding_entity_label_shuffle_plus_exact_degree_ppi_label_shuffle,1,2,876154,0.4989465643954361,0.00030976692793194147
931,protein_embedding_entity_label_shuffle_plus_exact_degree_ppi_label_shuffle,2,3,720233,0.5038986748353207,0.0003385044501533118
931,protein_embedding_entity_label_shuffle_plus_exact_degree_ppi_label_shuffle,3,4,83047,0.4843567986024371,0.000984904607179317
931,protein_embedding_entity_label_shuffle_plus_exact_degree_ppi_label_shuffle,4,>4,3271,0.39714269225508114,0.004860401823417335
932,protein_embedding_entity_label_shuffle_plus_exact_degree_ppi_label_shuffle,0,1,12716,0.49567872625148807,0.0025379928796856245
932,protein_embedding_entity_label_shuffle_plus_exact_degree_ppi_label_shuffle,1,2,883438,0.5001722762277194,0.00030581226204581585
932,protein_embedding_entity_label_shuffle_plus_exact_degree_ppi_label_shuffle,2,3,709843,0.4989561109996939,0.0003440156414517279
932,protein_embedding_entity_label_shuffle_plus_exact_degree_ppi_label_shuffle,3,4,88238,0.5073312558182194,0.0009861487385992144
932,protein_embedding_entity_label_shuffle_plus_exact_degree_ppi_label_shuffle,4,>4,3168,0.5386735748986661,0.00526486085264761
933,protein_embedding_entity_label_shuffle_plus_exact_degree_ppi_label_shuffle,0,1,12879,0.5187467838092717,0.0025908122931977873
933,protein_embedding_entity_label_shuffle_plus_exact_degree_ppi_label_shuffle,1,2,919986,0.5064915581973652,0.000301057432574945
933,protein_embedding_entity_label_shuffle_plus_exact_degree_ppi_label_shuffle,2,3,679548,0.49149254571587664,0.0003498181906393527
933,protein_embedding_entity_label_shuffle_plus_exact_degree_ppi_label_shuffle,3,4,74603,0.5046470597198853,0.0010604854495160046
933,protein_embedding_entity_label_shuffle_plus_exact_degree_ppi_label_shuffle,4,>4,4864,0.44742781040294066,0.0041583078952921754
934,protein_embedding_entity_label_shuffle_plus_exact_degree_ppi_label_shuffle,0,1,12866,0.4948414672909683,0.0025748668467066057
934,protein_embedding_entity_label_shuffle_plus_exact_degree_ppi_label_shuffle,1,2,894700,0.49568220114349143,0.00030757539986552446
934,protein_embedding_entity_label_shuffle_plus_exact_degree_ppi_label_shuffle,2,3,715291,0.5045251377756975,0.0003379807663122531
934,protein_embedding_entity_label_shuffle_plus_exact_degree_ppi_label_shuffle,3,4,73312,0.5109460229228573,0.0010443417076505441
934,protein_embedding_entity_label_shuffle_plus_exact_degree_ppi_label_shuffle,4,>4,1234,0.481377060324624,0.007469523262386028
935,protein_embedding_entity_label_shuffle_plus_exact_degree_ppi_label_shuffle,0,1,12790,0.5064273178423394,0.002571670822527425
935,protein_embedding_entity_label_shuffle_plus_exact_degree_ppi_label_shuffle,1,2,888141,0.49911675589964527,0.00030502599273747887
935,protein_embedding_entity_label_shuffle_plus_exact_degree_ppi_label_shuffle,2,3,711178,0.49943800126310667,0.0003433033943907564
935,protein_embedding_entity_label_shuffle_plus_exact_degree_ppi_label_shuffle,3,4,77751,0.5074372124517841,0.0010574799012638943
935,protein_embedding_entity_label_shuffle_plus_exact_degree_ppi_label_shuffle,4,>4,3860,0.5344657850709256,0.004164581666330429
936,protein_embedding_entity_label_shuffle_plus_exact_degree_ppi_label_shuffle,0,1,12854,0.4966924047174071,0.0025393331639316074
936,protein_embedding_entity_label_shuffle_plus_exact_degree_ppi_label_shuffle,1,2,870366,0.49978681503821826,0.0003078408205090317
936,protein_embedding_entity_label_shuffle_plus_exact_degree_ppi_label_shuffle,2,3,727505,0.500857831764164,0.0003404924068839148
936,protein_embedding_entity_label_shuffle_plus_exact_degree_ppi_label_shuffle,3,4,80507,0.4828789613118076,0.0010231195964938002
936,protein_embedding_entity_label_shuffle_plus_exact_degree_ppi_label_shuffle,4,>4,6171,0.47465769581903594,0.0033828284259530303
937,protein_embedding_entity_label_shuffle_plus_exact_degree_ppi_label_shuffle,0,1,12677,0.4853179237414306,0.002484953252662672
937,protein_embedding_entity_label_shuffle_plus_exact_degree_ppi_label_shuffle,1,2,903416,0.4960551175596292,0.0003030278728317645
937,protein_embedding_entity_label_shuffle_plus_exact_degree_ppi_label_shuffle,2,3,695567,0.5049048979929092,0.0003470009813083188
937,protein_embedding_entity_label_shuffle_plus_exact_degree_ppi_label_shuffle,3,4,82626,0.5095324941136093,0.0010078929037854038
937,protein_embedding_entity_label_shuffle_plus_exact_degree_ppi_label_shuffle,4,>4,3117,0.48916032228844747,0.00507264817289578
938,protein_embedding_entity_label_shuffle_plus_exact_degree_ppi_label_shuffle,0,1,12530,0.5062622287513316,0.0026330242260146175
938,protein_embedding_entity_label_shuffle_plus_exact_degree_ppi_label_shuffle,1,2,890560,0.4990534995380937,0.000307129547285099
938,protein_embedding_entity_label_shuffle_plus_exact_degree_ppi_label_shuffle,2,3,709681,0.5011153039634276,0.0003415740507846105
938,protein_embedding_entity_label_shuffle_plus_exact_degree_ppi_label_shuffle,3,4,78077,0.49076150404840807,0.0010129991353136484
938,protein_embedding_entity_label_shuffle_plus_exact_degree_ppi_label_shuffle,4,>4,2872,0.5345719763690385,0.005217994338384825
939,protein_embedding_entity_label_shuffle_plus_exact_degree_ppi_label_shuffle,0,1,12853,0.4803284284568417,0.0025680158247771436
939,protein_embedding_entity_label_shuffle_plus_exact_degree_ppi_label_shuffle,1,2,905217,0.4962192423770127,0.00030386200461351596
939,protein_embedding_entity_label_shuffle_plus_exact_degree_ppi_label_shuffle,2,3,693697,0.5054688752690978,0.00034663790515454415
939,protein_embedding_entity_label_shuffle_plus_exact_degree_ppi_label_shuffle,3,4,77023,0.5117538033403227,0.001019677242350331
939,protein_embedding_entity_label_shuffle_plus_exact_degree_ppi_label_shuffle,4,>4,3090,0.4989881128589565,0.005116812635444717
940,protein_embedding_entity_label_shuffle_plus_exact_degree_ppi_label_shuffle,0,1,12700,0.4973918376796918,0.0025413834123117272
940,protein_embedding_entity_label_shuffle_plus_exact_degree_ppi_label_shuffle,1,2,881068,0.5010791088041153,0.0003070199789289273
940,protein_embedding_entity_label_shuffle_plus_exact_degree_ppi_label_shuffle,2,3,708010,0.4998093156432827,0.00034510549705679656
940,protein_embedding_entity_label_shuffle_plus_exact_degree_ppi_label_shuffle,3,4,88919,0.5005739463827197,0.0009535741338397651
940,protein_embedding_entity_label_shuffle_plus_exact_degree_ppi_label_shuffle,4,>4,6706,0.5050430301574811,0.0031578621611987245
941,protein_embedding_entity_label_shuffle_plus_exact_degree_ppi_label_shuffle,0,1,12625,0.5127458961419511,0.0026555269243901127
941,protein_embedding_entity_label_shuffle_plus_exact_degree_ppi_label_shuffle,1,2,896491,0.5002982035223339,0.000304807536563932
941,protein_embedding_entity_label_shuffle_plus_exact_degree_ppi_label_shuffle,2,3,708838,0.4993978856694367,0.0003421790478840781
941,protein_embedding_entity_label_shuffle_plus_exact_degree_ppi_label_shuffle,3,4,76839,0.49821214161725136,0.0010552413838134302
941,protein_embedding_entity_label_shuffle_plus_exact_degree_ppi_label_shuffle,4,>4,2610,0.6208520801490341,0.006033463333159232
942,protein_embedding_entity_label_shuffle_plus_exact_degree_ppi_label_shuffle,0,1,12755,0.49044909624455624,0.0025384453887580837
942,protein_embedding_entity_label_shuffle_plus_exact_degree_ppi_label_shuffle,1,2,892439,0.5040060269723552,0.0003062801776836067
942,protein_embedding_entity_label_shuffle_plus_exact_degree_ppi_label_shuffle,2,3,693629,0.4974449854133532,0.0003451607196273926
942,protein_embedding_entity_label_shuffle_plus_exact_degree_ppi_label_shuffle,3,4,93474,0.4790191404001305,0.0009440673841677727
942,protein_embedding_entity_label_shuffle_plus_exact_degree_ppi_label_shuffle,4,>4,3264,0.4698755226985572,0.005318889836344736
943,protein_embedding_entity_label_shuffle_plus_exact_degree_ppi_label_shuffle,0,1,12993,0.5276032235761171,0.0025505236986006004
943,protein_embedding_entity_label_shuffle_plus_exact_degree_ppi_label_shuffle,1,2,889976,0.5011823274792239,0.00030801280601967985
943,protein_embedding_entity_label_shuffle_plus_exact_degree_ppi_label_shuffle,2,3,706852,0.4974423894245614,0.00034141094028302543
943,protein_embedding_entity_label_shuffle_plus_exact_degree_ppi_label_shuffle,3,4,78462,0.5036297534926554,0.0010109192370515128
943,protein_embedding_entity_label_shuffle_plus_exact_degree_ppi_label_shuffle,4,>4,7278,0.4686845007860217,0.0034493195532586665
944,protein_embedding_entity_label_shuffle_plus_exact_degree_ppi_label_shuffle,0,1,12625,0.49236220432652733,0.0025277276027433192
944,protein_embedding_entity_label_shuffle_plus_exact_degree_ppi_label_shuffle,1,2,884041,0.5023857625076328,0.00030765654512379984
944,protein_embedding_entity_label_shuffle_plus_exact_degree_ppi_label_shuffle,2,3,718072,0.4996480963019584,0.0003408935997325141
944,protein_embedding_entity_label_shuffle_plus_exact_degree_ppi_label_shuffle,3,4,79405,0.4766795241728924,0.001003839771336134
944,protein_embedding_entity_label_shuffle_plus_exact_degree_ppi_label_shuffle,4,>4,3260,0.48440505350702506,0.004763566833062284
945,protein_embedding_entity_label_shuffle_plus_exact_degree_ppi_label_shuffle,0,1,12988,0.49285349888129865,0.0025164200136488335
945,protein_embedding_entity_label_shuffle_plus_exact_degree_ppi_label_shuffle,1,2,894090,0.494241372030485,0.0003055332987016148
945,protein_embedding_entity_label_shuffle_plus_exact_degree_ppi_label_shuffle,2,3,710980,0.5066708559412969,0.0003425186135090569
945,protein_embedding_entity_label_shuffle_plus_exact_degree_ppi_label_shuffle,3,4,76948,0.5086855599901882,0.001036376908174008
945,protein_embedding_entity_label_shuffle_plus_exact_degree_ppi_label_shuffle,4,>4,2397,0.5312945004528116,0.005388399126870432
946,protein_embedding_entity_label_shuffle_plus_exact_degree_ppi_label_shuffle,0,1,12805,0.47839275599572956,0.002549406021433779
946,protein_embedding_entity_label_shuffle_plus_exact_degree_ppi_label_shuffle,1,2,902473,0.505008025314064,0.00030632401867497624
946,protein_embedding_entity_label_shuffle_plus_exact_degree_ppi_label_shuffle,2,3,712762,0.49616214122400476,0.000339402878752978
946,protein_embedding_entity_label_shuffle_plus_exact_degree_ppi_label_shuffle,3,4,65426,0.48946557655906886,0.0010984812275731646
946,protein_embedding_entity_label_shuffle_plus_exact_degree_ppi_label_shuffle,4,>4,2095,0.5059363713330712,0.005599066159464776
947,protein_embedding_entity_label_shuffle_plus_exact_degree_ppi_label_shuffle,0,1,12715,0.49858297367188603,0.0025635437408390908
947,protein_embedding_entity_label_shuffle_plus_exact_degree_ppi_label_shuffle,1,2,875334,0.5013935642876904,0.00030948616149586896
947,protein_embedding_entity_label_shuffle_plus_exact_degree_ppi_label_shuffle,2,3,713583,0.5016445631625251,0.00034171500926446537
947,protein_embedding_entity_label_shuffle_plus_exact_degree_ppi_label_shuffle,3,4,87932,0.4804323080096499,0.0009468358709329447
947,protein_embedding_entity_label_shuffle_plus_exact_degree_ppi_label_shuffle,4,>4,5997,0.3607539659003488,0.003318137109351453
948,protein_embedding_entity_label_shuffle_plus_exact_degree_ppi_label_shuffle,0,1,12856,0.4898067618404693,0.002520127605006373
948,protein_embedding_entity_label_shuffle_plus_exact_degree_ppi_label_shuffle,1,2,912129,0.5002422384905254,0.000303753131812046
948,protein_embedding_entity_label_shuffle_plus_exact_degree_ppi_label_shuffle,2,3,691550,0.49946105118978223,0.00034511475974439683
948,protein_embedding_entity_label_shuffle_plus_exact_degree_ppi_label_shuffle,3,4,76216,0.4862418799856347,0.0010229781219287088
948,protein_embedding_entity_label_shuffle_plus_exact_degree_ppi_label_shuffle,4,>4,4652,0.4282353713356968,0.004060615264944696
949,protein_embedding_entity_label_shuffle_plus_exact_degree_ppi_label_shuffle,0,1,12659,0.5135934979873329,0.002572099838730257
949,protein_embedding_entity_label_shuffle_plus_exact_degree_ppi_label_shuffle,1,2,889560,0.501351883354328,0.0003080034750712748
949,protein_embedding_entity_label_shuffle_plus_exact_degree_ppi_label_shuffle,2,3,700404,0.5001217167096187,0.00034317093924643216
949,protein_embedding_entity_label_shuffle_plus_exact_degree_ppi_label_shuffle,3,4,86400,0.49894203235631845,0.0009642626156757963
949,protein_embedding_entity_label_shuffle_plus_exact_degree_ppi_label_shuffle,4,>4,4697,0.45943481655822,0.004226772141109369
950,protein_embedding_entity_label_shuffle_plus_exact_degree_ppi_label_shuffle,0,1,12924,0.49589154560703913,0.002479013691434913
950,protein_embedding_entity_label_shuffle_plus_exact_degree_ppi_label_shuffle,1,2,895439,0.4989846993727699,0.0003047686383193494
950,protein_embedding_entity_label_shuffle_plus_exact_degree_ppi_label_shuffle,2,3,711183,0.49791895542880943,0.00034198718792080807
950,protein_embedding_entity_label_shuffle_plus_exact_degree_ppi_label_shuffle,3,4,72511,0.5195377940997571,0.001082801233207817
950,protein_embedding_entity_label_shuffle_plus_exact_degree_ppi_label_shuffle,4,>4,3504,0.46471011143310686,0.005265938269679017
951,protein_embedding_entity_label_shuffle_plus_exact_degree_ppi_label_shuffle,0,1,13040,0.510276537347818,0.002507890721978943
951,protein_embedding_entity_label_shuffle_plus_exact_degree_ppi_label_shuffle,1,2,863599,0.4936776762048163,0.0003096873267949925
951,protein_embedding_entity_label_shuffle_plus_exact_degree_ppi_label_shuffle,2,3,729427,0.5064006936090518,0.00033937407607164354
951,protein_embedding_entity_label_shuffle_plus_exact_degree_ppi_label_shuffle,3,4,83382,0.519554548168517,0.0009957476281010752
951,protein_embedding_entity_label_shuffle_plus_exact_degree_ppi_label_shuffle,4,>4,2432,0.5245999807603721,0.005688239315473362
952,protein_embedding_entity_label_shuffle_plus_exact_degree_ppi_label_shuffle,0,1,13056,0.49698790247617997,0.0025275335315841723
952,protein_embedding_entity_label_shuffle_plus_exact_degree_ppi_label_shuffle,1,2,856810,0.49619378483233256,0.0003120901929129883
952,protein_embedding_entity_label_shuffle_plus_exact_degree_ppi_label_shuffle,2,3,741805,0.5030801488438166,0.0003352946980509137
952,protein_embedding_entity_label_shuffle_plus_exact_degree_ppi_label_shuffle,3,4,80182,0.5157980771987131,0.0010070148089890785
952,protein_embedding_entity_label_shuffle_plus_exact_degree_ppi_label_shuffle,4,>4,5550,0.5136309928064893,0.003868832405582809
953,protein_embedding_entity_label_shuffle_plus_exact_degree_ppi_label_shuffle,0,1,12865,0.49976265702644246,0.002507399346640266
953,protein_embedding_entity_label_shuffle_plus_exact_degree_ppi_label_shuffle,1,2,892899,0.4907700439599292,0.0003052319134777056
953,protein_embedding_entity_label_shuffle_plus_exact_degree_ppi_label_shuffle,2,3,709093,0.5126435156098732,0.00034329375303453273
953,protein_embedding_entity_label_shuffle_plus_exact_degree_ppi_label_shuffle,3,4,76654,0.4997624409354544,0.0010356760023746616
953,protein_embedding_entity_label_shuffle_plus_exact_degree_ppi_label_shuffle,4,>4,4050,0.41668386563411663,0.004402792851890094
954,protein_embedding_entity_label_shuffle_plus_exact_degree_ppi_label_shuffle,0,1,12800,0.5063502179207143,0.0026020024998853826
954,protein_embedding_entity_label_shuffle_plus_exact_degree_ppi_label_shuffle,1,2,880406,0.5035237608401433,0.00030967094125742666
954,protein_embedding_entity_label_shuffle_plus_exact_degree_ppi_label_shuffle,2,3,710925,0.49696095772598636,0.00034054336929671263
954,protein_embedding_entity_label_shuffle_plus_exact_degree_ppi_label_shuffle,3,4,88561,0.4850201118219112,0.0009426507557152814
954,protein_embedding_entity_label_shuffle_plus_exact_degree_ppi_label_shuffle,4,>4,2869,0.4929891878929143,0.00512434725794858
955,protein_embedding_entity_label_shuffle_plus_exact_degree_ppi_label_shuffle,0,1,12702,0.4840284394555747,0.002536216943094297
955,protein_embedding_entity_label_shuffle_plus_exact_degree_ppi_label_shuffle,1,2,865823,0.5013034723603218,0.0003108503090373077
955,protein_embedding_entity_label_shuffle_plus_exact_degree_ppi_label_shuffle,2,3,732022,0.49994973206068277,0.0003360135481082277
955,protein_embedding_entity_label_shuffle_plus_exact_degree_ppi_label_shuffle,3,4,80840,0.4940004629193596,0.0010177107195248124
955,protein_embedding_entity_label_shuffle_plus_exact_degree_ppi_label_shuffle,4,>4,2333,0.45261376595668806,0.005842844222405574
956,protein_embedding_entity_label_shuffle_plus_exact_degree_ppi_label_shuffle,0,1,12925,0.5139736326462016,0.0025463076332716307
956,protein_embedding_entity_label_shuffle_plus_exact_degree_ppi_label_shuffle,1,2,921112,0.4998699775242228,0.00030022906569949484
956,protein_embedding_entity_label_shuffle_plus_exact_degree_ppi_label_shuffle,2,3,675696,0.5017799651821762,0.00035244984869136687
956,protein_embedding_entity_label_shuffle_plus_exact_degree_ppi_label_shuffle,3,4,84112,0.4905235533800392,0.0009947452291714865
956,protein_embedding_entity_label_shuffle_plus_exact_degree_ppi_label_shuffle,4,>4,3558,0.4895228769764635,0.004644770125975972
957,protein_embedding_entity_label_shuffle_plus_exact_degree_ppi_label_shuffle,0,1,12633,0.49140796926743535,0.002574097666804678
957,protein_embedding_entity_label_shuffle_plus_exact_degree_ppi_label_shuffle,1,2,866575,0.49836304081042365,0.00031024407272026524
957,protein_embedding_entity_label_shuffle_plus_exact_degree_ppi_label_shuffle,2,3,726750,0.5010018418834231,0.00033737113911535405
957,protein_embedding_entity_label_shuffle_plus_exact_degree_ppi_label_shuffle,3,4,88318,0.5095478159535117,0.000989235611612078
957,protein_embedding_entity_label_shuffle_plus_exact_degree_ppi_label_shuffle,4,>4,3127,0.5458805363469893,0.005527185492180177
958,protein_embedding_entity_label_shuffle_plus_exact_degree_ppi_label_shuffle,0,1,12761,0.4847934052666068,0.0025196627580102607
958,protein_embedding_entity_label_shuffle_plus_exact_degree_ppi_label_shuffle,1,2,894757,0.4966908884621715,0.0003036930630644447
958,protein_embedding_entity_label_shuffle_plus_exact_degree_ppi_label_shuffle,2,3,702020,0.5010670564310453,0.0003454093882452742
958,protein_embedding_entity_label_shuffle_plus_exact_degree_ppi_label_shuffle,3,4,80228,0.5297549122819184,0.0010457908972085245
958,protein_embedding_entity_label_shuffle_plus_exact_degree_ppi_label_shuffle,4,>4,3954,0.5461654016315443,0.004842198432889173
959,protein_embedding_entity_label_shuffle_plus_exact_degree_ppi_label_shuffle,0,1,12710,0.5133916917166571,0.002609017123350285
959,protein_embedding_entity_label_shuffle_plus_exact_degree_ppi_label_shuffle,1,2,903866,0.5016801513043965,0.0003046683122045234
959,protein_embedding_entity_label_shuffle_plus_exact_degree_ppi_label_shuffle,2,3,688001,0.500147742388218,0.00034734838533904456
959,protein_embedding_entity_label_shuffle_plus_exact_degree_ppi_label_shuffle,3,4,86210,0.4976893690580692,0.0009578875289712987
959,protein_embedding_entity_label_shuffle_plus_exact_degree_ppi_label_shuffle,4,>4,4774,0.452672089529961,0.0040885552925726525
960,protein_embedding_entity_label_shuffle_plus_exact_degree_ppi_label_shuffle,0,1,12812,0.5086935213994044,0.0025564552676409394
960,protein_embedding_entity_label_shuffle_plus_exact_degree_ppi_label_shuffle,1,2,882593,0.49942154225994795,0.00030553444731075267
960,protein_embedding_entity_label_shuffle_plus_exact_degree_ppi_label_shuffle,2,3,717603,0.4992610317222329,0.0003418686546112125
960,protein_embedding_entity_label_shuffle_plus_exact_degree_ppi_label_shuffle,3,4,80677,0.4992113586046118,0.0010435662444995871
960,protein_embedding_entity_label_shuffle_plus_exact_degree_ppi_label_shuffle,4,>4,1876,0.5020211128232975,0.006715280782570504
961,protein_embedding_entity_label_shuffle_plus_exact_degree_ppi_label_shuffle,0,1,12653,0.5037573659808978,0.002599966166926484
961,protein_embedding_entity_label_shuffle_plus_exact_degree_ppi_label_shuffle,1,2,883764,0.5074528048782054,0.0003073063488798214
961,protein_embedding_entity_label_shuffle_plus_exact_degree_ppi_label_shuffle,2,3,718311,0.49304423317512713,0.00033963055366115555
961,protein_embedding_entity_label_shuffle_plus_exact_degree_ppi_label_shuffle,3,4,78691,0.4743440947715199,0.0010304245209909533
961,protein_embedding_entity_label_shuffle_plus_exact_degree_ppi_label_shuffle,4,>4,2142,0.44436497858531665,0.006225436082132122
962,protein_embedding_entity_label_shuffle_plus_exact_degree_ppi_label_shuffle,0,1,12694,0.48911315889104595,0.002540699218283891
962,protein_embedding_entity_label_shuffle_plus_exact_degree_ppi_label_shuffle,1,2,890694,0.4918182665639698,0.00030562846790102794
962,protein_embedding_entity_label_shuffle_plus_exact_degree_ppi_label_shuffle,2,3,712452,0.5086231877228312,0.0003417795743427795
962,protein_embedding_entity_label_shuffle_plus_exact_degree_ppi_label_shuffle,3,4,73959,0.5137386792172177,0.0010652650843125631
962,protein_embedding_entity_label_shuffle_plus_exact_degree_ppi_label_shuffle,4,>4,3921,0.42996991268626117,0.0046217904387728355
963,protein_embedding_entity_label_shuffle_plus_exact_degree_ppi_label_shuffle,0,1,12716,0.49679798550882726,0.0025775563557693423
963,protein_embedding_entity_label_shuffle_plus_exact_degree_ppi_label_shuffle,1,2,902250,0.5016635894545011,0.0003047999816891274
963,protein_embedding_entity_label_shuffle_plus_exact_degree_ppi_label_shuffle,2,3,700156,0.500199148446405,0.0003440495181414935
963,protein_embedding_entity_label_shuffle_plus_exact_degree_ppi_label_shuffle,3,4,74498,0.5028053793637474,0.0010479856961428588
963,protein_embedding_entity_label_shuffle_plus_exact_degree_ppi_label_shuffle,4,>4,4100,0.4333698491877581,0.004291424407527872
964,protein_embedding_entity_label_shuffle_plus_exact_degree_ppi_label_shuffle,0,1,12750,0.49704435772904054,0.0025764221768355064
964,protein_embedding_entity_label_shuffle_plus_exact_degree_ppi_label_shuffle,1,2,900572,0.4939305803043218,0.00030539131928614897
964,protein_embedding_entity_label_shuffle_plus_exact_degree_ppi_label_shuffle,2,3,703270,0.5052570247346286,0.00034209133639733245
964,protein_embedding_entity_label_shuffle_plus_exact_degree_ppi_label_shuffle,3,4,78576,0.5242513877827789,0.001027268008093425
964,protein_embedding_entity_label_shuffle_plus_exact_degree_ppi_label_shuffle,4,>4,2235,0.5458706748544147,0.005888217240249102
965,protein_embedding_entity_label_shuffle_plus_exact_degree_ppi_label_shuffle,0,1,12865,0.48532700844866894,0.002547630356685924
965,protein_embedding_entity_label_shuffle_plus_exact_degree_ppi_label_shuffle,1,2,902218,0.5007277841838415,0.00030355437179427374
965,protein_embedding_entity_label_shuffle_plus_exact_degree_ppi_label_shuffle,2,3,699396,0.5008289131250404,0.0003465182019982895
965,protein_embedding_entity_label_shuffle_plus_exact_degree_ppi_label_shuffle,3,4,77847,0.4914005108643918,0.0010182759241145036
965,protein_embedding_entity_label_shuffle_plus_exact_degree_ppi_label_shuffle,4,>4,3235,0.541506797971677,0.004695610678056171
966,protein_embedding_entity_label_shuffle_plus_exact_degree_ppi_label_shuffle,0,1,12634,0.5004006385351903,0.0025878718065681966
966,protein_embedding_entity_label_shuffle_plus_exact_degree_ppi_label_shuffle,1,2,904881,0.49560412869581355,0.0003020515325668291
966,protein_embedding_entity_label_shuffle_plus_exact_degree_ppi_label_shuffle,2,3,689128,0.5046170676690785,0.0003504721391005929
966,protein_embedding_entity_label_shuffle_plus_exact_degree_ppi_label_shuffle,3,4,87203,0.5154119279321128,0.0009687293668391737
966,protein_embedding_entity_label_shuffle_plus_exact_degree_ppi_label_shuffle,4,>4,3557,0.5379653747560775,0.004561392410005141
967,protein_embedding_entity_label_shuffle_plus_exact_degree_ppi_label_shuffle,0,1,12754,0.49854901720179823,0.0025743323832829856
967,protein_embedding_entity_label_shuffle_plus_exact_degree_ppi_label_shuffle,1,2,914684,0.4971019206743319,0.0003023988217023549
967,protein_embedding_entity_label_shuffle_plus_exact_degree_ppi_label_shuffle,2,3,690261,0.5027722741241154,0.00034661223243023564
967,protein_embedding_entity_label_shuffle_plus_exact_degree_ppi_label_shuffle,3,4,73649,0.5097858846608303,0.0010519470847740596
967,protein_embedding_entity_label_shuffle_plus_exact_degree_ppi_label_shuffle,4,>4,2372,0.48958101566239337,0.005746438259508984
968,protein_embedding_entity_label_shuffle_plus_exact_degree_ppi_label_shuffle,0,1,12697,0.49421404478314684,0.0025418149160997246
968,protein_embedding_entity_label_shuffle_plus_exact_degree_ppi_label_shuffle,1,2,905376,0.49954488294366184,0.0003041701253983763
968,protein_embedding_entity_label_shuffle_plus_exact_degree_ppi_label_shuffle,2,3,689127,0.501521879634468,0.00034749136811463167
968,protein_embedding_entity_label_shuffle_plus_exact_degree_ppi_label_shuffle,3,4,80326,0.5016252470435945,0.0010074624832861379
968,protein_embedding_entity_label_shuffle_plus_exact_degree_ppi_label_shuffle,4,>4,6194,0.4926669601478935,0.003225385273864549
969,protein_embedding_entity_label_shuffle_plus_exact_degree_ppi_label_shuffle,0,1,12828,0.49485256399079125,0.002524636403246956
969,protein_embedding_entity_label_shuffle_plus_exact_degree_ppi_label_shuffle,1,2,912893,0.49681170573751554,0.0003021768649752342
969,protein_embedding_entity_label_shuffle_plus_exact_degree_ppi_label_shuffle,2,3,696053,0.5028401309136726,0.00034626312455727235
969,protein_embedding_entity_label_shuffle_plus_exact_degree_ppi_label_shuffle,3,4,73718,0.49966194864176255,0.0010542067754907077
969,protein_embedding_entity_label_shuffle_plus_exact_degree_ppi_label_shuffle,4,>4,1911,0.5252143114147273,0.00649149774618527
970,protein_embedding_entity_label_shuffle_plus_exact_degree_ppi_label_shuffle,0,1,12709,0.5097318072392573,0.0025461034857767297
970,protein_embedding_entity_label_shuffle_plus_exact_degree_ppi_label_shuffle,1,2,851142,0.5098730134954526,0.00031435834229451417
970,protein_embedding_entity_label_shuffle_plus_exact_degree_ppi_label_shuffle,2,3,736426,0.49105352128925384,0.00033480966531104723
970,protein_embedding_entity_label_shuffle_plus_exact_degree_ppi_label_shuffle,3,4,91499,0.4811725526565695,0.0009433349344530993
970,protein_embedding_entity_label_shuffle_plus_exact_degree_ppi_label_shuffle,4,>4,3785,0.5022976447631309,0.0046791787633696826
971,protein_embedding_entity_label_shuffle_plus_exact_degree_ppi_label_shuffle,0,1,12991,0.4895704725746295,0.002543017724553718
971,protein_embedding_entity_label_shuffle_plus_exact_degree_ppi_label_shuffle,1,2,899419,0.4987388193986756,0.00030518052328450937
971,protein_embedding_entity_label_shuffle_plus_exact_degree_ppi_label_shuffle,2,3,697830,0.501740370919516,0.00034496629760429596
971,protein_embedding_entity_label_shuffle_plus_exact_degree_ppi_label_shuffle,3,4,79232,0.5038032792188527,0.0010201038598017483
971,protein_embedding_entity_label_shuffle_plus_exact_degree_ppi_label_shuffle,4,>4,6089,0.5708777529754573,0.003638708029255975
972,protein_embedding_entity_label_shuffle_plus_exact_degree_ppi_label_shuffle,0,1,12788,0.49464919010203845,0.0025870277081062763
972,protein_embedding_entity_label_shuffle_plus_exact_degree_ppi_label_shuffle,1,2,861964,0.5021002873459799,0.000311934620641629
972,protein_embedding_entity_label_shuffle_plus_exact_degree_ppi_label_shuffle,2,3,729030,0.500715075195176,0.00033740951636867226
972,protein_embedding_entity_label_shuffle_plus_exact_degree_ppi_label_shuffle,3,4,85813,0.48159160411533136,0.0009734849701408011
972,protein_embedding_entity_label_shuffle_plus_exact_degree_ppi_label_shuffle,4,>4,5966,0.5161935275041519,0.003616672301166666
973,protein_embedding_entity_label_shuffle_plus_exact_degree_ppi_label_shuffle,0,1,12758,0.48981300451008486,0.002547141249432407
973,protein_embedding_entity_label_shuffle_plus_exact_degree_ppi_label_shuffle,1,2,892754,0.49965800571319896,0.00030500821440510414
973,protein_embedding_entity_label_shuffle_plus_exact_degree_ppi_label_shuffle,2,3,705940,0.49979691017142824,0.0003442619552849718
973,protein_embedding_entity_label_shuffle_plus_exact_degree_ppi_label_shuffle,3,4,77939,0.4952031738893463,0.0010323477424628107
973,protein_embedding_entity_label_shuffle_plus_exact_degree_ppi_label_shuffle,4,>4,4329,0.5347647889603454,0.004214455179726132
974,protein_embedding_entity_label_shuffle_plus_exact_degree_ppi_label_shuffle,0,1,12952,0.4989589271837686,0.0025675414290307224
974,protein_embedding_entity_label_shuffle_plus_exact_degree_ppi_label_shuffle,1,2,885404,0.49968048209856114,0.0003057367269955566
974,protein_embedding_entity_label_shuffle_plus_exact_degree_ppi_label_shuffle,2,3,702033,0.5043924479197446,0.00034558194175082356
974,protein_embedding_entity_label_shuffle_plus_exact_degree_ppi_label_shuffle,3,4,91869,0.47303590301838927,0.0009469749763310933
974,protein_embedding_entity_label_shuffle_plus_exact_degree_ppi_label_shuffle,4,>4,5145,0.39649686612414853,0.0038626482697957758
975,protein_embedding_entity_label_shuffle_plus_exact_degree_ppi_label_shuffle,0,1,12843,0.5021287988072815,0.002505188246343057
975,protein_embedding_entity_label_shuffle_plus_exact_degree_ppi_label_shuffle,1,2,899261,0.4997017360740911,0.0003030884086709489
975,protein_embedding_entity_label_shuffle_plus_exact_degree_ppi_label_shuffle,2,3,695151,0.5033916852624958,0.00034852568540432523
975,protein_embedding_entity_label_shuffle_plus_exact_degree_ppi_label_shuffle,3,4,79880,0.4828070312657786,0.0010156901271533125
975,protein_embedding_entity_label_shuffle_plus_exact_degree_ppi_label_shuffle,4,>4,2907,0.4741624502439491,0.005134212186380808
976,protein_embedding_entity_label_shuffle_plus_exact_degree_ppi_label_shuffle,0,1,12777,0.5195434748723052,0.0025992875519253037
976,protein_embedding_entity_label_shuffle_plus_exact_degree_ppi_label_shuffle,1,2,884505,0.49575331111169046,0.00030638142537961884
976,protein_embedding_entity_label_shuffle_plus_exact_degree_ppi_label_shuffle,2,3,711620,0.503860811237758,0.00034254888408845476
976,protein_embedding_entity_label_shuffle_plus_exact_degree_ppi_label_shuffle,3,4,81701,0.5076246332505951,0.0009922374350476108
976,protein_embedding_entity_label_shuffle_plus_exact_degree_ppi_label_shuffle,4,>4,4958,0.48665626280948915,0.004141005382456186
977,protein_embedding_entity_label_shuffle_plus_exact_degree_ppi_label_shuffle,0,1,12619,0.5151651908901588,0.002542934134605374
977,protein_embedding_entity_label_shuffle_plus_exact_degree_ppi_label_shuffle,1,2,880949,0.5000626323243256,0.0003059180623764114
977,protein_embedding_entity_label_shuffle_plus_exact_degree_ppi_label_shuffle,2,3,718125,0.49739661744983765,0.00034221193078442407
977,protein_embedding_entity_label_shuffle_plus_exact_degree_ppi_label_shuffle,3,4,81651,0.5053364382445866,0.0010271379342883344
977,protein_embedding_entity_label_shuffle_plus_exact_degree_ppi_label_shuffle,4,>4,2217,0.5385037486146178,0.006093941473576269
978,protein_embedding_entity_label_shuffle_plus_exact_degree_ppi_label_shuffle,0,1,12672,0.48972718863329934,0.0025675424672717095
978,protein_embedding_entity_label_shuffle_plus_exact_degree_ppi_label_shuffle,1,2,881261,0.49619259728454645,0.0003071704480048015
978,protein_embedding_entity_label_shuffle_plus_exact_degree_ppi_label_shuffle,2,3,713374,0.5027843975213593,0.0003416510444545155
978,protein_embedding_entity_label_shuffle_plus_exact_degree_ppi_label_shuffle,3,4,85686,0.5062520120143383,0.000999141654558991
978,protein_embedding_entity_label_shuffle_plus_exact_degree_ppi_label_shuffle,4,>4,2568,0.5117630323702015,0.005767141796469041
979,protein_embedding_entity_label_shuffle_plus_exact_degree_ppi_label_shuffle,0,1,13087,0.5040775966064444,0.0025340389157197814
979,protein_embedding_entity_label_shuffle_plus_exact_degree_ppi_label_shuffle,1,2,890714,0.49887241993199005,0.0003066548683040007
979,protein_embedding_entity_label_shuffle_plus_exact_degree_ppi_label_shuffle,2,3,699189,0.5017537536465588,0.0003442554035419079
979,protein_embedding_entity_label_shuffle_plus_exact_degree_ppi_label_shuffle,3,4,87169,0.5048370027803991,0.0009742614801331286
979,protein_embedding_entity_label_shuffle_plus_exact_degree_ppi_label_shuffle,4,>4,3561,0.5110747154783569,0.004701015289343714
980,protein_embedding_entity_label_shuffle_plus_exact_degree_ppi_label_shuffle,0,1,12642,0.527478336833493,0.002579031084502925
980,protein_embedding_entity_label_shuffle_plus_exact_degree_ppi_label_shuffle,1,2,865511,0.5016996038981004,0.00031170076863052277
980,protein_embedding_entity_label_shuffle_plus_exact_degree_ppi_label_shuffle,2,3,732982,0.49852320374693954,0.00033551579076910893
980,protein_embedding_entity_label_shuffle_plus_exact_degree_ppi_label_shuffle,3,4,76713,0.497589369702823,0.0010370662074925053
980,protein_embedding_entity_label_shuffle_plus_exact_degree_ppi_label_shuffle,4,>4,5872,0.5002559719279855,0.003883014263818555
981,protein_embedding_entity_label_shuffle_plus_exact_degree_ppi_label_shuffle,0,1,12822,0.5037772685835441,0.0025443292029155005
981,protein_embedding_entity_label_shuffle_plus_exact_degree_ppi_label_shuffle,1,2,871492,0.49500671163206744,0.0003076271384603409
981,protein_embedding_entity_label_shuffle_plus_exact_degree_ppi_label_shuffle,2,3,715729,0.504868390183791,0.000342834862372114
981,protein_embedding_entity_label_shuffle_plus_exact_degree_ppi_label_shuffle,3,4,89116,0.5162724077275653,0.0009774713290765348
981,protein_embedding_entity_label_shuffle_plus_exact_degree_ppi_label_shuffle,4,>4,6402,0.46829010289129025,0.003603754342897518
982,protein_embedding_entity_label_shuffle_plus_exact_degree_ppi_label_shuffle,0,1,12858,0.4900099457961191,0.002491861930623531
982,protein_embedding_entity_label_shuffle_plus_exact_degree_ppi_label_shuffle,1,2,902476,0.4959529828297179,0.00030357771969057306
982,protein_embedding_entity_label_shuffle_plus_exact_degree_ppi_label_shuffle,2,3,702773,0.5009131236644481,0.00034502800156032727
982,protein_embedding_entity_label_shuffle_plus_exact_degree_ppi_label_shuffle,3,4,70779,0.530889126117843,0.001084939420483194
982,protein_embedding_entity_label_shuffle_plus_exact_degree_ppi_label_shuffle,4,>4,6675,0.5387854125621148,0.003450051314221136
983,protein_embedding_entity_label_shuffle_plus_exact_degree_ppi_label_shuffle,0,1,12968,0.4973543480564401,0.0025172614072945148
983,protein_embedding_entity_label_shuffle_plus_exact_degree_ppi_label_shuffle,1,2,883638,0.5043452151169603,0.00030931690482641547
983,protein_embedding_entity_label_shuffle_plus_exact_degree_ppi_label_shuffle,2,3,706470,0.494678013569549,0.0003397676521250165
983,protein_embedding_entity_label_shuffle_plus_exact_degree_ppi_label_shuffle,3,4,80969,0.4902260950465178,0.0010218510600486983
983,protein_embedding_entity_label_shuffle_plus_exact_degree_ppi_label_shuffle,4,>4,5997,0.5370892833463423,0.004089894647955454
984,protein_embedding_entity_label_shuffle_plus_exact_degree_ppi_label_shuffle,0,1,12840,0.49854740093650723,0.0024989311582854813
984,protein_embedding_entity_label_shuffle_plus_exact_degree_ppi_label_shuffle,1,2,898501,0.5033726073006626,0.0003033712371364086
984,protein_embedding_entity_label_shuffle_plus_exact_degree_ppi_label_shuffle,2,3,698153,0.49637632800153814,0.00034610594470931195
984,protein_embedding_entity_label_shuffle_plus_exact_degree_ppi_label_shuffle,3,4,84305,0.4902568678957832,0.0010110759050629416
984,protein_embedding_entity_label_shuffle_plus_exact_degree_ppi_label_shuffle,4,>4,3604,0.6494603635371979,0.005452738361711821
985,protein_embedding_entity_label_shuffle_plus_exact_degree_ppi_label_shuffle,0,1,12853,0.5088213684737517,0.0025773075782691106
985,protein_embedding_entity_label_shuffle_plus_exact_degree_ppi_label_shuffle,1,2,890707,0.502079876492513,0.0003066138577587825
985,protein_embedding_entity_label_shuffle_plus_exact_degree_ppi_label_shuffle,2,3,701320,0.49854874447872977,0.0003441191084921725
985,protein_embedding_entity_label_shuffle_plus_exact_degree_ppi_label_shuffle,3,4,83936,0.4946858703623346,0.0009911591440200159
985,protein_embedding_entity_label_shuffle_plus_exact_degree_ppi_label_shuffle,4,>4,8587,0.5120481239335166,0.0029523835618169634
986,protein_embedding_entity_label_shuffle_plus_exact_degree_ppi_label_shuffle,0,1,12791,0.47064437637813533,0.002521777686224252
986,protein_embedding_entity_label_shuffle_plus_exact_degree_ppi_label_shuffle,1,2,866778,0.4964121901754705,0.0003088082704616672
986,protein_embedding_entity_label_shuffle_plus_exact_degree_ppi_label_shuffle,2,3,727183,0.5053174788472441,0.00034024873072771626
986,protein_embedding_entity_label_shuffle_plus_exact_degree_ppi_label_shuffle,3,4,84935,0.5114595734547137,0.0009854408586136194
986,protein_embedding_entity_label_shuffle_plus_exact_degree_ppi_label_shuffle,4,>4,3874,0.5149224434600043,0.004445265631038583
987,protein_embedding_entity_label_shuffle_plus_exact_degree_ppi_label_shuffle,0,1,12888,0.47577876692728077,0.002492971840396656
987,protein_embedding_entity_label_shuffle_plus_exact_degree_ppi_label_shuffle,1,2,871774,0.49143539863040353,0.00030747975020046283
987,protein_embedding_entity_label_shuffle_plus_exact_degree_ppi_label_shuffle,2,3,716334,0.5075857634074397,0.0003410456196725615
987,protein_embedding_entity_label_shuffle_plus_exact_degree_ppi_label_shuffle,3,4,89261,0.5129168746146838,0.0009808621702103305
987,protein_embedding_entity_label_shuffle_plus_exact_degree_ppi_label_shuffle,4,>4,7146,0.4124376875034459,0.0034436342107725
988,protein_embedding_entity_label_shuffle_plus_exact_degree_ppi_label_shuffle,0,1,12848,0.49665509803841146,0.002542262033096778
988,protein_embedding_entity_label_shuffle_plus_exact_degree_ppi_label_shuffle,1,2,869911,0.4937815045219342,0.00030908211350159985
988,protein_embedding_entity_label_shuffle_plus_exact_degree_ppi_label_shuffle,2,3,726805,0.5067191502184176,0.00033944258238661996
988,protein_embedding_entity_label_shuffle_plus_exact_degree_ppi_label_shuffle,3,4,84264,0.5060320358526588,0.0009946217477912107
988,protein_embedding_entity_label_shuffle_plus_exact_degree_ppi_label_shuffle,4,>4,3575,0.47201589840273045,0.00455749979675804
989,protein_embedding_entity_label_shuffle_plus_exact_degree_ppi_label_shuffle,0,1,12634,0.5273177690283686,0.0026050671781977057
989,protein_embedding_entity_label_shuffle_plus_exact_degree_ppi_label_shuffle,1,2,910192,0.5063829999587107,0.0003031340714383693
989,protein_embedding_entity_label_shuffle_plus_exact_degree_ppi_label_shuffle,2,3,695195,0.4895646949926843,0.00034482342201062834
989,protein_embedding_entity_label_shuffle_plus_exact_degree_ppi_label_shuffle,3,4,73523,0.4873446670944836,0.00105434761770957
989,protein_embedding_entity_label_shuffle_plus_exact_degree_ppi_label_shuffle,4,>4,2176,0.6138750650082607,0.006067546911288825
990,protein_embedding_entity_label_shuffle_plus_exact_degree_ppi_label_shuffle,0,1,13007,0.4740717619436515,0.002520825418972598
990,protein_embedding_entity_label_shuffle_plus_exact_degree_ppi_label_shuffle,1,2,895799,0.4971052781194919,0.00030477975945547467
990,protein_embedding_entity_label_shuffle_plus_exact_degree_ppi_label_shuffle,2,3,698671,0.5048746768371067,0.0003450535731058939
990,protein_embedding_entity_label_shuffle_plus_exact_degree_ppi_label_shuffle,3,4,84945,0.49972852698420495,0.00100030825061571
990,protein_embedding_entity_label_shuffle_plus_exact_degree_ppi_label_shuffle,4,>4,4981,0.5046037318886549,0.0043162216082149145
991,protein_embedding_entity_label_shuffle_plus_exact_degree_ppi_label_shuffle,0,1,13096,0.4960405869480016,0.0024900644818278716
991,protein_embedding_entity_label_shuffle_plus_exact_degree_ppi_label_shuffle,1,2,905164,0.5032936211453306,0.00030504760268689125
991,protein_embedding_entity_label_shuffle_plus_exact_degree_ppi_label_shuffle,2,3,696688,0.4968329171396918,0.0003435990497235779
991,protein_embedding_entity_label_shuffle_plus_exact_degree_ppi_label_shuffle,3,4,78047,0.5032970502578796,0.0010334567980799468
991,protein_embedding_entity_label_shuffle_plus_exact_degree_ppi_label_shuffle,4,>4,4408,0.4561042026469853,0.004510413336983918
992,protein_embedding_entity_label_shuffle_plus_exact_degree_ppi_label_shuffle,0,1,12768,0.5081420151623061,0.0025987898212068063
992,protein_embedding_entity_label_shuffle_plus_exact_degree_ppi_label_shuffle,1,2,880759,0.4941258596389686,0.00030724592119139177
992,protein_embedding_entity_label_shuffle_plus_exact_degree_ppi_label_shuffle,2,3,722450,0.5086927689272449,0.00033985974838421454
992,protein_embedding_entity_label_shuffle_plus_exact_degree_ppi_label_shuffle,3,4,78168,0.49463673370661754,0.001031945225338908
992,protein_embedding_entity_label_shuffle_plus_exact_degree_ppi_label_shuffle,4,>4,3258,0.37826368707724295,0.004710161037023864
993,protein_embedding_entity_label_shuffle_plus_exact_degree_ppi_label_shuffle,0,1,12878,0.5025575968717114,0.0025028381531682097
993,protein_embedding_entity_label_shuffle_plus_exact_degree_ppi_label_shuffle,1,2,883424,0.5013069015677559,0.00030591147219096316
993,protein_embedding_entity_label_shuffle_plus_exact_degree_ppi_label_shuffle,2,3,716247,0.4969639771255065,0.00034218156722307287
993,protein_embedding_entity_label_shuffle_plus_exact_degree_ppi_label_shuffle,3,4,82071,0.5073157734700283,0.0010209752598241703
993,protein_embedding_entity_label_shuffle_plus_exact_degree_ppi_label_shuffle,4,>4,2783,0.5217351845814168,0.00572297313173775
994,protein_embedding_entity_label_shuffle_plus_exact_degree_ppi_label_shuffle,0,1,12629,0.5142693662223246,0.0025873470831990885
994,protein_embedding_entity_label_shuffle_plus_exact_degree_ppi_label_shuffle,1,2,876316,0.5047485767437471,0.0003079896326855524
994,protein_embedding_entity_label_shuffle_plus_exact_degree_ppi_label_shuffle,2,3,730652,0.49616364363103393,0.0003379402978701432
994,protein_embedding_entity_label_shuffle_plus_exact_degree_ppi_label_shuffle,3,4,74835,0.4832558366155893,0.0010724577121740864
994,protein_embedding_entity_label_shuffle_plus_exact_degree_ppi_label_shuffle,4,>4,1129,0.45050846110742676,0.008935645851549818
995,protein_embedding_entity_label_shuffle_plus_exact_degree_ppi_label_shuffle,0,1,12724,0.5097893393142828,0.002559483193372548
995,protein_embedding_entity_label_shuffle_plus_exact_degree_ppi_label_shuffle,1,2,901839,0.50468539749857,0.0003042625704280837
995,protein_embedding_entity_label_shuffle_plus_exact_degree_ppi_label_shuffle,2,3,697982,0.4970073741844806,0.00034522240012836144
995,protein_embedding_entity_label_shuffle_plus_exact_degree_ppi_label_shuffle,3,4,80815,0.48193356404494553,0.001010446154313322
995,protein_embedding_entity_label_shuffle_plus_exact_degree_ppi_label_shuffle,4,>4,4043,0.4620902057497875,0.004374144145663799
996,protein_embedding_entity_label_shuffle_plus_exact_degree_ppi_label_shuffle,0,1,12969,0.5072967532502318,0.0025439932846388173
996,protein_embedding_entity_label_shuffle_plus_exact_degree_ppi_label_shuffle,1,2,912434,0.5014355505297097,0.0003021696802316511
996,protein_embedding_entity_label_shuffle_plus_exact_degree_ppi_label_shuffle,2,3,676788,0.49660712825106096,0.0003507385916341744
996,protein_embedding_entity_label_shuffle_plus_exact_degree_ppi_label_shuffle,3,4,84218,0.48712679926353897,0.0009780347066601597
996,protein_embedding_entity_label_shuffle_plus_exact_degree_ppi_label_shuffle,4,>4,5471,0.5785748572223935,0.0036253550071554137
997,protein_embedding_entity_label_shuffle_plus_exact_degree_ppi_label_shuffle,0,1,12838,0.4967648559300154,0.0025460439499572917
997,protein_embedding_entity_label_shuffle_plus_exact_degree_ppi_label_shuffle,1,2,888118,0.500686319806062,0.0003073164032161581
997,protein_embedding_entity_label_shuffle_plus_exact_degree_ppi_label_shuffle,2,3,705909,0.4998394386204398,0.0003430515962464706
997,protein_embedding_entity_label_shuffle_plus_exact_degree_ppi_label_shuffle,3,4,85291,0.49641369319863504,0.0009699839265608721
997,protein_embedding_entity_label_shuffle_plus_exact_degree_ppi_label_shuffle,4,>4,3405,0.47302976162664406,0.004663890756679415
998,protein_embedding_entity_label_shuffle_plus_exact_degree_ppi_label_shuffle,0,1,13024,0.5022765087719784,0.0025720397826887076
998,protein_embedding_entity_label_shuffle_plus_exact_degree_ppi_label_shuffle,1,2,883728,0.5004546952416185,0.0003076635471514883
998,protein_embedding_entity_label_shuffle_plus_exact_degree_ppi_label_shuffle,2,3,714588,0.5028821979627885,0.0003404175129203097
998,protein_embedding_entity_label_shuffle_plus_exact_degree_ppi_label_shuffle,3,4,83405,0.48972631619428736,0.000993725030555642
998,protein_embedding_entity_label_shuffle_plus_exact_degree_ppi_label_shuffle,4,>4,2658,0.4232745065437012,0.00546428361453501
999,protein_embedding_entity_label_shuffle_plus_exact_degree_ppi_label_shuffle,0,1,12701,0.5164807104995267,0.002573529447807656
999,protein_embedding_entity_label_shuffle_plus_exact_degree_ppi_label_shuffle,1,2,904942,0.5028022611225899,0.0003039709829403165
999,protein_embedding_entity_label_shuffle_plus_exact_degree_ppi_label_shuffle,2,3,693153,0.49662851704543165,0.0003473235495317043
999,protein_embedding_entity_label_shuffle_plus_exact_degree_ppi_label_shuffle,3,4,77007,0.48634263552312185,0.0010105209573890333
999,protein_embedding_entity_label_shuffle_plus_exact_degree_ppi_label_shuffle,4,>4,5917,0.5386369201573634,0.003574042748272083
1000,protein_embedding_entity_label_shuffle_plus_exact_degree_ppi_label_shuffle,0,1,12839,0.5069740963478333,0.0025388431248870003
1000,protein_embedding_entity_label_shuffle_plus_exact_degree_ppi_label_shuffle,1,2,890095,0.5052687760561054,0.00030550354814446373
1000,protein_embedding_entity_label_shuffle_plus_exact_degree_ppi_label_shuffle,2,3,708561,0.49655928963085916,0.0003441342738060176
1000,protein_embedding_entity_label_shuffle_plus_exact_degree_ppi_label_shuffle,3,4,79017,0.4803682137584971,0.0010104334230340408
1000,protein_embedding_entity_label_shuffle_plus_exact_degree_ppi_label_shuffle,4,>4,5049,0.5347083637137644,0.004155252103445878
